Protocollo;Gruppo;DataOraIncidente;Localizzazione1;STRADA1;Localizzazione2;STRADA2;Strada02;Chilometrica;DaSpecificare;NaturaIncidente;particolaritastrade;TipoStrada;FondoStradale;Pavimentazione;Segnaletica;CondizioneAtmosferica;Traffico;Visibilita;Illuminazione;NUM_FERITI;NUM_RISERVATA;NUM_MORTI;NUM_ILLESI;Longitudine;Latitudine;Confermato;Progressivo;TipoVeicolo;StatoVeicolo;TipoPersona;Sesso;Tipolesione;Deceduto;DecedutoDopo;CinturaCascoUtilizzato;Airbag;
5540644;18;03/08/2021 12:45:00;Strada Urbana;VIA DI SELVA CANDIDA;in corrispondenza;;del civico n.;118;;Veicolo in marcia contro ostacolo fisso;Curva a visuale libera;Una carreggiata a doppio senso;Asciutto;Asfaltata;Orizzontale;Sereno;Normale;Buona;;0;0;0;4;12.376;41.9269;-1;1;Autovettura privata;In marcia / fermata / arresto;Conducente;F;Illeso;0;;;
5540644;18;03/08/2021 12:45:00;Strada Urbana;VIA DI SELVA CANDIDA;in corrispondenza;;del civico n.;118;;Veicolo in marcia contro ostacolo fisso;Curva a visuale libera;Una carreggiata a doppio senso;Asciutto;Asfaltata;Orizzontale;Sereno;Normale;Buona;;0;0;0;4;12.376;41.9269;-1;1;Autovettura privata;In marcia / fermata / arresto;Passeggero;F;Illeso;0;;Non accertato;
5540644;18;03/08/2021 12:45:00;Strada Urbana;VIA DI SELVA CANDIDA;in corrispondenza;;del civico n.;118;;Veicolo in marcia contro ostacolo fisso;Curva a visuale libera;Una carreggiata a doppio senso;Asciutto;Asfaltata;Orizzontale;Sereno;Normale;Buona;;0;0;0;4;12.376;41.9269;-1;1;Autovettura privata;In marcia / fermata / arresto;Passeggero;F;Illeso;0;;Non accertato;
5540644;18;03/08/2021 12:45:00;Strada Urbana;VIA DI SELVA CANDIDA;in corrispondenza;;del civico n.;118;;Veicolo in marcia contro ostacolo fisso;Curva a visuale libera;Una carreggiata a doppio senso;Asciutto;Asfaltata;Orizzontale;Sereno;Normale;Buona;;0;0;0;4;12.376;41.9269;-1;1;Autovettura privata;In marcia / fermata / arresto;Passeggero;M;Illeso;0;;Non accertato;
5540701;7;04/08/2021 08:30:00;Strada Urbana;VIA CASILINA;all'intersezione con;VIALE PALMIRO TOGLIATTI;VIALE PALMIRO TOGLIATTI;;;Scontro laterale fra veicoli in marcia;Intersezione semaforizzata;Due carreggiate;Asciutto;Asfaltata;Verticale ed orizzontale;Sereno;Normale;Buona;;1;0;0;1;12.6212;41.8626;-1;1;Autovettura privata;In marcia / fermata / arresto;Conducente;M;Illeso;0;;Non accertato;Inesploso
5540701;7;04/08/2021 08:30:00;Strada Urbana;VIA CASILINA;all'intersezione con;VIALE PALMIRO TOGLIATTI;VIALE PALMIRO TOGLIATTI;;;Scontro laterale fra veicoli in marcia;Intersezione semaforizzata;Due carreggiate;Asciutto;Asfaltata;Verticale ed orizzontale;Sereno;Normale;Buona;;1;0;0;1;12.6212;41.8626;-1;2;Motociclo a solo;In marcia / fermata / arresto;Conducente;M;Rimandato;0;NON DECEDUTO;Non accertato;
5540710;18;03/08/2021 16:00:00;Strada Urbana;CIRCONVALLAZIONE AURELIA;in corrispondenza;;del civico n.;39;;Scontro laterale fra veicoli in marcia;Rettilineo;Due carreggiate;Asciutto;Asfaltata;Verticale ed orizzontale;Sereno;Normale;Buona;;1;0;0;1;12.4286;41.8969;-1;1;Autovettura privata;In marcia / fermata / arresto;Conducente;M;Illeso;0;;Non accertato;Inesploso
5540710;18;03/08/2021 16:00:00;Strada Urbana;CIRCONVALLAZIONE AURELIA;in corrispondenza;;del civico n.;39;;Scontro laterale fra veicoli in marcia;Rettilineo;Due carreggiate;Asciutto;Asfaltata;Verticale ed orizzontale;Sereno;Normale;Buona;;1;0;0;1;12.4286;41.8969;-1;2;Motociclo a solo;In marcia / fermata / arresto;Conducente;M;Rifiuta cure immediate;0;NON DECEDUTO;Non accertato;
5540711;2;03/08/2021 07:20:00;Strada Urbana;VIA SALARIA;da specificare;;;;alt. via Yser;Scontro laterale fra veicoli in marcia;Rettilineo;Due carreggiate;Asciutto;Asfaltata;Verticale ed orizzontale;Sereno;Normale;Buona;;1;0;0;1;12.4991;41.92;-1;1;Motociclo a solo;In marcia / fermata / arresto;Conducente;M;Illeso;0;;Non accertato;
5540711;2;03/08/2021 07:20:00;Strada Urbana;VIA SALARIA;da specificare;;;;alt. via Yser;Scontro laterale fra veicoli in marcia;Rettilineo;Due carreggiate;Asciutto;Asfaltata;Verticale ed orizzontale;Sereno;Normale;Buona;;1;0;0;1;12.4991;41.92;-1;2;Velocipede;In marcia / fermata / arresto;Conducente;M;Rimandato;0;NON DECEDUTO;Esente;
5540713;2;03/08/2021 10:45:00;Strada Urbana;VIA DI VILLA CHIGI;da specificare;;;;alt. via N. Piccinni;Scontro laterale fra veicoli in marcia;Rettilineo;Una carreggiata a doppio senso;Asciutto;Asfaltata;Verticale ed orizzontale;Sereno;Normale;Buona;;1;0;0;1;12.5143;41.9344;-1;1;Autovettura privata;In marcia / fermata / arresto;Conducente;M;Illeso;0;;;
5540713;2;03/08/2021 10:45:00;Strada Urbana;VIA DI VILLA CHIGI;da specificare;;;;alt. via N. Piccinni;Scontro laterale fra veicoli in marcia;Rettilineo;Una carreggiata a doppio senso;Asciutto;Asfaltata;Verticale ed orizzontale;Sereno;Normale;Buona;;1;0;0;1;12.5143;41.9344;-1;2;Motociclo a solo;In marcia / fermata / arresto;Conducente;M;Rimandato;0;NON DECEDUTO;;
5540716;2;03/08/2021 16:50:00;Strada Urbana;CORSO TRIESTE;in prossimit�;;del civico n.;173;;Veicolo in marcia contro ostacolo fisso;Curva a visuale libera;Una carreggiata a senso unico di marcia;Asciutto;Asfaltata;Assente;Sereno;Scarso;Buona;;0;0;0;1;12.5147;41.9235;-1;1;Autovettura privata;In marcia / fermata / arresto;Conducente;F;Illeso;0;;;
5540716;2;03/08/2021 16:50:00;Strada Urbana;CORSO TRIESTE;in prossimit�;;del civico n.;173;;Veicolo in marcia contro ostacolo fisso;Curva a visuale libera;Una carreggiata a senso unico di marcia;Asciutto;Asfaltata;Assente;Sereno;Scarso;Buona;;0;0;0;1;12.5147;41.9235;-1;2;Autovettura privata;Sosta;;;;;;;
5540716;2;03/08/2021 16:50:00;Strada Urbana;CORSO TRIESTE;in prossimit�;;del civico n.;173;;Veicolo in marcia contro ostacolo fisso;Curva a visuale libera;Una carreggiata a senso unico di marcia;Asciutto;Asfaltata;Assente;Sereno;Scarso;Buona;;0;0;0;1;12.5147;41.9235;-1;3;Autovettura privata;Sosta;;;;;;;
5540717;2;03/08/2021 18:40:00;Strada Urbana;VIA CHIANA;in prossimit�;;del civico n.;35;;Investimento di pedone;Pendenza;Due carreggiate;Asciutto;Asfaltata;Verticale;Sereno;Normale;Buona;;1;0;0;1;12.5043;41.9222;-1;;;;Pedone;M;Rimandato;0;NON DECEDUTO;;
5540717;2;03/08/2021 18:40:00;Strada Urbana;VIA CHIANA;in prossimit�;;del civico n.;35;;Investimento di pedone;Pendenza;Due carreggiate;Asciutto;Asfaltata;Verticale;Sereno;Normale;Buona;;1;0;0;1;12.5043;41.9222;-1;1;Autovettura privata;In marcia / fermata / arresto;Conducente;M;Illeso;0;;;
5540735;2;04/08/2021 00:20:00;Strada Urbana;VIA NOMENTANA;in prossimit�;;del civico n.;74;;Veicolo in marcia contro veicolo fermo;Rettilineo;Una carreggiata a doppio senso;Asciutto;Asfaltata;Verticale ed orizzontale;Sereno;Scarso;Sufficiente;;1;0;0;1;12.5117;41.9164;-1;1;Motociclo a solo;In marcia / fermata / arresto;Conducente;M;Illeso;0;;;
5540735;2;04/08/2021 00:20:00;Strada Urbana;VIA NOMENTANA;in prossimit�;;del civico n.;74;;Veicolo in marcia contro veicolo fermo;Rettilineo;Una carreggiata a doppio senso;Asciutto;Asfaltata;Verticale ed orizzontale;Sereno;Scarso;Sufficiente;;1;0;0;1;12.5117;41.9164;-1;2;Motociclo a solo;In marcia / fermata / arresto;Conducente;M;Rimandato;0;NON DECEDUTO;;
5540747;18;03/08/2021 16:20:00;Strada Urbana;LARGO LUIGI MONTI;in corrispondenza;;del civico n.;8;;Investimento di pedone;Rettilineo;Una carreggiata a senso unico di marcia;Asciutto;Asfaltata;Verticale ed orizzontale;Sereno;Normale;Buona;;1;0;0;1;12.4316;41.9022;-1;;;;Pedone;M;Rimandato;0;NON DECEDUTO;;
5540747;18;03/08/2021 16:20:00;Strada Urbana;LARGO LUIGI MONTI;in corrispondenza;;del civico n.;8;;Investimento di pedone;Rettilineo;Una carreggiata a senso unico di marcia;Asciutto;Asfaltata;Verticale ed orizzontale;Sereno;Normale;Buona;;1;0;0;1;12.4316;41.9022;-1;1;Autovettura privata;In marcia / fermata / arresto;Conducente;M;Illeso;0;;;
5540760;9;04/08/2021 09:30:00;Strada Urbana;VIA NOLA;all'intersezione semaforizzata con;VIA LA SPEZIA;VIA LA SPEZIA;;;Scontro frontale fra veicoli in marcia;Intersezione semaforizzata;Una carreggiata a doppio senso;Asciutto;Asfaltata;Verticale ed orizzontale;Sereno;Intenso;Buona;;0;0;0;2;12.5148;41.8874;-1;1;Autovettura pubblica;In marcia / fermata / arresto;Conducente;M;Illeso;0;;Non accertato;Inesploso
5540760;9;04/08/2021 09:30:00;Strada Urbana;VIA NOLA;all'intersezione semaforizzata con;VIA LA SPEZIA;VIA LA SPEZIA;;;Scontro frontale fra veicoli in marcia;Intersezione semaforizzata;Una carreggiata a doppio senso;Asciutto;Asfaltata;Verticale ed orizzontale;Sereno;Intenso;Buona;;0;0;0;2;12.5148;41.8874;-1;2;Autovettura privata;In marcia / fermata / arresto;Conducente;F;Illeso;0;;Non accertato;Inesploso
5540811;13;04/08/2021 11:15:00;Strada Urbana;VIA DEL FOSSO DI DRAGONCELLO;all'intersezione con;VIA DI CASTEL FUSANO;VIA DI CASTEL FUSANO;;;Tamponamento;Incrocio;Una carreggiata a senso unico di marcia;Asciutto;Asfaltata;Verticale;Sereno;Scarso;Buona;;0;0;0;2;12.3126;41.7447;-1;1;Autovettura privata;In marcia / fermata / arresto;Conducente;M;Illeso;0;;Non accertato;Inesploso
5540811;13;04/08/2021 11:15:00;Strada Urbana;VIA DEL FOSSO DI DRAGONCELLO;all'intersezione con;VIA DI CASTEL FUSANO;VIA DI CASTEL FUSANO;;;Tamponamento;Incrocio;Una carreggiata a senso unico di marcia;Asciutto;Asfaltata;Verticale;Sereno;Scarso;Buona;;0;0;0;2;12.3126;41.7447;-1;2;Autovettura privata;Allontanatosi;Conducente;M;Illeso;0;;;
5540825;18;03/08/2021 18:00:00;Strada Urbana;VIA DI BOCCEA;in corrispondenza;;del civico n.;472;;Tamponamento Multiplo;Rettilineo;Due carreggiate;Asciutto;Asfaltata;Verticale ed orizzontale;Sereno;Normale;Buona;;1;0;0;3;12.401;41.9098;-1;1;Autocarro inferiore 35 q.;In marcia / fermata / arresto;Conducente;M;Illeso;0;;;
5540825;18;03/08/2021 18:00:00;Strada Urbana;VIA DI BOCCEA;in corrispondenza;;del civico n.;472;;Tamponamento Multiplo;Rettilineo;Due carreggiate;Asciutto;Asfaltata;Verticale ed orizzontale;Sereno;Normale;Buona;;1;0;0;3;12.401;41.9098;-1;2;Autovettura privata;In marcia / fermata / arresto;Conducente;F;Illeso;0;;;
5540825;18;03/08/2021 18:00:00;Strada Urbana;VIA DI BOCCEA;in corrispondenza;;del civico n.;472;;Tamponamento Multiplo;Rettilineo;Due carreggiate;Asciutto;Asfaltata;Verticale ed orizzontale;Sereno;Normale;Buona;;1;0;0;3;12.401;41.9098;-1;2;Autovettura privata;In marcia / fermata / arresto;Passeggero;M;Rifiuta cure immediate;0;NON DECEDUTO;Non accertato;Inesploso
5540825;18;03/08/2021 18:00:00;Strada Urbana;VIA DI BOCCEA;in corrispondenza;;del civico n.;472;;Tamponamento Multiplo;Rettilineo;Due carreggiate;Asciutto;Asfaltata;Verticale ed orizzontale;Sereno;Normale;Buona;;1;0;0;3;12.401;41.9098;-1;3;Autovettura privata;In marcia / fermata / arresto;Conducente;M;Illeso;0;;Non accertato;Inesploso
5540845;12;03/08/2021 13:00:00;Strada Urbana;VIA CRISTOFORO COLOMBO;da specificare;;;;altezza Palo Acea n. 568;Veicolo in marcia contro veicolo in sosta;Rettilineo;Due carreggiate;Asciutto;Asfaltata;Verticale ed orizzontale;Sereno;Normale;Buona;;0;0;0;1;12.4536;41.8089;-1;1;Autovettura privata;Sosta;;;;;;;
5540845;12;03/08/2021 13:00:00;Strada Urbana;VIA CRISTOFORO COLOMBO;da specificare;;;;altezza Palo Acea n. 568;Veicolo in marcia contro veicolo in sosta;Rettilineo;Due carreggiate;Asciutto;Asfaltata;Verticale ed orizzontale;Sereno;Normale;Buona;;0;0;0;1;12.4536;41.8089;-1;2;Autovettura privata;In marcia / fermata / arresto;Conducente;M;Illeso;0;;Utilizzato;Inesploso
5540849;12;03/08/2021 15:00:00;Strada Urbana;VIALE CRISTOFORO COLOMBO;da specificare;;;;dir Ostia altezza P.le Nazioni Unite carr. lateral;Tamponamento;Rettilineo;Pi� di due carreggiate;Asciutto;Asfaltata;Verticale ed orizzontale;Sereno;Normale;Buona;;1;0;0;1;12.4715;41.8354;-1;1;Autovettura privata;In marcia / fermata / arresto;Conducente;F;Rimandato;0;NON DECEDUTO;Non accertato;Inesploso
5540849;12;03/08/2021 15:00:00;Strada Urbana;VIALE CRISTOFORO COLOMBO;da specificare;;;;dir Ostia altezza P.le Nazioni Unite carr. lateral;Tamponamento;Rettilineo;Pi� di due carreggiate;Asciutto;Asfaltata;Verticale ed orizzontale;Sereno;Normale;Buona;;1;0;0;1;12.4715;41.8354;-1;2;Autovettura privata;In marcia / fermata / arresto;Conducente;F;Illeso;0;;Non accertato;Esploso
5540858;17;04/08/2021 02:10:00;Strada Urbana;LUNGOTEVERE IN AUGUSTA;da specificare;;;;in prossimit� PONTE CAVOUR;Veicolo in marcia contro veicolo in sosta;Rettilineo;Una carreggiata a senso unico di marcia;Asciutto;Asfaltata;Verticale ed orizzontale;Sereno;Scarso;Sufficiente;;1;0;0;0;12.4751;41.9049;-1;1;Motociclo a solo;In marcia / fermata / arresto;Conducente;M;Rimandato;0;NON DECEDUTO;;
5540858;17;04/08/2021 02:10:00;Strada Urbana;LUNGOTEVERE IN AUGUSTA;da specificare;;;;in prossimit� PONTE CAVOUR;Veicolo in marcia contro veicolo in sosta;Rettilineo;Una carreggiata a senso unico di marcia;Asciutto;Asfaltata;Verticale ed orizzontale;Sereno;Scarso;Sufficiente;;1;0;0;0;12.4751;41.9049;-1;2;Autovettura privata;Sosta;;;;;;;
5540890;18;04/08/2021 01:45:00;Strada Urbana;VIA LEONE XIII;da specificare;;;;prox Via Giovanni Dominici dir. Piazza Pio XI;Veicolo in marcia contro ostacolo fisso;Rettilineo;Due carreggiate;Asciutto;Asfaltata;Verticale ed orizzontale;Sereno;Scarso;Buona;;0;0;0;1;12.4397;41.8902;-1;1;Autovettura privata;In marcia / fermata / arresto;Conducente;M;Illeso;0;;;
5540891;16;03/08/2021 12:30:00;Strada Urbana;VIA PORTUENSE;all'intersezione con;VIA DEGLI ORTI DI CESARE;VIA DEGLI ORTI DI CESARE;;;Scontro frontale/laterale DX fra veicoli in marcia;Intersezione semaforizzata;Una carreggiata a doppio senso;Asciutto;Asfaltata;Verticale ed orizzontale;Sereno;Normale;Buona;;1;0;0;1;12.414;41.8469;-1;1;Autovettura privata;In marcia / fermata / arresto;Conducente;F;Illeso;0;;Non accertato;Inesploso
5540891;16;03/08/2021 12:30:00;Strada Urbana;VIA PORTUENSE;all'intersezione con;VIA DEGLI ORTI DI CESARE;VIA DEGLI ORTI DI CESARE;;;Scontro frontale/laterale DX fra veicoli in marcia;Intersezione semaforizzata;Una carreggiata a doppio senso;Asciutto;Asfaltata;Verticale ed orizzontale;Sereno;Normale;Buona;;1;0;0;1;12.414;41.8469;-1;2;Motociclo a solo;In marcia / fermata / arresto;Conducente;M;Rimandato;0;NON DECEDUTO;Non accertato;
5540899;23;04/08/2021 09:40:00;Strada Urbana;CIRCONVALLAZIONE OSTIENSE;all'intersezione con;VIA DI S. GALLA;VIA DI S. GALLA;;;Veicolo in marcia contro veicolo in sosta;Intersezione stradale segnalata;Due carreggiate;Asciutto;Asfaltata;Verticale ed orizzontale;Sereno;Scarso;Buona;;0;0;0;0;12.4884;41.8674;-1;1;Autovettura privata;Sosta;;;;;;;
5540899;23;04/08/2021 09:40:00;Strada Urbana;CIRCONVALLAZIONE OSTIENSE;all'intersezione con;VIA DI S. GALLA;VIA DI S. GALLA;;;Veicolo in marcia contro veicolo in sosta;Intersezione stradale segnalata;Due carreggiate;Asciutto;Asfaltata;Verticale ed orizzontale;Sereno;Scarso;Buona;;0;0;0;0;12.4884;41.8674;-1;2;Autocarro inferiore 35 q.;Allontanatosi;;;;;;;
5540907;17;03/08/2021 16:20:00;Strada Urbana;VIALE ANGELICO;all'intersezione semaforizzata con;VIA SABOTINO;VIA SABOTINO;;;Scontro frontale/laterale DX fra veicoli in marcia;Intersezione semaforizzata;Pi� di due carreggiate;Asciutto;Asfaltata;Verticale ed orizzontale;Sereno;Normale;Buona;;1;0;0;1;12.4586;41.9174;-1;1;Autovettura privata;In marcia / fermata / arresto;Conducente;F;Illeso;0;;Non accertato;
5540907;17;03/08/2021 16:20:00;Strada Urbana;VIALE ANGELICO;all'intersezione semaforizzata con;VIA SABOTINO;VIA SABOTINO;;;Scontro frontale/laterale DX fra veicoli in marcia;Intersezione semaforizzata;Pi� di due carreggiate;Asciutto;Asfaltata;Verticale ed orizzontale;Sereno;Normale;Buona;;1;0;0;1;12.4586;41.9174;-1;2;Monopattino elettrico;In marcia / fermata / arresto;Conducente;M;Rimandato;0;NON DECEDUTO;Non accertato;
5540919;16;03/08/2021 16:05:00;Strada Urbana;VIALE DEI COLLI PORTUENSI;in corrispondenza;;del civico n.;382;;Tamponamento Multiplo;Rettilineo;Due carreggiate;Asciutto;Asfaltata;Verticale ed orizzontale;Sereno;Normale;Buona;;1;0;0;2;12.4438;41.865;-1;1;Motociclo a solo;In marcia / fermata / arresto;Conducente;F;Ricoverato;0;NON DECEDUTO;Non accertato;
5540919;16;03/08/2021 16:05:00;Strada Urbana;VIALE DEI COLLI PORTUENSI;in corrispondenza;;del civico n.;382;;Tamponamento Multiplo;Rettilineo;Due carreggiate;Asciutto;Asfaltata;Verticale ed orizzontale;Sereno;Normale;Buona;;1;0;0;2;12.4438;41.865;-1;2;Motociclo a solo;In marcia / fermata / arresto;Conducente;M;Illeso;0;;Non accertato;
5540919;16;03/08/2021 16:05:00;Strada Urbana;VIALE DEI COLLI PORTUENSI;in corrispondenza;;del civico n.;382;;Tamponamento Multiplo;Rettilineo;Due carreggiate;Asciutto;Asfaltata;Verticale ed orizzontale;Sereno;Normale;Buona;;1;0;0;2;12.4438;41.865;-1;3;Autovettura privata;In marcia / fermata / arresto;Conducente;F;Illeso;0;;Non accertato;Inesploso
5540928;17;04/08/2021 10:25:00;Strada Urbana;VIA DEGLI SCIPIONI;all'intersezione con;VIA VIRGINIO ORSINI;VIA VIRGINIO ORSINI;;;Scontro frontale/laterale SX fra veicoli in marcia;Incrocio;Una carreggiata a doppio senso;Asciutto;Asfaltata;Verticale ed orizzontale;Sereno;Normale;Buona;;0;0;0;2;12.4691;41.9112;0;1;Autovettura privata;In marcia / fermata / arresto;Conducente;M;Illeso;0;;;
5540928;17;04/08/2021 10:25:00;Strada Urbana;VIA DEGLI SCIPIONI;all'intersezione con;VIA VIRGINIO ORSINI;VIA VIRGINIO ORSINI;;;Scontro frontale/laterale SX fra veicoli in marcia;Incrocio;Una carreggiata a doppio senso;Asciutto;Asfaltata;Verticale ed orizzontale;Sereno;Normale;Buona;;0;0;0;2;12.4691;41.9112;0;2;Autovettura privata;In marcia / fermata / arresto;Conducente;M;Illeso;0;;;
5540935;1;04/08/2021 10:20:00;Strada Urbana;VIALE CRISTOFORO COLOMBO;in prossimit�;;del civico n.;18;;Scontro laterale fra veicoli in marcia;Rettilineo;Pi� di due carreggiate;Asciutto;Asfaltata;Verticale ed orizzontale;Sereno;Normale;Buona;;1;0;0;1;12.4967;41.8722;-1;1;Autovettura privata;In marcia / fermata / arresto;Conducente;M;Illeso;0;;Non accertato;Inesploso
5540935;1;04/08/2021 10:20:00;Strada Urbana;VIALE CRISTOFORO COLOMBO;in prossimit�;;del civico n.;18;;Scontro laterale fra veicoli in marcia;Rettilineo;Pi� di due carreggiate;Asciutto;Asfaltata;Verticale ed orizzontale;Sereno;Normale;Buona;;1;0;0;1;12.4967;41.8722;-1;2;Motociclo a solo;In marcia / fermata / arresto;Conducente;M;Rifiuta cure immediate;0;NON DECEDUTO;Non accertato;
5540953;1;04/08/2021 10:50:00;Strada Urbana;PIAZZA DELL'ESQUILINO;all'intersezione semaforizzata con;VIA CAVOUR;VIA CAVOUR;;;Scontro frontale/laterale DX fra veicoli in marcia;Intersezione semaforizzata;Una carreggiata a doppio senso;Asciutto;Asfaltata;Verticale ed orizzontale;Sereno;Normale;Buona;;1;0;0;1;12.4969;41.8982;0;1;Micromobilit� elettrica - Hoverboard;In marcia / fermata / arresto;Conducente;M;Rimandato;0;NON DECEDUTO;Non accertato;Inesploso
5540953;1;04/08/2021 10:50:00;Strada Urbana;PIAZZA DELL'ESQUILINO;all'intersezione semaforizzata con;VIA CAVOUR;VIA CAVOUR;;;Scontro frontale/laterale DX fra veicoli in marcia;Intersezione semaforizzata;Una carreggiata a doppio senso;Asciutto;Asfaltata;Verticale ed orizzontale;Sereno;Normale;Buona;;1;0;0;1;12.4969;41.8982;0;2;Autocarro inferiore 35 q.;In marcia / fermata / arresto;Conducente;M;Illeso;0;;Non accertato;Inesploso
5540985;12;04/08/2021 07:20:00;Strada Urbana;VIALE DELLA GRANDE MURAGLIA;da specificare;;;;fronte civico 484;Infortunio per caduta del veicolo;Rettilineo;Una carreggiata a doppio senso;Asciutto;Asfaltata;Verticale ed orizzontale;Sereno;Normale;Buona;;1;0;0;0;12.4463;41.8158;-1;1;Motociclo a solo;In marcia / fermata / arresto;Conducente;M;Rimandato;0;NON DECEDUTO;;
5541110;4;04/08/2021 09:25:00;Strada Urbana;VIA DI CASAL BOCCONE;da specificare;;;;fronte civ. 62;Scontro frontale/laterale DX fra veicoli in marcia;Rettilineo;Una carreggiata a doppio senso;Asciutto;Asfaltata;Verticale ed orizzontale;Sereno;Normale;Buona;;1;1;0;0;12.5572;41.9577;-1;1;Autovettura privata;In marcia / fermata / arresto;Conducente;F;Rimandato;0;NON DECEDUTO;Non accertato;Esploso
5541110;4;04/08/2021 09:25:00;Strada Urbana;VIA DI CASAL BOCCONE;da specificare;;;;fronte civ. 62;Scontro frontale/laterale DX fra veicoli in marcia;Rettilineo;Una carreggiata a doppio senso;Asciutto;Asfaltata;Verticale ed orizzontale;Sereno;Normale;Buona;;1;1;0;0;12.5572;41.9577;-1;2;Motociclo a solo;In marcia / fermata / arresto;Conducente;M;Prognosi riservata;0;NON DECEDUTO;Non accertato;
5541304;15;04/08/2021 13:00:00;Strada Urbana;VIA QUIRINO MAJORANA;all'intersezione semaforizzata con;VIA DEL FORNETTO;VIA DEL FORNETTO;;;Scontro laterale fra veicoli in marcia;Intersezione semaforizzata;Due carreggiate;Asciutto;Asfaltata;Verticale ed orizzontale;Nuvoloso;Normale;Sufficiente;;0;0;0;2;12.4621;41.8685;-1;1;Autovettura privata;In marcia / fermata / arresto;Conducente;F;Illeso;0;;Non accertato;Inesploso
5541304;15;04/08/2021 13:00:00;Strada Urbana;VIA QUIRINO MAJORANA;all'intersezione semaforizzata con;VIA DEL FORNETTO;VIA DEL FORNETTO;;;Scontro laterale fra veicoli in marcia;Intersezione semaforizzata;Due carreggiate;Asciutto;Asfaltata;Verticale ed orizzontale;Nuvoloso;Normale;Sufficiente;;0;0;0;2;12.4621;41.8685;-1;2;Autovettura privata;In marcia / fermata / arresto;Conducente;M;Illeso;0;;Non accertato;Inesploso
5541311;12;04/08/2021 13:30:00;Provinciale entro l'abitato;VIA LAURENTINA;da specificare;;;;rotatoria Tor Pagnotta direzione GRA;Scontro laterale fra veicoli in marcia;Rotatoria;Due carreggiate;Asciutto;Asfaltata;Verticale ed orizzontale;Sereno;Normale;Buona;;0;0;0;4;12.4819;41.8036;-1;1;Autovettura privata;In marcia / fermata / arresto;Conducente;F;Illeso;0;;Non accertato;Inesploso
5541311;12;04/08/2021 13:30:00;Provinciale entro l'abitato;VIA LAURENTINA;da specificare;;;;rotatoria Tor Pagnotta direzione GRA;Scontro laterale fra veicoli in marcia;Rotatoria;Due carreggiate;Asciutto;Asfaltata;Verticale ed orizzontale;Sereno;Normale;Buona;;0;0;0;4;12.4819;41.8036;-1;1;Autovettura privata;In marcia / fermata / arresto;Passeggero;F;Illeso;0;;Non accertato;Inesploso
5541311;12;04/08/2021 13:30:00;Provinciale entro l'abitato;VIA LAURENTINA;da specificare;;;;rotatoria Tor Pagnotta direzione GRA;Scontro laterale fra veicoli in marcia;Rotatoria;Due carreggiate;Asciutto;Asfaltata;Verticale ed orizzontale;Sereno;Normale;Buona;;0;0;0;4;12.4819;41.8036;-1;1;Autovettura privata;In marcia / fermata / arresto;Passeggero;F;Illeso;0;;Non accertato;Inesploso
5541311;12;04/08/2021 13:30:00;Provinciale entro l'abitato;VIA LAURENTINA;da specificare;;;;rotatoria Tor Pagnotta direzione GRA;Scontro laterale fra veicoli in marcia;Rotatoria;Due carreggiate;Asciutto;Asfaltata;Verticale ed orizzontale;Sereno;Normale;Buona;;0;0;0;4;12.4819;41.8036;-1;2;Motociclo a solo;In marcia / fermata / arresto;Conducente;M;Illeso;0;;Non accertato;
5541314;15;04/08/2021 12:30:00;Strada Urbana;VIA LEONARDO GREPPI;all'intersezione con;VIA GUGLIELMO MENGARINI;VIA GUGLIELMO MENGARINI;;;Scontro laterale fra veicoli in marcia;Intersezione stradale segnalata;Una carreggiata a doppio senso;Asciutto;Asfaltata;Orizzontale;Sereno;Normale;Buona;;2;0;0;1;12.4588;41.8628;-1;1;Autovettura privata;In marcia / fermata / arresto;Conducente;M;Illeso;0;;Non accertato;Inesploso
5541314;15;04/08/2021 12:30:00;Strada Urbana;VIA LEONARDO GREPPI;all'intersezione con;VIA GUGLIELMO MENGARINI;VIA GUGLIELMO MENGARINI;;;Scontro laterale fra veicoli in marcia;Intersezione stradale segnalata;Una carreggiata a doppio senso;Asciutto;Asfaltata;Orizzontale;Sereno;Normale;Buona;;2;0;0;1;12.4588;41.8628;-1;2;Motociclo con passeggero;In marcia / fermata / arresto;Conducente;M;Rimandato;0;NON DECEDUTO;Non utilizzato;
5541314;15;04/08/2021 12:30:00;Strada Urbana;VIA LEONARDO GREPPI;all'intersezione con;VIA GUGLIELMO MENGARINI;VIA GUGLIELMO MENGARINI;;;Scontro laterale fra veicoli in marcia;Intersezione stradale segnalata;Una carreggiata a doppio senso;Asciutto;Asfaltata;Orizzontale;Sereno;Normale;Buona;;2;0;0;1;12.4588;41.8628;-1;2;Motociclo con passeggero;In marcia / fermata / arresto;Passeggero;M;Rimandato;0;NON DECEDUTO;Non accertato;
5541329;15;04/08/2021 12:00:00;Strada Urbana;VIA PIETRO VENTURI;in corrispondenza;;del civico n.;34;;Veicolo in marcia contro veicolo in sosta;Curva a visuale libera;Una carreggiata a senso unico di marcia;Asciutto;Asfaltata;Verticale ed orizzontale;Sereno;Normale;Buona;;0;0;0;1;12.4515;41.8578;-1;1;Autovettura privata;Sosta;;;;;;;