Protocollo;Gruppo;DataOraIncidente;Localizzazione1;STRADA1;Localizzazione2;STRADA2;Strada02;Chilometrica;DaSpecificare;NaturaIncidente;particolaritastrade;TipoStrada;FondoStradale;Pavimentazione;Segnaletica;CondizioneAtmosferica;Traffico;Visibilita;Illuminazione;NUM_FERITI;NUM_RISERVATA;NUM_MORTI;NUM_ILLESI;Longitudine;Latitudine;Confermato;Progressivo;TipoVeicolo;StatoVeicolo;TipoPersona;Sesso;Tipolesione;Deceduto;DecedutoDopo;CinturaCascoUtilizzato;Airbag;
5543295;1;05/08/2021 19:00:00;Strada Urbana;PIAZZA DI S. CHIARA;all'intersezione con;VIA DI TORRE ARGENTINA;VIA DI TORRE ARGENTINA;;;Scontro laterale fra veicoli in marcia;Intersezione stradale segnalata;Una carreggiata a senso unico di marcia;Asciutto;In cubetti di porfido;Verticale ed orizzontale;Sereno;Normale;Sufficiente;;0;0;0;2;12.4764;41.8976;0;1;Autocarro inferiore 35 q.;In marcia / fermata / arresto;Conducente;M;Illeso;0;;Non accertato;Inesploso
5543295;1;05/08/2021 19:00:00;Strada Urbana;PIAZZA DI S. CHIARA;all'intersezione con;VIA DI TORRE ARGENTINA;VIA DI TORRE ARGENTINA;;;Scontro laterale fra veicoli in marcia;Intersezione stradale segnalata;Una carreggiata a senso unico di marcia;Asciutto;In cubetti di porfido;Verticale ed orizzontale;Sereno;Normale;Sufficiente;;0;0;0;2;12.4764;41.8976;0;2;Autovettura privata;In marcia / fermata / arresto;Conducente;M;Illeso;0;;Non accertato;Inesploso
5543297;12;05/08/2021 17:05:00;Statale;VIA PONTINA;in prossimit�;;della chilometrica;13.3;;Tamponamento;Rettilineo;Pi� di due carreggiate;Asciutto;Asfaltata;Verticale ed orizzontale;Sereno;Intenso;Buona;;2;0;0;1;12.4515;41.7938;-1;1;Autovettura privata;In marcia / fermata / arresto;Conducente;M;Rimandato;0;NON DECEDUTO;;
5543297;12;05/08/2021 17:05:00;Statale;VIA PONTINA;in prossimit�;;della chilometrica;13.3;;Tamponamento;Rettilineo;Pi� di due carreggiate;Asciutto;Asfaltata;Verticale ed orizzontale;Sereno;Intenso;Buona;;2;0;0;1;12.4515;41.7938;-1;1;Autovettura privata;In marcia / fermata / arresto;Passeggero;F;Rimandato;0;NON DECEDUTO;;
5543297;12;05/08/2021 17:05:00;Statale;VIA PONTINA;in prossimit�;;della chilometrica;13.3;;Tamponamento;Rettilineo;Pi� di due carreggiate;Asciutto;Asfaltata;Verticale ed orizzontale;Sereno;Intenso;Buona;;2;0;0;1;12.4515;41.7938;-1;2;Autovettura privata;In marcia / fermata / arresto;Conducente;M;Illeso;0;;Non accertato;Inesploso
5543306;12;05/08/2021 17:35:00;Provinciale entro l'abitato;VIA PONTINA;in corrispondenza;;della chilometrica;13;;Scontro laterale fra veicoli in marcia;Rettilineo;Una carreggiata a senso unico di marcia;Asciutto;Asfaltata;Verticale ed orizzontale;Sereno;Normale;Buona;;0;0;0;3;12.4522;41.794;-1;1;Autocarro superiore 35 q.;In marcia / fermata / arresto;Conducente;M;Illeso;0;;;
5543306;12;05/08/2021 17:35:00;Provinciale entro l'abitato;VIA PONTINA;in corrispondenza;;della chilometrica;13;;Scontro laterale fra veicoli in marcia;Rettilineo;Una carreggiata a senso unico di marcia;Asciutto;Asfaltata;Verticale ed orizzontale;Sereno;Normale;Buona;;0;0;0;3;12.4522;41.794;-1;2;Autovettura privata;In marcia / fermata / arresto;Conducente;M;Illeso;0;;;
5543306;12;05/08/2021 17:35:00;Provinciale entro l'abitato;VIA PONTINA;in corrispondenza;;della chilometrica;13;;Scontro laterale fra veicoli in marcia;Rettilineo;Una carreggiata a senso unico di marcia;Asciutto;Asfaltata;Verticale ed orizzontale;Sereno;Normale;Buona;;0;0;0;3;12.4522;41.794;-1;2;Autovettura privata;In marcia / fermata / arresto;Passeggero;F;Illeso;0;;;
5543329;1;05/08/2021 23:30:00;Strada Urbana;VIA DRUSO;da specificare;;;;a circa 15m. prima dell'intersezione;Veicolo in marcia contro ostacolo accidentale;Curva a visuale libera;Una carreggiata a doppio senso;Asciutto;Asfaltata;Verticale ed orizzontale;Nuvoloso;Normale;Buona;;0;0;0;1;12.4972;41.8813;0;1;Motociclo a solo;In marcia / fermata / arresto;Conducente;M;Illeso;0;;Non accertato;
5543343;6;05/08/2021 07:30:00;Strada Urbana;VIA PRENESTINA;da specificare;;;;in prossimit� incrocio Viale Telese;Tamponamento;Rettilineo;Pi� di due carreggiate;Asciutto;Asfaltata;Verticale ed orizzontale;Sereno;Normale;Buona;;0;0;0;1;12.547;41.8931;-1;1;Autovettura privata;In marcia / fermata / arresto;Conducente;M;Illeso;0;;Non accertato;Inesploso
5543343;6;05/08/2021 07:30:00;Strada Urbana;VIA PRENESTINA;da specificare;;;;in prossimit� incrocio Viale Telese;Tamponamento;Rettilineo;Pi� di due carreggiate;Asciutto;Asfaltata;Verticale ed orizzontale;Sereno;Normale;Buona;;0;0;0;1;12.547;41.8931;-1;2;Autovettura privata;In marcia / fermata / arresto;;;;;;;
5543358;4;05/08/2021 12:10:00;Strada Urbana;VIA SANT'ANGELO IN VADO;all'intersezione con;VIA FORNACE VIGNOLO;VIA FORNACE VIGNOLO;;;Scontro frontale fra veicoli in marcia;Intersezione stradale segnalata;Una carreggiata a senso unico di marcia;Asciutto;Asfaltata;Verticale ed orizzontale;Sereno;Normale;Buona;;0;0;0;2;12.5085;41.9925;-1;1;Autovettura privata;In marcia / fermata / arresto;Conducente;M;Illeso;0;;;
5543358;4;05/08/2021 12:10:00;Strada Urbana;VIA SANT'ANGELO IN VADO;all'intersezione con;VIA FORNACE VIGNOLO;VIA FORNACE VIGNOLO;;;Scontro frontale fra veicoli in marcia;Intersezione stradale segnalata;Una carreggiata a senso unico di marcia;Asciutto;Asfaltata;Verticale ed orizzontale;Sereno;Normale;Buona;;0;0;0;2;12.5085;41.9925;-1;2;Autovettura privata;In marcia / fermata / arresto;Conducente;M;Illeso;0;;;
5543397;7;06/08/2021 09:45:00;Strada Urbana;VIA DEI GELSI;all'intersezione con;VIA DEI CICLAMINI;VIA DEI CICLAMINI;;;Scontro frontale/laterale SX fra veicoli in marcia;Incrocio;Due carreggiate;Asciutto;Asfaltata;Verticale ed orizzontale;Sereno;Normale;Buona;;0;0;0;3;12.5672;41.8889;-1;1;Autocarro inferiore 35 q.;In marcia / fermata / arresto;Conducente;M;Illeso;0;;Non accertato;Inesploso
5543397;7;06/08/2021 09:45:00;Strada Urbana;VIA DEI GELSI;all'intersezione con;VIA DEI CICLAMINI;VIA DEI CICLAMINI;;;Scontro frontale/laterale SX fra veicoli in marcia;Incrocio;Due carreggiate;Asciutto;Asfaltata;Verticale ed orizzontale;Sereno;Normale;Buona;;0;0;0;3;12.5672;41.8889;-1;2;Autovettura privata;In marcia / fermata / arresto;Conducente;M;Illeso;0;;Non accertato;Inesploso
5543397;7;06/08/2021 09:45:00;Strada Urbana;VIA DEI GELSI;all'intersezione con;VIA DEI CICLAMINI;VIA DEI CICLAMINI;;;Scontro frontale/laterale SX fra veicoli in marcia;Incrocio;Due carreggiate;Asciutto;Asfaltata;Verticale ed orizzontale;Sereno;Normale;Buona;;0;0;0;3;12.5672;41.8889;-1;3;Autovettura privata;In marcia / fermata / arresto;Conducente;M;Illeso;0;;Non accertato;Inesploso
5543421;2;06/08/2021 09:15:00;Strada Urbana;VIA LUIGI BELLOTTI BON;all'intersezione con;VIA ELEONORA DUSE;VIA ELEONORA DUSE;;;Scontro frontale/laterale DX fra veicoli in marcia;Incrocio;Una carreggiata a senso unico di marcia;Asciutto;Asfaltata;Verticale ed orizzontale;Sereno;Normale;Buona;;0;0;0;3;12.4919;41.9284;-1;1;Autovettura privata;In marcia / fermata / arresto;Conducente;M;Illeso;0;;Non accertato;Inesploso
5543421;2;06/08/2021 09:15:00;Strada Urbana;VIA LUIGI BELLOTTI BON;all'intersezione con;VIA ELEONORA DUSE;VIA ELEONORA DUSE;;;Scontro frontale/laterale DX fra veicoli in marcia;Incrocio;Una carreggiata a senso unico di marcia;Asciutto;Asfaltata;Verticale ed orizzontale;Sereno;Normale;Buona;;0;0;0;3;12.4919;41.9284;-1;2;Autovettura privata;In marcia / fermata / arresto;Conducente;M;Illeso;0;;Non accertato;Inesploso
5543421;2;06/08/2021 09:15:00;Strada Urbana;VIA LUIGI BELLOTTI BON;all'intersezione con;VIA ELEONORA DUSE;VIA ELEONORA DUSE;;;Scontro frontale/laterale DX fra veicoli in marcia;Incrocio;Una carreggiata a senso unico di marcia;Asciutto;Asfaltata;Verticale ed orizzontale;Sereno;Normale;Buona;;0;0;0;3;12.4919;41.9284;-1;2;Autovettura privata;In marcia / fermata / arresto;Passeggero;F;Illeso;0;;Non accertato;Inesploso
5543446;12;06/08/2021 07:00:00;Strada Urbana;VIA OSTIENSE;all'intersezione con;VIA DEL FOSSO DEL TORRINO;VIA DEL FOSSO DEL TORRINO;;;Scontro laterale fra veicoli in marcia;Incrocio;Una carreggiata a doppio senso;Asciutto;Asfaltata;Verticale ed orizzontale;Sereno;Normale;Buona;;1;0;0;1;12.4327;41.8169;-1;1;Autovettura privata;In marcia / fermata / arresto;Conducente;M;Illeso;0;;Non accertato;Inesploso
5543446;12;06/08/2021 07:00:00;Strada Urbana;VIA OSTIENSE;all'intersezione con;VIA DEL FOSSO DEL TORRINO;VIA DEL FOSSO DEL TORRINO;;;Scontro laterale fra veicoli in marcia;Incrocio;Una carreggiata a doppio senso;Asciutto;Asfaltata;Verticale ed orizzontale;Sereno;Normale;Buona;;1;0;0;1;12.4327;41.8169;-1;2;Motociclo con passeggero;In marcia / fermata / arresto;Conducente;M;Rimandato;0;NON DECEDUTO;Non accertato;
5543457;16;04/08/2021 23:25:00;;VIALE DEI COLLI PORTUENSI;in prossimit�;;del civico n.;477;;Scontro laterale fra veicoli in marcia;;;;;;;;;;0;0;0;3;;;0;1;Autovettura privata;In marcia / fermata / arresto;Conducente;M;Illeso;0;;;
5543457;16;04/08/2021 23:25:00;;VIALE DEI COLLI PORTUENSI;in prossimit�;;del civico n.;477;;Scontro laterale fra veicoli in marcia;;;;;;;;;;0;0;0;3;;;0;1;Autovettura privata;In marcia / fermata / arresto;Passeggero;M;Illeso;0;;;
5543457;16;04/08/2021 23:25:00;;VIALE DEI COLLI PORTUENSI;in prossimit�;;del civico n.;477;;Scontro laterale fra veicoli in marcia;;;;;;;;;;0;0;0;3;;;0;2;Autovettura privata;In marcia / fermata / arresto;Conducente;M;Illeso;0;;;
5543548;4;05/08/2021 04:20:00;Strada Urbana;VIALE JONIO;all'intersezione semaforizzata con;VIA MATTEO BANDELLO;VIA MATTEO BANDELLO;;;Veicolo in marcia contro ostacolo fisso;Intersezione semaforizzata;Pi� di due carreggiate;Asciutto;Asfaltata;Verticale ed orizzontale;Sereno;Scarso;Sufficiente;;0;0;0;1;12.5361;41.9442;-1;1;Autovettura privata;In marcia / fermata / arresto;Conducente;M;Illeso;0;;;
5543550;23;05/08/2021 09:55:00;Strada Urbana;VIA MAIELLA;in corrispondenza;;del civico n.;1;;Veicolo in marcia contro veicolo fermo;Rettilineo;Una carreggiata a senso unico di marcia;Asciutto;Asfaltata;Verticale ed orizzontale;Sereno;Normale;Buona;;0;0;0;3;12.5346;41.9352;-1;1;Autocarro superiore 35 q.;In marcia / fermata / arresto;Conducente;M;Illeso;0;;Non accertato;Inesploso
5543550;23;05/08/2021 09:55:00;Strada Urbana;VIA MAIELLA;in corrispondenza;;del civico n.;1;;Veicolo in marcia contro veicolo fermo;Rettilineo;Una carreggiata a senso unico di marcia;Asciutto;Asfaltata;Verticale ed orizzontale;Sereno;Normale;Buona;;0;0;0;3;12.5346;41.9352;-1;2;Autovettura di polizia;In marcia / fermata / arresto;Conducente;M;Illeso;0;;Non accertato;Inesploso
5543550;23;05/08/2021 09:55:00;Strada Urbana;VIA MAIELLA;in corrispondenza;;del civico n.;1;;Veicolo in marcia contro veicolo fermo;Rettilineo;Una carreggiata a senso unico di marcia;Asciutto;Asfaltata;Verticale ed orizzontale;Sereno;Normale;Buona;;0;0;0;3;12.5346;41.9352;-1;2;Autovettura di polizia;In marcia / fermata / arresto;Passeggero;M;Illeso;0;;Non accertato;Inesploso
5543568;6;06/08/2021 12:00:00;Strada Urbana;VIA ROBERTO MALATESTA;in corrispondenza;;del civico n.;12;;Scontro frontale/laterale DX fra veicoli in marcia;Rettilineo;Due carreggiate;Asciutto;Asfaltata;Orizzontale;Sereno;Normale;Buona;;0;0;0;2;12.5356;41.8875;-1;1;Autovettura privata;In marcia / fermata / arresto;Conducente;M;Illeso;0;;Non accertato;Inesploso
5543568;6;06/08/2021 12:00:00;Strada Urbana;VIA ROBERTO MALATESTA;in corrispondenza;;del civico n.;12;;Scontro frontale/laterale DX fra veicoli in marcia;Rettilineo;Due carreggiate;Asciutto;Asfaltata;Orizzontale;Sereno;Normale;Buona;;0;0;0;2;12.5356;41.8875;-1;2;Autocarro inferiore 35 q.;In marcia / fermata / arresto;Conducente;M;Illeso;0;;Non accertato;Inesploso
5543569;6;06/08/2021 07:40:00;Strada Urbana;VIALE DELLA VENEZIA GIULIA;in prossimit�;;del civico n.;81;;Veicolo in marcia contro veicolo arresto;Rettilineo;Una carreggiata a doppio senso;Asciutto;Asfaltata;Orizzontale;Sereno;Normale;Buona;;1;0;0;1;12.5561;41.8966;-1;1;Autovettura privata;In marcia / fermata / arresto;Conducente;F;Rimandato;0;NON DECEDUTO;Non accertato;Inesploso
5543569;6;06/08/2021 07:40:00;Strada Urbana;VIALE DELLA VENEZIA GIULIA;in prossimit�;;del civico n.;81;;Veicolo in marcia contro veicolo arresto;Rettilineo;Una carreggiata a doppio senso;Asciutto;Asfaltata;Orizzontale;Sereno;Normale;Buona;;1;0;0;1;12.5561;41.8966;-1;2;Autovettura privata;In marcia / fermata / arresto;Conducente;M;Illeso;0;;Non accertato;Inesploso
5543579;19;05/08/2021 13:00:00;Strada Urbana;VIA DELLA PINETA SACCHETTI;all'intersezione con;VIA EMMA PERODI;VIA EMMA PERODI;;;Scontro frontale/laterale SX fra veicoli in marcia;Incrocio;Due carreggiate;Asciutto;Asfaltata;Orizzontale;Sereno;Normale;Buona;;0;0;0;2;12.4265;41.9285;-1;1;Motociclo a solo;In marcia / fermata / arresto;Conducente;M;Illeso;0;;Non accertato;
5543579;19;05/08/2021 13:00:00;Strada Urbana;VIA DELLA PINETA SACCHETTI;all'intersezione con;VIA EMMA PERODI;VIA EMMA PERODI;;;Scontro frontale/laterale SX fra veicoli in marcia;Incrocio;Due carreggiate;Asciutto;Asfaltata;Orizzontale;Sereno;Normale;Buona;;0;0;0;2;12.4265;41.9285;-1;2;Autovettura privata;In marcia / fermata / arresto;Conducente;F;Illeso;0;;Non accertato;Inesploso
5543620;4;04/08/2021 23:30:00;Strada Urbana;PIAZZA MENENIO AGRIPPA;all'intersezione con;VIA MONTE SUBASIO;VIA MONTE SUBASIO;;;Veicolo in marcia contro ostacolo fisso;Intersezione semaforizzata;Una carreggiata a senso unico di marcia;Asciutto;Asfaltata;Verticale ed orizzontale;Sereno;Normale;Buona;;0;0;0;2;12.5358;41.9349;-1;1;Autovettura di polizia;In marcia / fermata / arresto;Conducente;M;Illeso;0;;;
5543620;4;04/08/2021 23:30:00;Strada Urbana;PIAZZA MENENIO AGRIPPA;all'intersezione con;VIA MONTE SUBASIO;VIA MONTE SUBASIO;;;Veicolo in marcia contro ostacolo fisso;Intersezione semaforizzata;Una carreggiata a senso unico di marcia;Asciutto;Asfaltata;Verticale ed orizzontale;Sereno;Normale;Buona;;0;0;0;2;12.5358;41.9349;-1;1;Autovettura di polizia;In marcia / fermata / arresto;Passeggero;M;Illeso;0;;;
5543632;16;05/08/2021 07:00:00;Strada Urbana;VIA LEONE XIII;da specificare;;;;fronte fermata ATAC 72269 (Bel Respiro);Scontro laterale fra veicoli in marcia;Rettilineo;Due carreggiate;Asciutto;Asfaltata;Verticale;Sereno;Scarso;Buona;;0;0;0;3;12.4404;41.8869;-1;1;Autocarro inferiore 35 q.;In marcia / fermata / arresto;Conducente;M;Illeso;0;;Non accertato;Inesploso
5543632;16;05/08/2021 07:00:00;Strada Urbana;VIA LEONE XIII;da specificare;;;;fronte fermata ATAC 72269 (Bel Respiro);Scontro laterale fra veicoli in marcia;Rettilineo;Due carreggiate;Asciutto;Asfaltata;Verticale;Sereno;Scarso;Buona;;0;0;0;3;12.4404;41.8869;-1;2;Autovettura privata;In marcia / fermata / arresto;Conducente;F;Illeso;0;;Non accertato;Inesploso
5543632;16;05/08/2021 07:00:00;Strada Urbana;VIA LEONE XIII;da specificare;;;;fronte fermata ATAC 72269 (Bel Respiro);Scontro laterale fra veicoli in marcia;Rettilineo;Due carreggiate;Asciutto;Asfaltata;Verticale;Sereno;Scarso;Buona;;0;0;0;3;12.4404;41.8869;-1;3;Autovettura privata;In marcia / fermata / arresto;Conducente;M;Illeso;0;;Non accertato;Inesploso
5543642;16;06/08/2021 00:30:00;Strada Urbana;VIA AURELIA ANTICA;in prossimit�;;del civico n.;284;;Scontro frontale fra veicoli in marcia;Rettilineo;Una carreggiata a doppio senso;Asciutto;Asfaltata;Orizzontale;Sereno;Normale;Buona;;6;0;0;6;12.4375;41.8897;-1;1;Motociclo a solo;In marcia / fermata / arresto;Conducente;M;Ricoverato;0;NON DECEDUTO;Non accertato;
5543642;16;06/08/2021 00:30:00;Strada Urbana;VIA AURELIA ANTICA;in prossimit�;;del civico n.;284;;Scontro frontale fra veicoli in marcia;Rettilineo;Una carreggiata a doppio senso;Asciutto;Asfaltata;Orizzontale;Sereno;Normale;Buona;;6;0;0;6;12.4375;41.8897;-1;1;Motociclo a solo;In marcia / fermata / arresto;Passeggero;F;Ricoverato;0;NON DECEDUTO;Non accertato;
5543642;16;06/08/2021 00:30:00;Strada Urbana;VIA AURELIA ANTICA;in prossimit�;;del civico n.;284;;Scontro frontale fra veicoli in marcia;Rettilineo;Una carreggiata a doppio senso;Asciutto;Asfaltata;Orizzontale;Sereno;Normale;Buona;;6;0;0;6;12.4375;41.8897;-1;2;Autovettura privata;In marcia / fermata / arresto;Conducente;M;Rimandato;0;NON DECEDUTO;Non accertato;
5543642;16;06/08/2021 00:30:00;Strada Urbana;VIA AURELIA ANTICA;in prossimit�;;del civico n.;284;;Scontro frontale fra veicoli in marcia;Rettilineo;Una carreggiata a doppio senso;Asciutto;Asfaltata;Orizzontale;Sereno;Normale;Buona;;6;0;0;6;12.4375;41.8897;-1;2;Autovettura privata;In marcia / fermata / arresto;Passeggero;M;Illeso;0;;Non accertato;
5543642;16;06/08/2021 00:30:00;Strada Urbana;VIA AURELIA ANTICA;in prossimit�;;del civico n.;284;;Scontro frontale fra veicoli in marcia;Rettilineo;Una carreggiata a doppio senso;Asciutto;Asfaltata;Orizzontale;Sereno;Normale;Buona;;6;0;0;6;12.4375;41.8897;-1;2;Autovettura privata;In marcia / fermata / arresto;Passeggero;M;Illeso;0;;Non accertato;
5543642;16;06/08/2021 00:30:00;Strada Urbana;VIA AURELIA ANTICA;in prossimit�;;del civico n.;284;;Scontro frontale fra veicoli in marcia;Rettilineo;Una carreggiata a doppio senso;Asciutto;Asfaltata;Orizzontale;Sereno;Normale;Buona;;6;0;0;6;12.4375;41.8897;-1;2;Autovettura privata;In marcia / fermata / arresto;Passeggero;M;Illeso;0;;Non accertato;
5543642;16;06/08/2021 00:30:00;Strada Urbana;VIA AURELIA ANTICA;in prossimit�;;del civico n.;284;;Scontro frontale fra veicoli in marcia;Rettilineo;Una carreggiata a doppio senso;Asciutto;Asfaltata;Orizzontale;Sereno;Normale;Buona;;6;0;0;6;12.4375;41.8897;-1;3;Autovettura privata;In marcia / fermata / arresto;Conducente;M;Rimandato;0;NON DECEDUTO;Non accertato;
5543642;16;06/08/2021 00:30:00;Strada Urbana;VIA AURELIA ANTICA;in prossimit�;;del civico n.;284;;Scontro frontale fra veicoli in marcia;Rettilineo;Una carreggiata a doppio senso;Asciutto;Asfaltata;Orizzontale;Sereno;Normale;Buona;;6;0;0;6;12.4375;41.8897;-1;3;Autovettura privata;In marcia / fermata / arresto;Passeggero;F;Illeso;0;;Non accertato;
5543642;16;06/08/2021 00:30:00;Strada Urbana;VIA AURELIA ANTICA;in prossimit�;;del civico n.;284;;Scontro frontale fra veicoli in marcia;Rettilineo;Una carreggiata a doppio senso;Asciutto;Asfaltata;Orizzontale;Sereno;Normale;Buona;;6;0;0;6;12.4375;41.8897;-1;3;Autovettura privata;In marcia / fermata / arresto;Passeggero;M;Illeso;0;;Non accertato;
5543642;16;06/08/2021 00:30:00;Strada Urbana;VIA AURELIA ANTICA;in prossimit�;;del civico n.;284;;Scontro frontale fra veicoli in marcia;Rettilineo;Una carreggiata a doppio senso;Asciutto;Asfaltata;Orizzontale;Sereno;Normale;Buona;;6;0;0;6;12.4375;41.8897;-1;4;Motociclo a solo;In marcia / fermata / arresto;Conducente;F;Rimandato;0;NON DECEDUTO;Non accertato;
5543642;16;06/08/2021 00:30:00;Strada Urbana;VIA AURELIA ANTICA;in prossimit�;;del civico n.;284;;Scontro frontale fra veicoli in marcia;Rettilineo;Una carreggiata a doppio senso;Asciutto;Asfaltata;Orizzontale;Sereno;Normale;Buona;;6;0;0;6;12.4375;41.8897;-1;5;Motociclo a solo;In marcia / fermata / arresto;Conducente;M;Rimandato;0;NON DECEDUTO;Non accertato;
5543645;19;06/08/2021 02:10:00;Strada Urbana;VIA DEI MONTI DI PRIMAVALLE;all'intersezione con;PIAZZA CLEMENTE XI;PIAZZA CLEMENTE XI;;;Veicolo in marcia contro veicolo in sosta;Rotatoria;Una carreggiata a doppio senso;Asciutto;Asfaltata;Verticale ed orizzontale;Sereno;Scarso;Buona;;0;0;0;2;12.4146;41.9139;-1;1;Autovettura di polizia;In marcia / fermata / arresto;Conducente;M;Illeso;0;;Non accertato;Inesploso
5543645;19;06/08/2021 02:10:00;Strada Urbana;VIA DEI MONTI DI PRIMAVALLE;all'intersezione con;PIAZZA CLEMENTE XI;PIAZZA CLEMENTE XI;;;Veicolo in marcia contro veicolo in sosta;Rotatoria;Una carreggiata a doppio senso;Asciutto;Asfaltata;Verticale ed orizzontale;Sereno;Scarso;Buona;;0;0;0;2;12.4146;41.9139;-1;1;Autovettura di polizia;In marcia / fermata / arresto;Passeggero;M;Illeso;0;;Non accertato;Inesploso
5543645;19;06/08/2021 02:10:00;Strada Urbana;VIA DEI MONTI DI PRIMAVALLE;all'intersezione con;PIAZZA CLEMENTE XI;PIAZZA CLEMENTE XI;;;Veicolo in marcia contro veicolo in sosta;Rotatoria;Una carreggiata a doppio senso;Asciutto;Asfaltata;Verticale ed orizzontale;Sereno;Scarso;Buona;;0;0;0;2;12.4146;41.9139;-1;2;Autovettura privata;Sosta;;;;;;;
5543646;16;05/08/2021 08:40:00;Strada Urbana;VICOLO DELLA SERPE;in prossimit�;;del civico n.;23;;Veicolo in marcia contro veicoli in sosta;Curva a visuale libera;Una carreggiata a senso unico di marcia;Asciutto;Asfaltata;Verticale;Sereno;Normale;Buona;;0;0;0;1;12.4497;41.8596;-1;1;Autovettura privata;Sosta;;;;;;;
5543646;16;05/08/2021 08:40:00;Strada Urbana;VICOLO DELLA SERPE;in prossimit�;;del civico n.;23;;Veicolo in marcia contro veicoli in sosta;Curva a visuale libera;Una carreggiata a senso unico di marcia;Asciutto;Asfaltata;Verticale;Sereno;Normale;Buona;;0;0;0;1;12.4497;41.8596;-1;2;Autovettura privata;Sosta;;;;;;;
5543646;16;05/08/2021 08:40:00;Strada Urbana;VICOLO DELLA SERPE;in prossimit�;;del civico n.;23;;Veicolo in marcia contro veicoli in sosta;Curva a visuale libera;Una carreggiata a senso unico di marcia;Asciutto;Asfaltata;Verticale;Sereno;Normale;Buona;;0;0;0;1;12.4497;41.8596;-1;3;Autovettura privata;In marcia / fermata / arresto;Conducente;M;Illeso;0;;;
5543667;16;05/08/2021 09:45:00;Strada Urbana;VIALE DI VILLA PAMPHILI;in corrispondenza;;del civico n.;F.C.79;;Scontro frontale/laterale DX fra veicoli in marcia;Rettilineo;Una carreggiata a doppio senso;Asciutto;Asfaltata;Verticale ed orizzontale;Sereno;Scarso;Buona;;0;0;0;2;12.4566;41.8806;-1;1;Autovettura privata;In marcia / fermata / arresto;Conducente;F;Illeso;0;;Non accertato;Inesploso
5543667;16;05/08/2021 09:45:00;Strada Urbana;VIALE DI VILLA PAMPHILI;in corrispondenza;;del civico n.;F.C.79;;Scontro frontale/laterale DX fra veicoli in marcia;Rettilineo;Una carreggiata a doppio senso;Asciutto;Asfaltata;Verticale ed orizzontale;Sereno;Scarso;Buona;;0;0;0;2;12.4566;41.8806;-1;2;Autovettura privata;In marcia / fermata / arresto;Conducente;M;Illeso;0;;Non accertato;Inesploso
5543677;9;06/08/2021 07:45:00;Strada Urbana;VIA MARMORATA;da specificare;;;;prossimit� Porta San Paolo;Veicolo in marcia contro ostacolo accidentale;Rettilineo;Una carreggiata a doppio senso;Viscido da liquidi oleosi;Asfaltata;Verticale ed orizzontale;Sereno;Normale;Buona;;1;0;0;0;12.4785;41.8797;-1;1;Motociclo a solo;In marcia / fermata / arresto;Conducente;F;Rimandato;0;NON DECEDUTO;Non accertato;
5543724;1;06/08/2021 11:20:00;;LUNGOTEVERE ARNALDO DA BRESCIA;all'intersezione con;VIA FERDINANDO DI SAVOIA;VIA FERDINANDO DI SAVOIA;;;Tamponamento;;;;;;;;;;0;0;0;1;12.4726;41.9122;0;1;Autovettura privata;In marcia / fermata / arresto;Conducente;;Illeso;0;;;
5543724;1;06/08/2021 11:20:00;;LUNGOTEVERE ARNALDO DA BRESCIA;all'intersezione con;VIA FERDINANDO DI SAVOIA;VIA FERDINANDO DI SAVOIA;;;Tamponamento;;;;;;;;;;0;0;0;1;12.4726;41.9122;0;2;Autovettura privata;In marcia / fermata / arresto;;;;;;;
5543738;1;06/08/2021 09:40:00;Strada Urbana;VIA DEI BARBIERI;all'intersezione con;VIA GIUSEPPE ROMITA;VIA GIUSEPPE ROMITA;;;Scontro frontale/laterale DX fra veicoli in marcia;Intersezione stradale segnalata;Una carreggiata a senso unico di marcia;Asciutto;In cubetti di porfido;Verticale ed orizzontale;Sereno;Normale;Buona;;1;0;0;2;12.4755;41.8953;-1;1;Autovettura privata;In marcia / fermata / arresto;Conducente;M;Rimandato;0;NON DECEDUTO;;
5543738;1;06/08/2021 09:40:00;Strada Urbana;VIA DEI BARBIERI;all'intersezione con;VIA GIUSEPPE ROMITA;VIA GIUSEPPE ROMITA;;;Scontro frontale/laterale DX fra veicoli in marcia;Intersezione stradale segnalata;Una carreggiata a senso unico di marcia;Asciutto;In cubetti di porfido;Verticale ed orizzontale;Sereno;Normale;Buona;;1;0;0;2;12.4755;41.8953;-1;2;Autovettura di polizia;In marcia / fermata / arresto;Conducente;M;Illeso;0;;;
5543738;1;06/08/2021 09:40:00;Strada Urbana;VIA DEI BARBIERI;all'intersezione con;VIA GIUSEPPE ROMITA;VIA GIUSEPPE ROMITA;;;Scontro frontale/laterale DX fra veicoli in marcia;Intersezione stradale segnalata;Una carreggiata a senso unico di marcia;Asciutto;In cubetti di porfido;Verticale ed orizzontale;Sereno;Normale;Buona;;1;0;0;2;12.4755;41.8953;-1;2;Autovettura di polizia;In marcia / fermata / arresto;Passeggero;M;Illeso;0;;;