Protocollo;Gruppo;DataOraIncidente;Localizzazione1;STRADA1;Localizzazione2;STRADA2;Strada02;Chilometrica;DaSpecificare;NaturaIncidente;particolaritastrade;TipoStrada;FondoStradale;Pavimentazione;Segnaletica;CondizioneAtmosferica;Traffico;Visibilita;Illuminazione;NUM_FERITI;NUM_RISERVATA;NUM_MORTI;NUM_ILLESI;Longitudine;Latitudine;Confermato;Progressivo;TipoVeicolo;StatoVeicolo;TipoPersona;Sesso;Tipolesione;Deceduto;DecedutoDopo;CinturaCascoUtilizzato;Airbag;
5546045;13;08/08/2021 11:30:00;;VIA DELLE SIRENE;da specificare;;;;prossimit� V.le Vasco De Gama;Veicolo in marcia contro veicolo fermo;;;;;;;;;;0;0;0;0;12.2715;41.7339;0;2;Autovettura privata;Allontanatosi;;;;;;;
5546049;13;08/08/2021 11:07:00;Strada Urbana;LUNGOMARE LUTAZIO CATULO;in corrispondenza;;del civico n.;34;;Tamponamento Multiplo;Rettilineo;Due carreggiate;Asciutto;Asfaltata;Verticale ed orizzontale;Sereno;Normale;Buona;;2;0;0;2;12.3162;41.7152;-1;1;Autovettura privata;In marcia / fermata / arresto;Conducente;M;Illeso;0;;;
5546049;13;08/08/2021 11:07:00;Strada Urbana;LUNGOMARE LUTAZIO CATULO;in corrispondenza;;del civico n.;34;;Tamponamento Multiplo;Rettilineo;Due carreggiate;Asciutto;Asfaltata;Verticale ed orizzontale;Sereno;Normale;Buona;;2;0;0;2;12.3162;41.7152;-1;2;Autovettura privata;In marcia / fermata / arresto;Conducente;F;Rimandato;0;NON DECEDUTO;;
5546049;13;08/08/2021 11:07:00;Strada Urbana;LUNGOMARE LUTAZIO CATULO;in corrispondenza;;del civico n.;34;;Tamponamento Multiplo;Rettilineo;Due carreggiate;Asciutto;Asfaltata;Verticale ed orizzontale;Sereno;Normale;Buona;;2;0;0;2;12.3162;41.7152;-1;2;Autovettura privata;In marcia / fermata / arresto;Passeggero;F;Rimandato;0;NON DECEDUTO;Non accertato;Inesploso
5546049;13;08/08/2021 11:07:00;Strada Urbana;LUNGOMARE LUTAZIO CATULO;in corrispondenza;;del civico n.;34;;Tamponamento Multiplo;Rettilineo;Due carreggiate;Asciutto;Asfaltata;Verticale ed orizzontale;Sereno;Normale;Buona;;2;0;0;2;12.3162;41.7152;-1;3;Autovettura privata;In marcia / fermata / arresto;Conducente;M;Illeso;0;;;
5546053;13;08/08/2021 09:13:00;Strada Urbana;VIALE CRISTOFORO COLOMBO;da specificare;;;;prossimit� Vle Del Circuito;Scontro frontale/laterale DX fra veicoli in marcia;Rettilineo;Pi� di due carreggiate;Asciutto;Asfaltata;Verticale ed orizzontale;Sereno;Normale;Buona;;2;0;0;0;12.4536;41.8089;-1;1;Motociclo a solo;In marcia / fermata / arresto;Conducente;M;Rimandato;0;NON DECEDUTO;Non accertato;
5546053;13;08/08/2021 09:13:00;Strada Urbana;VIALE CRISTOFORO COLOMBO;da specificare;;;;prossimit� Vle Del Circuito;Scontro frontale/laterale DX fra veicoli in marcia;Rettilineo;Pi� di due carreggiate;Asciutto;Asfaltata;Verticale ed orizzontale;Sereno;Normale;Buona;;2;0;0;0;12.4536;41.8089;-1;2;Velocipede;In marcia / fermata / arresto;Conducente;M;Rimandato;0;NON DECEDUTO;Esente;
5546055;12;08/08/2021 22:51:00;Statale entro l'abitato;VIA PONTINA;da specificare;;;;direzione GRA dopo uscita Pratica di Mare;Scontro frontale/laterale DX fra veicoli in marcia;Rettilineo;Una carreggiata a senso unico di marcia;Asciutto;Asfaltata;Verticale ed orizzontale;Sereno;Normale;Buona;;0;0;0;2;12.436;41.757;-1;1;Autovettura privata;In marcia / fermata / arresto;Conducente;M;Illeso;0;;;
5546055;12;08/08/2021 22:51:00;Statale entro l'abitato;VIA PONTINA;da specificare;;;;direzione GRA dopo uscita Pratica di Mare;Scontro frontale/laterale DX fra veicoli in marcia;Rettilineo;Una carreggiata a senso unico di marcia;Asciutto;Asfaltata;Verticale ed orizzontale;Sereno;Normale;Buona;;0;0;0;2;12.436;41.757;-1;2;Autovettura privata;In marcia / fermata / arresto;Conducente;M;Illeso;0;;;
5546059;11;07/08/2021 15:50:00;Strada Urbana;VIA POGGIO AMENO;in corrispondenza;;del civico n.;30;;Veicolo in marcia contro veicolo in sosta;Rettilineo;Due carreggiate;Asciutto;Asfaltata;Verticale ed orizzontale;Sereno;Scarso;Buona;;0;0;0;1;12.4895;41.8471;-1;1;Autovettura privata;Sosta;;;;;;;
5546059;11;07/08/2021 15:50:00;Strada Urbana;VIA POGGIO AMENO;in corrispondenza;;del civico n.;30;;Veicolo in marcia contro veicolo in sosta;Rettilineo;Due carreggiate;Asciutto;Asfaltata;Verticale ed orizzontale;Sereno;Scarso;Buona;;0;0;0;1;12.4895;41.8471;-1;2;Autovettura privata;In marcia / fermata / arresto;Conducente;F;Illeso;0;;;
5546061;18;08/08/2021 19:55:00;Strada Urbana;VIA MATTIA BATTISTINI;in corrispondenza;;del civico n.;11;;Infortunio per sola frenata improvvisa;Rettilineo;Una carreggiata a doppio senso;Asciutto;Asfaltata;Verticale ed orizzontale;Sereno;Normale;Buona;;1;0;0;1;12.4106;41.9055;-1;1;Autobus di linea;In marcia / fermata / arresto;Conducente;M;Illeso;0;;Non accertato;Inesploso
5546061;18;08/08/2021 19:55:00;Strada Urbana;VIA MATTIA BATTISTINI;in corrispondenza;;del civico n.;11;;Infortunio per sola frenata improvvisa;Rettilineo;Una carreggiata a doppio senso;Asciutto;Asfaltata;Verticale ed orizzontale;Sereno;Normale;Buona;;1;0;0;1;12.4106;41.9055;-1;1;Autobus di linea;In marcia / fermata / arresto;Passeggero;F;Rimandato;0;NON DECEDUTO;Non accertato;Inesploso
5546065;1;09/08/2021 02:30:00;Strada Urbana;VIA DI S. GREGORIO;in prossimit�;;del civico n.;14;;Veicolo in marcia contro ostacolo fisso;Rettilineo;Due carreggiate;Asciutto;In cubetti di porfido;Verticale ed orizzontale;Sereno;Scarso;Sufficiente;;2;0;0;0;12.49;41.8878;-1;1;Autovettura privata;In marcia / fermata / arresto;Conducente;M;Rimandato;0;NON DECEDUTO;;
5546065;1;09/08/2021 02:30:00;Strada Urbana;VIA DI S. GREGORIO;in prossimit�;;del civico n.;14;;Veicolo in marcia contro ostacolo fisso;Rettilineo;Due carreggiate;Asciutto;In cubetti di porfido;Verticale ed orizzontale;Sereno;Scarso;Sufficiente;;2;0;0;0;12.49;41.8878;-1;1;Autovettura privata;In marcia / fermata / arresto;Passeggero;F;Rimandato;0;NON DECEDUTO;;
5546066;6;09/08/2021 08:00:00;Strada Urbana;LARGO PRENESTE;in corrispondenza;;del civico n.;1;;Scontro laterale fra veicoli in marcia;Rettilineo;Una carreggiata a doppio senso;Asciutto;Asfaltata;Verticale ed orizzontale;Sereno;Scarso;Buona;;0;0;0;2;12.5419;41.8925;-1;1;Autovettura privata;In marcia / fermata / arresto;Conducente;F;Illeso;0;;Non accertato;Inesploso
5546066;6;09/08/2021 08:00:00;Strada Urbana;LARGO PRENESTE;in corrispondenza;;del civico n.;1;;Scontro laterale fra veicoli in marcia;Rettilineo;Una carreggiata a doppio senso;Asciutto;Asfaltata;Verticale ed orizzontale;Sereno;Scarso;Buona;;0;0;0;2;12.5419;41.8925;-1;2;Motociclo a solo;In marcia / fermata / arresto;Conducente;M;Illeso;0;;Non accertato;
5546068;11;08/08/2021 10:00:00;Strada Urbana;VIA OSTIENSE;all'intersezione semaforizzata con;VIA DEL PORTO FLUVIALE;VIA DEL PORTO FLUVIALE;;;Scontro frontale/laterale SX fra veicoli in marcia;Intersezione semaforizzata;Pi� di due carreggiate;Asciutto;Asfaltata;Verticale ed orizzontale;Sereno;Normale;Buona;;3;0;0;0;12.48;41.8723;-1;1;Autovettura privata;In marcia / fermata / arresto;Conducente;M;Rimandato;0;NON DECEDUTO;;
5546068;11;08/08/2021 10:00:00;Strada Urbana;VIA OSTIENSE;all'intersezione semaforizzata con;VIA DEL PORTO FLUVIALE;VIA DEL PORTO FLUVIALE;;;Scontro frontale/laterale SX fra veicoli in marcia;Intersezione semaforizzata;Pi� di due carreggiate;Asciutto;Asfaltata;Verticale ed orizzontale;Sereno;Normale;Buona;;3;0;0;0;12.48;41.8723;-1;2;Autovettura privata;In marcia / fermata / arresto;Conducente;F;Rimandato;0;NON DECEDUTO;;
5546068;11;08/08/2021 10:00:00;Strada Urbana;VIA OSTIENSE;all'intersezione semaforizzata con;VIA DEL PORTO FLUVIALE;VIA DEL PORTO FLUVIALE;;;Scontro frontale/laterale SX fra veicoli in marcia;Intersezione semaforizzata;Pi� di due carreggiate;Asciutto;Asfaltata;Verticale ed orizzontale;Sereno;Normale;Buona;;3;0;0;0;12.48;41.8723;-1;2;Autovettura privata;In marcia / fermata / arresto;Passeggero;M;Rimandato;0;NON DECEDUTO;;
5546069;6;08/08/2021 16:40:00;Strada Urbana;VIA PRENESTINA;in corrispondenza;;del civico n.;148;;Infortunio per caduta del veicolo;Rettilineo;Pi� di due carreggiate;Asciutto;Asfaltata;Verticale ed orizzontale;Sereno;Scarso;Buona;;1;0;0;1;12.5315;41.8918;-1;1;Motociclo a solo;In marcia / fermata / arresto;Conducente;M;Illeso;0;;;
5546069;6;08/08/2021 16:40:00;Strada Urbana;VIA PRENESTINA;in corrispondenza;;del civico n.;148;;Infortunio per caduta del veicolo;Rettilineo;Pi� di due carreggiate;Asciutto;Asfaltata;Verticale ed orizzontale;Sereno;Scarso;Buona;;1;0;0;1;12.5315;41.8918;-1;1;Motociclo a solo;In marcia / fermata / arresto;Passeggero;F;Rimandato;0;NON DECEDUTO;Non accertato;
5546087;17;08/08/2021 00:05:00;Strada Urbana;VIA DI CASTEL DI GUIDO;in corrispondenza;;del civico n.;390;;Fuoriuscita dalla sede stradale;Rettilineo;Una carreggiata a doppio senso;Asciutto;Asfaltata;Verticale ed orizzontale;Sereno;Scarso;Sufficiente;;0;0;0;1;12.2927;41.9042;-1;1;Autovettura privata;In marcia / fermata / arresto;Conducente;M;Illeso;0;;;
5546131;4;07/08/2021 21:30:00;Strada Urbana;VIA CASSIA;in corrispondenza;;del civico n.;8;;Veicolo in marcia contro veicolo in sosta;Rettilineo;Una carreggiata a senso unico di marcia;Asciutto;Asfaltata;Verticale ed orizzontale;Sereno;Scarso;Buona;;0;0;0;6;12.4662;41.9382;-1;;;;Pedone;F;Illeso;0;;;
5546131;4;07/08/2021 21:30:00;Strada Urbana;VIA CASSIA;in corrispondenza;;del civico n.;8;;Veicolo in marcia contro veicolo in sosta;Rettilineo;Una carreggiata a senso unico di marcia;Asciutto;Asfaltata;Verticale ed orizzontale;Sereno;Scarso;Buona;;0;0;0;6;12.4662;41.9382;-1;1;Autovettura privata;In marcia / fermata / arresto;Conducente;M;Illeso;0;;Non accertato;
5546131;4;07/08/2021 21:30:00;Strada Urbana;VIA CASSIA;in corrispondenza;;del civico n.;8;;Veicolo in marcia contro veicolo in sosta;Rettilineo;Una carreggiata a senso unico di marcia;Asciutto;Asfaltata;Verticale ed orizzontale;Sereno;Scarso;Buona;;0;0;0;6;12.4662;41.9382;-1;1;Autovettura privata;In marcia / fermata / arresto;Passeggero;M;Illeso;0;;;
5546131;4;07/08/2021 21:30:00;Strada Urbana;VIA CASSIA;in corrispondenza;;del civico n.;8;;Veicolo in marcia contro veicolo in sosta;Rettilineo;Una carreggiata a senso unico di marcia;Asciutto;Asfaltata;Verticale ed orizzontale;Sereno;Scarso;Buona;;0;0;0;6;12.4662;41.9382;-1;1;Autovettura privata;In marcia / fermata / arresto;Passeggero;F;Illeso;0;;;
5546131;4;07/08/2021 21:30:00;Strada Urbana;VIA CASSIA;in corrispondenza;;del civico n.;8;;Veicolo in marcia contro veicolo in sosta;Rettilineo;Una carreggiata a senso unico di marcia;Asciutto;Asfaltata;Verticale ed orizzontale;Sereno;Scarso;Buona;;0;0;0;6;12.4662;41.9382;-1;1;Autovettura privata;In marcia / fermata / arresto;Passeggero;F;Illeso;0;;;
5546131;4;07/08/2021 21:30:00;Strada Urbana;VIA CASSIA;in corrispondenza;;del civico n.;8;;Veicolo in marcia contro veicolo in sosta;Rettilineo;Una carreggiata a senso unico di marcia;Asciutto;Asfaltata;Verticale ed orizzontale;Sereno;Scarso;Buona;;0;0;0;6;12.4662;41.9382;-1;1;Autovettura privata;In marcia / fermata / arresto;Passeggero;M;Illeso;0;;;
5546131;4;07/08/2021 21:30:00;Strada Urbana;VIA CASSIA;in corrispondenza;;del civico n.;8;;Veicolo in marcia contro veicolo in sosta;Rettilineo;Una carreggiata a senso unico di marcia;Asciutto;Asfaltata;Verticale ed orizzontale;Sereno;Scarso;Buona;;0;0;0;6;12.4662;41.9382;-1;2;Monopattino elettrico;Sosta;;;;;;;
5546145;19;09/08/2021 08:15:00;Strada Urbana;VIA ANGELO MAI;in prossimit�;;del civico n.;12;;Veicolo in marcia contro veicolo in sosta;Rettilineo;Una carreggiata a senso unico di marcia;Asciutto;Asfaltata;Verticale;Nuvoloso;Scarso;Buona;;0;0;0;1;12.416;41.9165;-1;1;Autovettura privata;Sosta;;;;;;;
5546145;19;09/08/2021 08:15:00;Strada Urbana;VIA ANGELO MAI;in prossimit�;;del civico n.;12;;Veicolo in marcia contro veicolo in sosta;Rettilineo;Una carreggiata a senso unico di marcia;Asciutto;Asfaltata;Verticale;Nuvoloso;Scarso;Buona;;0;0;0;1;12.416;41.9165;-1;2;Autovettura privata;In marcia / fermata / arresto;Conducente;M;Illeso;0;;;
5546148;8;07/08/2021 13:30:00;Strada Urbana;VIA CORLEONE;all'intersezione con;VIA MAZARA DEL VALLO;VIA MAZARA DEL VALLO;;;Scontro frontale/laterale SX fra veicoli in marcia;Incrocio;Una carreggiata a senso unico di marcia;Asciutto;Asfaltata;Verticale;Sereno;Normale;Buona;;0;0;0;2;12.6869;41.8644;-1;1;Autovettura privata;In marcia / fermata / arresto;Conducente;M;Illeso;0;;Non accertato;Inesploso
5546148;8;07/08/2021 13:30:00;Strada Urbana;VIA CORLEONE;all'intersezione con;VIA MAZARA DEL VALLO;VIA MAZARA DEL VALLO;;;Scontro frontale/laterale SX fra veicoli in marcia;Incrocio;Una carreggiata a senso unico di marcia;Asciutto;Asfaltata;Verticale;Sereno;Normale;Buona;;0;0;0;2;12.6869;41.8644;-1;2;Autovettura privata;In marcia / fermata / arresto;Conducente;M;Illeso;0;;Non accertato;Inesploso
5546151;8;07/08/2021 17:05:00;Strada Urbana;VIA DI TORRENOVA;all'intersezione con;VIA GIUTURNA;VIA GIUTURNA;;;Scontro laterale fra veicoli in marcia;Incrocio;Una carreggiata a doppio senso;Asciutto;Asfaltata;Orizzontale;Sereno;Normale;Sufficiente;;0;0;0;5;12.6175;41.8803;-1;1;Autovettura privata;In marcia / fermata / arresto;Conducente;M;Illeso;0;;Non accertato;Inesploso
5546151;8;07/08/2021 17:05:00;Strada Urbana;VIA DI TORRENOVA;all'intersezione con;VIA GIUTURNA;VIA GIUTURNA;;;Scontro laterale fra veicoli in marcia;Incrocio;Una carreggiata a doppio senso;Asciutto;Asfaltata;Orizzontale;Sereno;Normale;Sufficiente;;0;0;0;5;12.6175;41.8803;-1;1;Autovettura privata;In marcia / fermata / arresto;Passeggero;F;Illeso;0;;Non accertato;Inesploso
5546151;8;07/08/2021 17:05:00;Strada Urbana;VIA DI TORRENOVA;all'intersezione con;VIA GIUTURNA;VIA GIUTURNA;;;Scontro laterale fra veicoli in marcia;Incrocio;Una carreggiata a doppio senso;Asciutto;Asfaltata;Orizzontale;Sereno;Normale;Sufficiente;;0;0;0;5;12.6175;41.8803;-1;1;Autovettura privata;In marcia / fermata / arresto;Passeggero;F;Illeso;0;;Non accertato;Inesploso
5546151;8;07/08/2021 17:05:00;Strada Urbana;VIA DI TORRENOVA;all'intersezione con;VIA GIUTURNA;VIA GIUTURNA;;;Scontro laterale fra veicoli in marcia;Incrocio;Una carreggiata a doppio senso;Asciutto;Asfaltata;Orizzontale;Sereno;Normale;Sufficiente;;0;0;0;5;12.6175;41.8803;-1;1;Autovettura privata;In marcia / fermata / arresto;Passeggero;F;Illeso;0;;Non accertato;Inesploso
5546151;8;07/08/2021 17:05:00;Strada Urbana;VIA DI TORRENOVA;all'intersezione con;VIA GIUTURNA;VIA GIUTURNA;;;Scontro laterale fra veicoli in marcia;Incrocio;Una carreggiata a doppio senso;Asciutto;Asfaltata;Orizzontale;Sereno;Normale;Sufficiente;;0;0;0;5;12.6175;41.8803;-1;2;Autovettura privata;In marcia / fermata / arresto;Conducente;M;Illeso;0;;Non accertato;Inesploso
5546157;8;07/08/2021 18:50:00;Strada Urbana;VIA ROCCASPINALVETI;in corrispondenza;;del civico n.;11;;Veicolo in marcia contro ostacolo fisso;Rettilineo;Una carreggiata a doppio senso;Asciutto;Sterrata;Assente;Sereno;Normale;Buona;;0;0;0;2;12.6886;41.8966;-1;1;Autovettura privata;In marcia / fermata / arresto;Conducente;M;Illeso;0;;Non accertato;Inesploso
5546157;8;07/08/2021 18:50:00;Strada Urbana;VIA ROCCASPINALVETI;in corrispondenza;;del civico n.;11;;Veicolo in marcia contro ostacolo fisso;Rettilineo;Una carreggiata a doppio senso;Asciutto;Sterrata;Assente;Sereno;Normale;Buona;;0;0;0;2;12.6886;41.8966;-1;1;Autovettura privata;In marcia / fermata / arresto;Passeggero;M;Illeso;0;;Non accertato;Inesploso
5546171;7;09/08/2021 07:15:00;Strada Urbana;VIA DEI PINI;all'intersezione con;VIA DELLE ACACIE;VIA DELLE ACACIE;;;Scontro frontale/laterale DX fra veicoli in marcia;Incrocio;Una carreggiata a senso unico di marcia;Asciutto;Asfaltata;Verticale ed orizzontale;Nuvoloso;Normale;Buona;;0;0;0;2;12.5696;41.8884;-1;1;Autovettura privata;In marcia / fermata / arresto;Conducente;M;Illeso;0;;Non accertato;Inesploso
5546171;7;09/08/2021 07:15:00;Strada Urbana;VIA DEI PINI;all'intersezione con;VIA DELLE ACACIE;VIA DELLE ACACIE;;;Scontro frontale/laterale DX fra veicoli in marcia;Incrocio;Una carreggiata a senso unico di marcia;Asciutto;Asfaltata;Verticale ed orizzontale;Nuvoloso;Normale;Buona;;0;0;0;2;12.5696;41.8884;-1;2;Autovettura privata;In marcia / fermata / arresto;Conducente;M;Illeso;0;;Non accertato;Inesploso
5546173;8;08/08/2021 03:35:00;Statale entro l'abitato;VIA CASILINA;da specificare;;;;prossimit� VIA DEL PONTE DELLA CATENA;Veicolo in marcia contro ostacolo fisso;Curva a visuale libera;Una carreggiata a doppio senso;Asciutto;Asfaltata;Verticale ed orizzontale;Sereno;Scarso;Sufficiente;;0;0;0;1;12.6212;41.8626;-1;1;Autovettura privata;In marcia / fermata / arresto;Conducente;M;Illeso;0;;Non accertato;Inesploso
5546191;7;09/08/2021 01:00:00;Strada Urbana;VIA GIUSEPPE ROSATI;in corrispondenza;;del civico n.;75;;Veicolo in marcia contro veicoli in sosta;Rettilineo;Una carreggiata a senso unico di marcia;Asciutto;Asfaltata;Orizzontale;Nuvoloso;Scarso;Buona;;0;0;0;0;12.5895;41.9001;-1;1;Autovettura privata;Sosta;;;;;;;
5546191;7;09/08/2021 01:00:00;Strada Urbana;VIA GIUSEPPE ROSATI;in corrispondenza;;del civico n.;75;;Veicolo in marcia contro veicoli in sosta;Rettilineo;Una carreggiata a senso unico di marcia;Asciutto;Asfaltata;Orizzontale;Nuvoloso;Scarso;Buona;;0;0;0;0;12.5895;41.9001;-1;2;Autovettura privata;Sosta;;;;;;;
5546191;7;09/08/2021 01:00:00;Strada Urbana;VIA GIUSEPPE ROSATI;in corrispondenza;;del civico n.;75;;Veicolo in marcia contro veicoli in sosta;Rettilineo;Una carreggiata a senso unico di marcia;Asciutto;Asfaltata;Orizzontale;Nuvoloso;Scarso;Buona;;0;0;0;0;12.5895;41.9001;-1;3;Altro;Allontanatosi;;;;;;;
5546202;17;07/08/2021 18:20:00;Strada Urbana;VIA GIUSEPPE PALUMBO;in prossimit�;;del civico n.;1;;Scontro frontale fra veicoli in marcia;Rettilineo;Una carreggiata a doppio senso;Asciutto;Asfaltata;Verticale ed orizzontale;Sereno;Scarso;Buona;;0;0;0;2;12.4542;41.9142;-1;1;Autovettura privata;In marcia / fermata / arresto;Conducente;M;Illeso;0;;Non accertato;
5546202;17;07/08/2021 18:20:00;Strada Urbana;VIA GIUSEPPE PALUMBO;in prossimit�;;del civico n.;1;;Scontro frontale fra veicoli in marcia;Rettilineo;Una carreggiata a doppio senso;Asciutto;Asfaltata;Verticale ed orizzontale;Sereno;Scarso;Buona;;0;0;0;2;12.4542;41.9142;-1;2;Motociclo a solo;In marcia / fermata / arresto;Conducente;M;Illeso;0;;Non accertato;
5546209;8;08/08/2021 19:20:00;Strada Urbana;VIA CAMBRIDGE;da specificare;;;;altezza Facolt� di Ingegneria (palo luce S00245);Veicolo in marcia contro veicolo in sosta;Rettilineo;Una carreggiata a doppio senso;Asciutto;Asfaltata;Verticale ed orizzontale;Sereno;Scarso;Buona;;0;1;0;0;12.6229;41.8536;-1;1;Autovettura privata;Sosta;;;;;;;
5546209;8;08/08/2021 19:20:00;Strada Urbana;VIA CAMBRIDGE;da specificare;;;;altezza Facolt� di Ingegneria (palo luce S00245);Veicolo in marcia contro veicolo in sosta;Rettilineo;Una carreggiata a doppio senso;Asciutto;Asfaltata;Verticale ed orizzontale;Sereno;Scarso;Buona;;0;1;0;0;12.6229;41.8536;-1;2;Velocipede;In marcia / fermata / arresto;Conducente;M;Prognosi riservata;0;NON DECEDUTO;Esente;
5546212;8;07/08/2021 15:00:00;Strada Urbana;VIA POLENSE;all'intersezione con;VIA MATELICA;VIA MATELICA;;;Scontro laterale fra veicoli in marcia;Incrocio;Una carreggiata a doppio senso;Asciutto;Asfaltata;Verticale ed orizzontale;Sereno;Scarso;Buona;;0;0;0;7;12.7328;41.914;-1;1;Autovettura privata;In marcia / fermata / arresto;Conducente;F;Illeso;0;;Non accertato;Inesploso
5546212;8;07/08/2021 15:00:00;Strada Urbana;VIA POLENSE;all'intersezione con;VIA MATELICA;VIA MATELICA;;;Scontro laterale fra veicoli in marcia;Incrocio;Una carreggiata a doppio senso;Asciutto;Asfaltata;Verticale ed orizzontale;Sereno;Scarso;Buona;;0;0;0;7;12.7328;41.914;-1;2;Autovettura privata;In marcia / fermata / arresto;Conducente;M;Illeso;0;;Non accertato;Inesploso
5546212;8;07/08/2021 15:00:00;Strada Urbana;VIA POLENSE;all'intersezione con;VIA MATELICA;VIA MATELICA;;;Scontro laterale fra veicoli in marcia;Incrocio;Una carreggiata a doppio senso;Asciutto;Asfaltata;Verticale ed orizzontale;Sereno;Scarso;Buona;;0;0;0;7;12.7328;41.914;-1;2;Autovettura privata;In marcia / fermata / arresto;Passeggero;M;Illeso;0;;Non accertato;Inesploso
5546212;8;07/08/2021 15:00:00;Strada Urbana;VIA POLENSE;all'intersezione con;VIA MATELICA;VIA MATELICA;;;Scontro laterale fra veicoli in marcia;Incrocio;Una carreggiata a doppio senso;Asciutto;Asfaltata;Verticale ed orizzontale;Sereno;Scarso;Buona;;0;0;0;7;12.7328;41.914;-1;2;Autovettura privata;In marcia / fermata / arresto;Passeggero;F;Illeso;0;;Non accertato;Inesploso
5546212;8;07/08/2021 15:00:00;Strada Urbana;VIA POLENSE;all'intersezione con;VIA MATELICA;VIA MATELICA;;;Scontro laterale fra veicoli in marcia;Incrocio;Una carreggiata a doppio senso;Asciutto;Asfaltata;Verticale ed orizzontale;Sereno;Scarso;Buona;;0;0;0;7;12.7328;41.914;-1;2;Autovettura privata;In marcia / fermata / arresto;Passeggero;F;Illeso;0;;Non accertato;Inesploso
5546212;8;07/08/2021 15:00:00;Strada Urbana;VIA POLENSE;all'intersezione con;VIA MATELICA;VIA MATELICA;;;Scontro laterale fra veicoli in marcia;Incrocio;Una carreggiata a doppio senso;Asciutto;Asfaltata;Verticale ed orizzontale;Sereno;Scarso;Buona;;0;0;0;7;12.7328;41.914;-1;3;Autovettura privata;In marcia / fermata / arresto;Conducente;F;Illeso;0;;Non accertato;Inesploso
5546216;8;08/08/2021 18:30:00;Strada Urbana;VIA DEI CORIBANTI;in prossimit�;;del civico n.;72;;Veicolo in marcia contro veicolo in sosta;Rettilineo;Una carreggiata a doppio senso;Asciutto;Asfaltata;Verticale;Sereno;Intenso;Insufficiente;;0;0;0;1;12.616;41.8749;-1;1;Autovettura privata;Sosta;;;;;;;
5546216;8;08/08/2021 18:30:00;Strada Urbana;VIA DEI CORIBANTI;in prossimit�;;del civico n.;72;;Veicolo in marcia contro veicolo in sosta;Rettilineo;Una carreggiata a doppio senso;Asciutto;Asfaltata;Verticale;Sereno;Intenso;Insufficiente;;0;0;0;1;12.616;41.8749;-1;2;Autovettura privata;In marcia / fermata / arresto;Conducente;M;Illeso;0;;;
5546217;8;08/08/2021 18:55:00;Strada Urbana;VIA ROMETTA;in corrispondenza;;del civico n.;50;;Veicolo in marcia contro veicolo in sosta;Rettilineo;Una carreggiata a doppio senso;Asciutto;Asfaltata;Orizzontale;Sereno;Intenso;Buona;;0;0;0;2;12.6826;41.8672;-1;1;Autovettura privata;Sosta;;;;;;;
5546217;8;08/08/2021 18:55:00;Strada Urbana;VIA ROMETTA;in corrispondenza;;del civico n.;50;;Veicolo in marcia contro veicolo in sosta;Rettilineo;Una carreggiata a doppio senso;Asciutto;Asfaltata;Orizzontale;Sereno;Intenso;Buona;;0;0;0;2;12.6826;41.8672;-1;2;Autovettura privata;In marcia / fermata / arresto;Conducente;M;Illeso;0;;Non accertato;Inesploso
5546217;8;08/08/2021 18:55:00;Strada Urbana;VIA ROMETTA;in corrispondenza;;del civico n.;50;;Veicolo in marcia contro veicolo in sosta;Rettilineo;Una carreggiata a doppio senso;Asciutto;Asfaltata;Orizzontale;Sereno;Intenso;Buona;;0;0;0;2;12.6826;41.8672;-1;2;Autovettura privata;In marcia / fermata / arresto;Passeggero;F;Illeso;0;;Non accertato;Inesploso
5546233;19;07/08/2021 20:00:00;Strada Urbana;GALLERIA GIOVANNI XXIII;in prossimit�;;della chilometrica;1.6;;Veicolo in marcia contro ostacolo fisso;Galleria illuminata;Una carreggiata a senso unico di marcia;Asciutto;Asfaltata;Verticale ed orizzontale;Sereno;Normale;Buona;;1;0;0;0;12.4411;41.9404;-1;1;Autovettura privata;In marcia / fermata / arresto;Conducente;M;Rimandato;0;NON DECEDUTO;;
5546245;19;09/08/2021 09:50:00;Strada Urbana;VIA DI TORREVECCHIA;in prossimit�;;del civico n.;231;;Scontro laterale fra veicoli in marcia;Rettilineo;Una carreggiata a doppio senso;Asciutto;Asfaltata;Orizzontale;Sereno;Scarso;Buona;;0;0;0;4;12.4176;41.9292;-1;1;Autovettura privata;In marcia / fermata / arresto;Conducente;M;Illeso;0;;;
5546245;19;09/08/2021 09:50:00;Strada Urbana;VIA DI TORREVECCHIA;in prossimit�;;del civico n.;231;;Scontro laterale fra veicoli in marcia;Rettilineo;Una carreggiata a doppio senso;Asciutto;Asfaltata;Orizzontale;Sereno;Scarso;Buona;;0;0;0;4;12.4176;41.9292;-1;1;Autovettura privata;In marcia / fermata / arresto;Passeggero;F;Illeso;0;;;
5546245;19;09/08/2021 09:50:00;Strada Urbana;VIA DI TORREVECCHIA;in prossimit�;;del civico n.;231;;Scontro laterale fra veicoli in marcia;Rettilineo;Una carreggiata a doppio senso;Asciutto;Asfaltata;Orizzontale;Sereno;Scarso;Buona;;0;0;0;4;12.4176;41.9292;-1;1;Autovettura privata;In marcia / fermata / arresto;Passeggero;M;Illeso;0;;;