Protocollo;Gruppo;DataOraIncidente;Localizzazione1;STRADA1;Localizzazione2;STRADA2;Strada02;Chilometrica;DaSpecificare;NaturaIncidente;particolaritastrade;TipoStrada;FondoStradale;Pavimentazione;Segnaletica;CondizioneAtmosferica;Traffico;Visibilita;Illuminazione;NUM_FERITI;NUM_RISERVATA;NUM_MORTI;NUM_ILLESI;Longitudine;Latitudine;Confermato;Progressivo;TipoVeicolo;StatoVeicolo;TipoPersona;Sesso;Tipolesione;Deceduto;DecedutoDopo;CinturaCascoUtilizzato;Airbag;
5546245;19;09/08/2021 09:50:00;Strada Urbana;VIA DI TORREVECCHIA;in prossimit�;;del civico n.;231;;Scontro laterale fra veicoli in marcia;Rettilineo;Una carreggiata a doppio senso;Asciutto;Asfaltata;Orizzontale;Sereno;Scarso;Buona;;0;0;0;4;12.4176;41.9292;-1;2;Velocipede;In marcia / fermata / arresto;Conducente;M;Illeso;0;;;
5546246;18;09/08/2021 10:10:00;Strada Urbana;VIA DI CASAL DEL MARMO;all'intersezione con;VIA DI BOCCEA;VIA DI BOCCEA;;;Tamponamento;Intersezione stradale segnalata;Una carreggiata a doppio senso;Asciutto;Asfaltata;Verticale ed orizzontale;Sereno;Normale;Buona;;2;0;0;1;12.389;41.9421;-1;1;Autovettura privata;In marcia / fermata / arresto;Conducente;M;Illeso;0;;;
5546246;18;09/08/2021 10:10:00;Strada Urbana;VIA DI CASAL DEL MARMO;all'intersezione con;VIA DI BOCCEA;VIA DI BOCCEA;;;Tamponamento;Intersezione stradale segnalata;Una carreggiata a doppio senso;Asciutto;Asfaltata;Verticale ed orizzontale;Sereno;Normale;Buona;;2;0;0;1;12.389;41.9421;-1;2;Autovettura privata;In marcia / fermata / arresto;Conducente;M;Rimandato;0;NON DECEDUTO;;
5546246;18;09/08/2021 10:10:00;Strada Urbana;VIA DI CASAL DEL MARMO;all'intersezione con;VIA DI BOCCEA;VIA DI BOCCEA;;;Tamponamento;Intersezione stradale segnalata;Una carreggiata a doppio senso;Asciutto;Asfaltata;Verticale ed orizzontale;Sereno;Normale;Buona;;2;0;0;1;12.389;41.9421;-1;2;Autovettura privata;In marcia / fermata / arresto;Passeggero;F;Rimandato;0;NON DECEDUTO;;
5546270;19;08/08/2021 15:10:00;Strada Urbana;VIA FRATELLI GUALANDI;all'intersezione con;VIA OTTAVIO ASSAROTTI;VIA OTTAVIO ASSAROTTI;;;Scontro frontale/laterale DX fra veicoli in marcia;Incrocio;Una carreggiata a senso unico di marcia;Asciutto;Asfaltata;Verticale;Sereno;Normale;Buona;;0;0;0;5;12.4221;41.9427;-1;1;Autovettura privata;In marcia / fermata / arresto;Conducente;M;Illeso;0;;Non accertato;Inesploso
5546270;19;08/08/2021 15:10:00;Strada Urbana;VIA FRATELLI GUALANDI;all'intersezione con;VIA OTTAVIO ASSAROTTI;VIA OTTAVIO ASSAROTTI;;;Scontro frontale/laterale DX fra veicoli in marcia;Incrocio;Una carreggiata a senso unico di marcia;Asciutto;Asfaltata;Verticale;Sereno;Normale;Buona;;0;0;0;5;12.4221;41.9427;-1;2;Autovettura privata;In marcia / fermata / arresto;Conducente;F;Illeso;0;;Non accertato;Inesploso
5546270;19;08/08/2021 15:10:00;Strada Urbana;VIA FRATELLI GUALANDI;all'intersezione con;VIA OTTAVIO ASSAROTTI;VIA OTTAVIO ASSAROTTI;;;Scontro frontale/laterale DX fra veicoli in marcia;Incrocio;Una carreggiata a senso unico di marcia;Asciutto;Asfaltata;Verticale;Sereno;Normale;Buona;;0;0;0;5;12.4221;41.9427;-1;2;Autovettura privata;In marcia / fermata / arresto;Passeggero;F;Illeso;0;;Non accertato;Inesploso
5546270;19;08/08/2021 15:10:00;Strada Urbana;VIA FRATELLI GUALANDI;all'intersezione con;VIA OTTAVIO ASSAROTTI;VIA OTTAVIO ASSAROTTI;;;Scontro frontale/laterale DX fra veicoli in marcia;Incrocio;Una carreggiata a senso unico di marcia;Asciutto;Asfaltata;Verticale;Sereno;Normale;Buona;;0;0;0;5;12.4221;41.9427;-1;2;Autovettura privata;In marcia / fermata / arresto;Passeggero;M;Illeso;0;;Non accertato;Inesploso
5546270;19;08/08/2021 15:10:00;Strada Urbana;VIA FRATELLI GUALANDI;all'intersezione con;VIA OTTAVIO ASSAROTTI;VIA OTTAVIO ASSAROTTI;;;Scontro frontale/laterale DX fra veicoli in marcia;Incrocio;Una carreggiata a senso unico di marcia;Asciutto;Asfaltata;Verticale;Sereno;Normale;Buona;;0;0;0;5;12.4221;41.9427;-1;2;Autovettura privata;In marcia / fermata / arresto;Passeggero;F;Illeso;0;;Non accertato;Inesploso
5546276;12;09/08/2021 06:45:00;Strada Urbana;VIA PROUST;in prossimit�;;del civico n.;28;;Veicolo in marcia contro veicolo in sosta;Rettilineo;Una carreggiata a doppio senso;Asciutto;Asfaltata;Assente;Sereno;Scarso;Buona;;0;0;0;0;12.4628;41.8112;-1;1;Autovettura privata;Sosta;;;;;;;
5546278;8;06/08/2021 17:30:00;Strada Urbana;VIA DI SALONE;da specificare;;;;50 METRI PRIMA DELLA ROTATORIA PER VIA COLLATINA;Scontro laterale fra veicoli in marcia;Rettilineo;Una carreggiata a doppio senso;Asciutto;Asfaltata;Orizzontale;Sereno;Normale;Buona;;0;0;0;3;12.6395;41.9117;-1;1;Autovettura privata;In marcia / fermata / arresto;Conducente;M;Illeso;0;;;
5546278;8;06/08/2021 17:30:00;Strada Urbana;VIA DI SALONE;da specificare;;;;50 METRI PRIMA DELLA ROTATORIA PER VIA COLLATINA;Scontro laterale fra veicoli in marcia;Rettilineo;Una carreggiata a doppio senso;Asciutto;Asfaltata;Orizzontale;Sereno;Normale;Buona;;0;0;0;3;12.6395;41.9117;-1;1;Autovettura privata;In marcia / fermata / arresto;Passeggero;F;Illeso;0;;;
5546278;8;06/08/2021 17:30:00;Strada Urbana;VIA DI SALONE;da specificare;;;;50 METRI PRIMA DELLA ROTATORIA PER VIA COLLATINA;Scontro laterale fra veicoli in marcia;Rettilineo;Una carreggiata a doppio senso;Asciutto;Asfaltata;Orizzontale;Sereno;Normale;Buona;;0;0;0;3;12.6395;41.9117;-1;1;Autovettura privata;In marcia / fermata / arresto;Passeggero;F;Illeso;0;;;
5546278;8;06/08/2021 17:30:00;Strada Urbana;VIA DI SALONE;da specificare;;;;50 METRI PRIMA DELLA ROTATORIA PER VIA COLLATINA;Scontro laterale fra veicoli in marcia;Rettilineo;Una carreggiata a doppio senso;Asciutto;Asfaltata;Orizzontale;Sereno;Normale;Buona;;0;0;0;3;12.6395;41.9117;-1;2;Motociclo a solo;Allontanatosi;;;;;;;
5546300;19;09/08/2021 08:00:00;Strada Urbana;VIA S. IGINO PAPA;in prossimit�;;del civico n.;69;;Veicolo in marcia contro veicolo in sosta;Rettilineo;Una carreggiata a senso unico di marcia;Asciutto;Asfaltata;Assente;Sereno;Scarso;Buona;;0;0;0;0;12.4167;41.917;-1;1;Autovettura privata;Sosta;;;;;;;
5546300;19;09/08/2021 08:00:00;Strada Urbana;VIA S. IGINO PAPA;in prossimit�;;del civico n.;69;;Veicolo in marcia contro veicolo in sosta;Rettilineo;Una carreggiata a senso unico di marcia;Asciutto;Asfaltata;Assente;Sereno;Scarso;Buona;;0;0;0;0;12.4167;41.917;-1;2;Autocarro inferiore 35 q.;Allontanatosi;;;;;;;
5546307;19;08/08/2021 14:30:00;Strada Urbana;VIA DI TORREVECCHIA;in prossimit�;;del civico n.;112;;Tamponamento;Rettilineo;Una carreggiata a doppio senso;Asciutto;Asfaltata;Verticale;Sereno;Normale;Sufficiente;;0;0;0;3;12.4197;41.934;-1;1;Autovettura privata;In marcia / fermata / arresto;Conducente;F;Illeso;0;;Non accertato;Inesploso
5546307;19;08/08/2021 14:30:00;Strada Urbana;VIA DI TORREVECCHIA;in prossimit�;;del civico n.;112;;Tamponamento;Rettilineo;Una carreggiata a doppio senso;Asciutto;Asfaltata;Verticale;Sereno;Normale;Sufficiente;;0;0;0;3;12.4197;41.934;-1;1;Autovettura privata;In marcia / fermata / arresto;Passeggero;F;Illeso;0;;Non accertato;Inesploso
5546307;19;08/08/2021 14:30:00;Strada Urbana;VIA DI TORREVECCHIA;in prossimit�;;del civico n.;112;;Tamponamento;Rettilineo;Una carreggiata a doppio senso;Asciutto;Asfaltata;Verticale;Sereno;Normale;Sufficiente;;0;0;0;3;12.4197;41.934;-1;2;Autovettura privata;In marcia / fermata / arresto;Conducente;M;Illeso;0;;Non accertato;Inesploso
5546310;15;09/08/2021 09:40:00;Strada Urbana;VIA DEI SAMPIERI;in prossimit�;;del civico n.;106;;Veicolo in marcia contro veicolo fermo;Rettilineo;Due carreggiate;Asciutto;Asfaltata;Verticale ed orizzontale;Sereno;Scarso;Buona;;0;0;0;3;12.4169;41.8524;-1;1;Autocarro inferiore 35 q.;In marcia / fermata / arresto;Conducente;M;Illeso;0;;Non utilizzato;Inesploso
5546310;15;09/08/2021 09:40:00;Strada Urbana;VIA DEI SAMPIERI;in prossimit�;;del civico n.;106;;Veicolo in marcia contro veicolo fermo;Rettilineo;Due carreggiate;Asciutto;Asfaltata;Verticale ed orizzontale;Sereno;Scarso;Buona;;0;0;0;3;12.4169;41.8524;-1;1;Autocarro inferiore 35 q.;In marcia / fermata / arresto;Passeggero;M;Illeso;0;;Non accertato;Inesploso
5546310;15;09/08/2021 09:40:00;Strada Urbana;VIA DEI SAMPIERI;in prossimit�;;del civico n.;106;;Veicolo in marcia contro veicolo fermo;Rettilineo;Due carreggiate;Asciutto;Asfaltata;Verticale ed orizzontale;Sereno;Scarso;Buona;;0;0;0;3;12.4169;41.8524;-1;2;Autocarro inferiore 35 q.;In marcia / fermata / arresto;Conducente;M;Illeso;0;;Non accertato;Inesploso
5546412;1;09/08/2021 10:30:00;Strada Urbana;PIAZZALE NUMA POMPILIO;in corrispondenza;;del palo luce n.;6;;Scontro laterale fra veicoli in marcia;Rettilineo;Una carreggiata a senso unico di marcia;Asciutto;Asfaltata;Verticale;Sereno;Normale;Buona;;1;0;0;1;12.4957;41.8796;-1;1;Autoarticolato;In marcia / fermata / arresto;Conducente;M;Illeso;0;;;
5546412;1;09/08/2021 10:30:00;Strada Urbana;PIAZZALE NUMA POMPILIO;in corrispondenza;;del palo luce n.;6;;Scontro laterale fra veicoli in marcia;Rettilineo;Una carreggiata a senso unico di marcia;Asciutto;Asfaltata;Verticale;Sereno;Normale;Buona;;1;0;0;1;12.4957;41.8796;-1;2;Ciclomotore;In marcia / fermata / arresto;Conducente;F;Rimandato;0;NON DECEDUTO;;
5546419;18;09/08/2021 12:10:00;Strada Urbana;VIA DELLA PINETA SACCHETTI;in prossimit�;;del civico n.;65;;Tamponamento;Rettilineo;Una carreggiata a doppio senso;Asciutto;Asfaltata;Orizzontale;Sereno;Normale;Buona;;0;0;0;2;12.4237;41.9117;-1;1;Autovettura privata;In marcia / fermata / arresto;Conducente;M;Illeso;0;;;
5546419;18;09/08/2021 12:10:00;Strada Urbana;VIA DELLA PINETA SACCHETTI;in prossimit�;;del civico n.;65;;Tamponamento;Rettilineo;Una carreggiata a doppio senso;Asciutto;Asfaltata;Orizzontale;Sereno;Normale;Buona;;0;0;0;2;12.4237;41.9117;-1;2;Autovettura privata;In marcia / fermata / arresto;Conducente;M;Illeso;0;;;
5546474;23;06/08/2021 19:40:00;Strada Urbana;PIAZZA DELLA STAZIONE VECCHIA;da specificare;;;;fermata bus 76481;Scontro frontale/laterale SX fra veicoli in marcia;Rettilineo;Una carreggiata a doppio senso;Asciutto;Asfaltata;Orizzontale;Sereno;Normale;Buona;;1;0;0;2;12.2792;41.7314;-1;1;Autovettura privata;In marcia / fermata / arresto;Conducente;M;Illeso;0;;Non accertato;Inesploso
5546474;23;06/08/2021 19:40:00;Strada Urbana;PIAZZA DELLA STAZIONE VECCHIA;da specificare;;;;fermata bus 76481;Scontro frontale/laterale SX fra veicoli in marcia;Rettilineo;Una carreggiata a doppio senso;Asciutto;Asfaltata;Orizzontale;Sereno;Normale;Buona;;1;0;0;2;12.2792;41.7314;-1;1;Autovettura privata;In marcia / fermata / arresto;Passeggero;F;Illeso;0;;Non accertato;Inesploso
5546474;23;06/08/2021 19:40:00;Strada Urbana;PIAZZA DELLA STAZIONE VECCHIA;da specificare;;;;fermata bus 76481;Scontro frontale/laterale SX fra veicoli in marcia;Rettilineo;Una carreggiata a doppio senso;Asciutto;Asfaltata;Orizzontale;Sereno;Normale;Buona;;1;0;0;2;12.2792;41.7314;-1;2;Monopattino elettrico;In marcia / fermata / arresto;Conducente;M;Rimandato;0;NON DECEDUTO;Esente;
5546481;3;06/08/2021 15:30:00;Strada Urbana;CIRCONVALLAZIONE NOMENTANA;all'intersezione con;VIA LUIGI UNGARELLI;VIA LUIGI UNGARELLI;;;Veicolo in marcia contro veicolo in sosta;Intersezione stradale segnalata;Una carreggiata a senso unico di marcia;Asciutto;Asfaltata;Verticale ed orizzontale;Sereno;Scarso;Buona;;0;0;0;3;12.5177;41.9213;-1;1;Autovettura privata;In marcia / fermata / arresto;Conducente;F;Illeso;0;;;
5546481;3;06/08/2021 15:30:00;Strada Urbana;CIRCONVALLAZIONE NOMENTANA;all'intersezione con;VIA LUIGI UNGARELLI;VIA LUIGI UNGARELLI;;;Veicolo in marcia contro veicolo in sosta;Intersezione stradale segnalata;Una carreggiata a senso unico di marcia;Asciutto;Asfaltata;Verticale ed orizzontale;Sereno;Scarso;Buona;;0;0;0;3;12.5177;41.9213;-1;2;Autovettura privata;In marcia / fermata / arresto;Conducente;M;Illeso;0;;;
5546481;3;06/08/2021 15:30:00;Strada Urbana;CIRCONVALLAZIONE NOMENTANA;all'intersezione con;VIA LUIGI UNGARELLI;VIA LUIGI UNGARELLI;;;Veicolo in marcia contro veicolo in sosta;Intersezione stradale segnalata;Una carreggiata a senso unico di marcia;Asciutto;Asfaltata;Verticale ed orizzontale;Sereno;Scarso;Buona;;0;0;0;3;12.5177;41.9213;-1;2;Autovettura privata;In marcia / fermata / arresto;Passeggero;M;Illeso;0;;;
5546481;3;06/08/2021 15:30:00;Strada Urbana;CIRCONVALLAZIONE NOMENTANA;all'intersezione con;VIA LUIGI UNGARELLI;VIA LUIGI UNGARELLI;;;Veicolo in marcia contro veicolo in sosta;Intersezione stradale segnalata;Una carreggiata a senso unico di marcia;Asciutto;Asfaltata;Verticale ed orizzontale;Sereno;Scarso;Buona;;0;0;0;3;12.5177;41.9213;-1;3;Autovettura privata;Sosta;;;;;;;
5546484;23;08/08/2021 21:45:00;Strada Urbana;VIALE CRISTOFORO COLOMBO;all'intersezione con;VIALE AFRICA;VIALE AFRICA;;;Tamponamento;Intersezione stradale segnalata;Una carreggiata a senso unico di marcia;Asciutto;Asfaltata;Verticale ed orizzontale;Sereno;Scarso;Sufficiente;;1;0;0;6;12.4689;41.8262;-1;1;Motociclo con passeggero;In marcia / fermata / arresto;Conducente;M;Rimandato;0;NON DECEDUTO;Non accertato;
5546484;23;08/08/2021 21:45:00;Strada Urbana;VIALE CRISTOFORO COLOMBO;all'intersezione con;VIALE AFRICA;VIALE AFRICA;;;Tamponamento;Intersezione stradale segnalata;Una carreggiata a senso unico di marcia;Asciutto;Asfaltata;Verticale ed orizzontale;Sereno;Scarso;Sufficiente;;1;0;0;6;12.4689;41.8262;-1;1;Motociclo con passeggero;In marcia / fermata / arresto;Passeggero;M;Illeso;0;;Non accertato;
5546484;23;08/08/2021 21:45:00;Strada Urbana;VIALE CRISTOFORO COLOMBO;all'intersezione con;VIALE AFRICA;VIALE AFRICA;;;Tamponamento;Intersezione stradale segnalata;Una carreggiata a senso unico di marcia;Asciutto;Asfaltata;Verticale ed orizzontale;Sereno;Scarso;Sufficiente;;1;0;0;6;12.4689;41.8262;-1;2;Autovettura privata;In marcia / fermata / arresto;Conducente;M;Illeso;0;;Non accertato;Inesploso
5546484;23;08/08/2021 21:45:00;Strada Urbana;VIALE CRISTOFORO COLOMBO;all'intersezione con;VIALE AFRICA;VIALE AFRICA;;;Tamponamento;Intersezione stradale segnalata;Una carreggiata a senso unico di marcia;Asciutto;Asfaltata;Verticale ed orizzontale;Sereno;Scarso;Sufficiente;;1;0;0;6;12.4689;41.8262;-1;2;Autovettura privata;In marcia / fermata / arresto;Passeggero;M;Illeso;0;;Non accertato;Inesploso
5546484;23;08/08/2021 21:45:00;Strada Urbana;VIALE CRISTOFORO COLOMBO;all'intersezione con;VIALE AFRICA;VIALE AFRICA;;;Tamponamento;Intersezione stradale segnalata;Una carreggiata a senso unico di marcia;Asciutto;Asfaltata;Verticale ed orizzontale;Sereno;Scarso;Sufficiente;;1;0;0;6;12.4689;41.8262;-1;2;Autovettura privata;In marcia / fermata / arresto;Passeggero;F;Illeso;0;;Non accertato;Inesploso
5546484;23;08/08/2021 21:45:00;Strada Urbana;VIALE CRISTOFORO COLOMBO;all'intersezione con;VIALE AFRICA;VIALE AFRICA;;;Tamponamento;Intersezione stradale segnalata;Una carreggiata a senso unico di marcia;Asciutto;Asfaltata;Verticale ed orizzontale;Sereno;Scarso;Sufficiente;;1;0;0;6;12.4689;41.8262;-1;2;Autovettura privata;In marcia / fermata / arresto;Passeggero;M;Illeso;0;;Non accertato;Inesploso
5546484;23;08/08/2021 21:45:00;Strada Urbana;VIALE CRISTOFORO COLOMBO;all'intersezione con;VIALE AFRICA;VIALE AFRICA;;;Tamponamento;Intersezione stradale segnalata;Una carreggiata a senso unico di marcia;Asciutto;Asfaltata;Verticale ed orizzontale;Sereno;Scarso;Sufficiente;;1;0;0;6;12.4689;41.8262;-1;2;Autovettura privata;In marcia / fermata / arresto;Passeggero;M;Illeso;0;;Non accertato;Inesploso
5546492;7;09/08/2021 00:40:00;Strada Urbana;VIA DELLE ACACIE;all'intersezione con;VIA DELLA SAGGINA;VIA DELLA SAGGINA;;;Scontro frontale/laterale SX fra veicoli in marcia;Incrocio;Una carreggiata a senso unico di marcia;Asciutto;Asfaltata;Verticale;Sereno;Scarso;Buona;;0;0;0;3;12.5724;41.889;-1;1;Autovettura privata;In marcia / fermata / arresto;Conducente;M;Illeso;0;;Non accertato;Inesploso
5546492;7;09/08/2021 00:40:00;Strada Urbana;VIA DELLE ACACIE;all'intersezione con;VIA DELLA SAGGINA;VIA DELLA SAGGINA;;;Scontro frontale/laterale SX fra veicoli in marcia;Incrocio;Una carreggiata a senso unico di marcia;Asciutto;Asfaltata;Verticale;Sereno;Scarso;Buona;;0;0;0;3;12.5724;41.889;-1;2;Autovettura privata;In marcia / fermata / arresto;Conducente;M;Illeso;0;;Non accertato;Inesploso
5546492;7;09/08/2021 00:40:00;Strada Urbana;VIA DELLE ACACIE;all'intersezione con;VIA DELLA SAGGINA;VIA DELLA SAGGINA;;;Scontro frontale/laterale SX fra veicoli in marcia;Incrocio;Una carreggiata a senso unico di marcia;Asciutto;Asfaltata;Verticale;Sereno;Scarso;Buona;;0;0;0;3;12.5724;41.889;-1;2;Autovettura privata;In marcia / fermata / arresto;Passeggero;F;Illeso;0;;Non accertato;Inesploso
5546495;10;09/08/2021 05:50:00;Strada Urbana;VIA APPIA NUOVA;in prossimit�;;del civico n.;1257;;Veicolo in marcia contro ostacolo fisso;Curva a visuale libera;Due carreggiate;Asciutto;Asfaltata;Verticale ed orizzontale;Sereno;Scarso;Buona;;1;0;0;0;12.5712;41.8154;-1;1;Autovettura privata;In marcia / fermata / arresto;Conducente;M;Rimandato;0;NON DECEDUTO;;
5546497;3;07/08/2021 07:00:00;;VIA TIBURTINA;in corrispondenza;;del civico n.;221;;Veicolo in marcia contro ostacolo fisso;;;;;;;;;;0;0;0;1;;;0;1;Autovettura privata;In marcia / fermata / arresto;Conducente;M;Illeso;0;;;
5546499;19;09/08/2021 13:11:00;Strada Urbana;VIA VIVI GIOI;all'intersezione con;VIA LUISA SPAGNOLI;VIA LUISA SPAGNOLI;;;Scontro frontale/laterale SX fra veicoli in marcia;Intersezione stradale segnalata;Una carreggiata a doppio senso;Asciutto;Asfaltata;Verticale ed orizzontale;Sereno;Scarso;Buona;;1;0;0;1;12.4006;41.9618;-1;1;Autovettura privata;In marcia / fermata / arresto;Conducente;F;Rifiuta cure immediate;0;NON DECEDUTO;Non accertato;Inesploso
5546499;19;09/08/2021 13:11:00;Strada Urbana;VIA VIVI GIOI;all'intersezione con;VIA LUISA SPAGNOLI;VIA LUISA SPAGNOLI;;;Scontro frontale/laterale SX fra veicoli in marcia;Intersezione stradale segnalata;Una carreggiata a doppio senso;Asciutto;Asfaltata;Verticale ed orizzontale;Sereno;Scarso;Buona;;1;0;0;1;12.4006;41.9618;-1;2;Autocarro superiore 35 q.;In marcia / fermata / arresto;Conducente;M;Illeso;0;;Non accertato;Inesploso
5546503;12;08/08/2021 15:00:00;Strada Urbana;VIA CRISTOFORO COLOMBO;da specificare;;;;direz.ne Ostia altezza ponte laghetto PASSEGGIATA ;Infortunio per caduta del veicolo;Curva a visuale libera;Due carreggiate;Asciutto;Asfaltata;Verticale ed orizzontale;Sereno;Scarso;Buona;;1;0;0;0;12.4695;41.8276;-1;1;Motociclo a solo;In marcia / fermata / arresto;Conducente;M;Rimandato;0;NON DECEDUTO;Utilizzato;
5546511;10;09/08/2021 11:30:00;Strada Urbana;VIALE LUIGI SCHIAVONETTI;in prossimit�;;del civico n.;426;;Scontro frontale/laterale SX fra veicoli in marcia;Rettilineo;Una carreggiata a senso unico di marcia;Asciutto;Asfaltata;Verticale ed orizzontale;Sereno;Scarso;Buona;;0;0;0;2;12.6178;41.8451;-1;1;Autovettura privata;In marcia / fermata / arresto;Conducente;M;Illeso;0;;Non accertato;Inesploso
5546511;10;09/08/2021 11:30:00;Strada Urbana;VIALE LUIGI SCHIAVONETTI;in prossimit�;;del civico n.;426;;Scontro frontale/laterale SX fra veicoli in marcia;Rettilineo;Una carreggiata a senso unico di marcia;Asciutto;Asfaltata;Verticale ed orizzontale;Sereno;Scarso;Buona;;0;0;0;2;12.6178;41.8451;-1;2;Autovettura privata;In marcia / fermata / arresto;Conducente;F;Illeso;0;;Non accertato;Inesploso
5546532;12;09/08/2021 00:30:00;Strada Urbana;VIA DARWIN;in corrispondenza;;del palo luce n.;4;;Veicolo in marcia contro ostacolo fisso;Rettilineo;Una carreggiata a doppio senso;Asciutto;Asfaltata;Assente;Sereno;Scarso;Sufficiente;;0;0;0;0;12.5037;41.7757;-1;1;Autovettura privata;In marcia / fermata / arresto;;;;;;;
5546630;16;06/08/2021 14:20:00;Strada Urbana;VIALE DELLE MURA PORTUENSI;in prossimit�;;del civico n.;29;;Scontro laterale fra veicoli in marcia;Rettilineo;Una carreggiata a doppio senso;Asciutto;Asfaltata;Assente;Sereno;Normale;Buona;;1;0;0;2;12.4706;41.8839;-1;1;Autovettura privata;In marcia / fermata / arresto;Conducente;M;Illeso;0;;Non accertato;Inesploso
5546630;16;06/08/2021 14:20:00;Strada Urbana;VIALE DELLE MURA PORTUENSI;in prossimit�;;del civico n.;29;;Scontro laterale fra veicoli in marcia;Rettilineo;Una carreggiata a doppio senso;Asciutto;Asfaltata;Assente;Sereno;Normale;Buona;;1;0;0;2;12.4706;41.8839;-1;2;Autovettura privata;In marcia / fermata / arresto;Conducente;F;Illeso;0;;Non accertato;Esploso
5546630;16;06/08/2021 14:20:00;Strada Urbana;VIALE DELLE MURA PORTUENSI;in prossimit�;;del civico n.;29;;Scontro laterale fra veicoli in marcia;Rettilineo;Una carreggiata a doppio senso;Asciutto;Asfaltata;Assente;Sereno;Normale;Buona;;1;0;0;2;12.4706;41.8839;-1;2;Autovettura privata;In marcia / fermata / arresto;Passeggero;M;Rimandato;0;NON DECEDUTO;Non accertato;Esploso
5546652;18;10/08/2021 07:30:00;Strada Urbana;VIA GREGORIO VII;in prossimit�;;del civico n.;407;;Veicolo in marcia contro veicolo in sosta;Rettilineo;Pi� di due carreggiate;Asciutto;Asfaltata;Verticale ed orizzontale;Sereno;Scarso;Sufficiente;;0;0;0;1;12.4391;41.8951;-1;1;Veicolo speciale;In marcia / fermata / arresto;Conducente;M;Illeso;0;;Non accertato;Inesploso
5546652;18;10/08/2021 07:30:00;Strada Urbana;VIA GREGORIO VII;in prossimit�;;del civico n.;407;;Veicolo in marcia contro veicolo in sosta;Rettilineo;Pi� di due carreggiate;Asciutto;Asfaltata;Verticale ed orizzontale;Sereno;Scarso;Sufficiente;;0;0;0;1;12.4391;41.8951;-1;2;Autovettura privata;Sosta;;;;;;;
5546653;16;06/08/2021 18:00:00;Strada Urbana;VIA GIOELE SOLARI;in prossimit�;;del civico n.;35;;Veicolo in marcia contro ostacolo fisso;Rettilineo;Una carreggiata a doppio senso;Asciutto;Asfaltata;Verticale ed orizzontale;Sereno;Normale;Buona;;0;0;0;1;12.3601;41.8729;-1;1;Autovettura privata;In marcia / fermata / arresto;Conducente;F;Illeso;0;;;Esploso
5546660;19;09/08/2021 16:40:00;Strada Urbana;VIALE DELLE MEDAGLIE D'ORO;in prossimit�;;del civico n.;423;;Scontro frontale/laterale SX fra veicoli in marcia;Rettilineo;Una carreggiata a doppio senso;Asciutto;Asfaltata;Verticale ed orizzontale;Sereno;Scarso;Buona;;0;0;0;6;12.4457;41.9235;-1;1;Autovettura pubblica;In marcia / fermata / arresto;Conducente;M;Illeso;0;;Non accertato;Inesploso
5546660;19;09/08/2021 16:40:00;Strada Urbana;VIALE DELLE MEDAGLIE D'ORO;in prossimit�;;del civico n.;423;;Scontro frontale/laterale SX fra veicoli in marcia;Rettilineo;Una carreggiata a doppio senso;Asciutto;Asfaltata;Verticale ed orizzontale;Sereno;Scarso;Buona;;0;0;0;6;12.4457;41.9235;-1;1;Autovettura pubblica;In marcia / fermata / arresto;Passeggero;F;Illeso;0;;Non accertato;Inesploso
5546660;19;09/08/2021 16:40:00;Strada Urbana;VIALE DELLE MEDAGLIE D'ORO;in prossimit�;;del civico n.;423;;Scontro frontale/laterale SX fra veicoli in marcia;Rettilineo;Una carreggiata a doppio senso;Asciutto;Asfaltata;Verticale ed orizzontale;Sereno;Scarso;Buona;;0;0;0;6;12.4457;41.9235;-1;1;Autovettura pubblica;In marcia / fermata / arresto;Passeggero;M;Illeso;0;;Non accertato;Inesploso
5546660;19;09/08/2021 16:40:00;Strada Urbana;VIALE DELLE MEDAGLIE D'ORO;in prossimit�;;del civico n.;423;;Scontro frontale/laterale SX fra veicoli in marcia;Rettilineo;Una carreggiata a doppio senso;Asciutto;Asfaltata;Verticale ed orizzontale;Sereno;Scarso;Buona;;0;0;0;6;12.4457;41.9235;-1;1;Autovettura pubblica;In marcia / fermata / arresto;Passeggero;F;Illeso;0;;Non accertato;Inesploso
5546660;19;09/08/2021 16:40:00;Strada Urbana;VIALE DELLE MEDAGLIE D'ORO;in prossimit�;;del civico n.;423;;Scontro frontale/laterale SX fra veicoli in marcia;Rettilineo;Una carreggiata a doppio senso;Asciutto;Asfaltata;Verticale ed orizzontale;Sereno;Scarso;Buona;;0;0;0;6;12.4457;41.9235;-1;2;Autovettura privata;In marcia / fermata / arresto;Conducente;M;Illeso;0;;Non accertato;Inesploso
5546660;19;09/08/2021 16:40:00;Strada Urbana;VIALE DELLE MEDAGLIE D'ORO;in prossimit�;;del civico n.;423;;Scontro frontale/laterale SX fra veicoli in marcia;Rettilineo;Una carreggiata a doppio senso;Asciutto;Asfaltata;Verticale ed orizzontale;Sereno;Scarso;Buona;;0;0;0;6;12.4457;41.9235;-1;2;Autovettura privata;In marcia / fermata / arresto;Passeggero;M;Illeso;0;;Non accertato;Inesploso