Protocollo;Gruppo;DataOraIncidente;Localizzazione1;STRADA1;Localizzazione2;STRADA2;Strada02;Chilometrica;DaSpecificare;NaturaIncidente;particolaritastrade;TipoStrada;FondoStradale;Pavimentazione;Segnaletica;CondizioneAtmosferica;Traffico;Visibilita;Illuminazione;NUM_FERITI;NUM_RISERVATA;NUM_MORTI;NUM_ILLESI;Longitudine;Latitudine;Confermato;Progressivo;TipoVeicolo;StatoVeicolo;TipoPersona;Sesso;Tipolesione;Deceduto;DecedutoDopo;CinturaCascoUtilizzato;Airbag;
5546691;6;09/08/2021 15:40:00;Strada Urbana;VIALE DELLA PRIMAVERA;da specificare;;;;fronte civico93;Scontro laterale fra veicoli in marcia;Rettilineo;Due carreggiate;Asciutto;Asfaltata;Verticale ed orizzontale;Sereno;Normale;Buona;;3;0;1;0;12.5608;41.8834;-1;1;Autovettura privata;In marcia / fermata / arresto;Conducente;M;Rimandato;0;NON DECEDUTO;Non accertato;Esploso
5546691;6;09/08/2021 15:40:00;Strada Urbana;VIALE DELLA PRIMAVERA;da specificare;;;;fronte civico93;Scontro laterale fra veicoli in marcia;Rettilineo;Due carreggiate;Asciutto;Asfaltata;Verticale ed orizzontale;Sereno;Normale;Buona;;3;0;1;0;12.5608;41.8834;-1;1;Autovettura privata;In marcia / fermata / arresto;Passeggero;M;Rimandato;0;NON DECEDUTO;Non accertato;Esploso
5546691;6;09/08/2021 15:40:00;Strada Urbana;VIALE DELLA PRIMAVERA;da specificare;;;;fronte civico93;Scontro laterale fra veicoli in marcia;Rettilineo;Due carreggiate;Asciutto;Asfaltata;Verticale ed orizzontale;Sereno;Normale;Buona;;3;0;1;0;12.5608;41.8834;-1;2;Autovettura privata;In marcia / fermata / arresto;Conducente;F;Deceduto sul posto;-1;;Non accertato;Inesploso
5546691;6;09/08/2021 15:40:00;Strada Urbana;VIALE DELLA PRIMAVERA;da specificare;;;;fronte civico93;Scontro laterale fra veicoli in marcia;Rettilineo;Due carreggiate;Asciutto;Asfaltata;Verticale ed orizzontale;Sereno;Normale;Buona;;3;0;1;0;12.5608;41.8834;-1;3;Autovettura privata;In marcia / fermata / arresto;Conducente;M;Rifiuta cure immediate;0;NON DECEDUTO;Non accertato;Inesploso
5546691;6;09/08/2021 15:40:00;Strada Urbana;VIALE DELLA PRIMAVERA;da specificare;;;;fronte civico93;Scontro laterale fra veicoli in marcia;Rettilineo;Due carreggiate;Asciutto;Asfaltata;Verticale ed orizzontale;Sereno;Normale;Buona;;3;0;1;0;12.5608;41.8834;-1;4;Autovettura privata;Sosta;;;;;;;
5546691;6;09/08/2021 15:40:00;Strada Urbana;VIALE DELLA PRIMAVERA;da specificare;;;;fronte civico93;Scontro laterale fra veicoli in marcia;Rettilineo;Due carreggiate;Asciutto;Asfaltata;Verticale ed orizzontale;Sereno;Normale;Buona;;3;0;1;0;12.5608;41.8834;-1;5;Autovettura privata;Sosta;;;;;;;
5546719;5;09/08/2021 09:40:00;Strada Urbana;VIA SAN SEVERINO MARCHE;da specificare;;;;prossimit� via Cappi;Tamponamento;Curva a visuale libera;Una carreggiata a doppio senso;Asciutto;Asfaltata;Verticale ed orizzontale;Sereno;Normale;Buona;;1;0;0;2;12.5884;41.9452;-1;1;Autovettura privata;In marcia / fermata / arresto;Conducente;F;Illeso;0;;Non accertato;
5546719;5;09/08/2021 09:40:00;Strada Urbana;VIA SAN SEVERINO MARCHE;da specificare;;;;prossimit� via Cappi;Tamponamento;Curva a visuale libera;Una carreggiata a doppio senso;Asciutto;Asfaltata;Verticale ed orizzontale;Sereno;Normale;Buona;;1;0;0;2;12.5884;41.9452;-1;1;Autovettura privata;In marcia / fermata / arresto;Passeggero;M;Rimandato;0;NON DECEDUTO;Non accertato;
5546719;5;09/08/2021 09:40:00;Strada Urbana;VIA SAN SEVERINO MARCHE;da specificare;;;;prossimit� via Cappi;Tamponamento;Curva a visuale libera;Una carreggiata a doppio senso;Asciutto;Asfaltata;Verticale ed orizzontale;Sereno;Normale;Buona;;1;0;0;2;12.5884;41.9452;-1;2;Autovettura privata;In marcia / fermata / arresto;Conducente;F;Illeso;0;;Non accertato;
5546725;5;09/08/2021 10:30:00;Strada Urbana;VIA MONTECAROTTO;in prossimit�;;del civico n.;18;;Tamponamento;Rettilineo;Una carreggiata a doppio senso;Asciutto;Asfaltata;Verticale ed orizzontale;Sereno;Scarso;Buona;;0;0;0;2;12.581;41.9416;-1;1;Autovettura privata;In marcia / fermata / arresto;Conducente;F;Illeso;0;;;
5546725;5;09/08/2021 10:30:00;Strada Urbana;VIA MONTECAROTTO;in prossimit�;;del civico n.;18;;Tamponamento;Rettilineo;Una carreggiata a doppio senso;Asciutto;Asfaltata;Verticale ed orizzontale;Sereno;Scarso;Buona;;0;0;0;2;12.581;41.9416;-1;2;Autovettura privata;In marcia / fermata / arresto;Conducente;M;Illeso;0;;;
5546728;5;09/08/2021 11:30:00;Strada Urbana;VIA DI PORTONACCIO;all'intersezione semaforizzata con;VIA CASTELGUIDONE;VIA CASTELGUIDONE;;;Veicolo in marcia contro veicolo fermo;Incrocio;Due carreggiate;Asciutto;Asfaltata;Verticale ed orizzontale;Sereno;Normale;Buona;;0;0;0;3;12.5386;41.8985;-1;1;Autovettura privata;In marcia / fermata / arresto;Conducente;M;Illeso;0;;;
5546728;5;09/08/2021 11:30:00;Strada Urbana;VIA DI PORTONACCIO;all'intersezione semaforizzata con;VIA CASTELGUIDONE;VIA CASTELGUIDONE;;;Veicolo in marcia contro veicolo fermo;Incrocio;Due carreggiate;Asciutto;Asfaltata;Verticale ed orizzontale;Sereno;Normale;Buona;;0;0;0;3;12.5386;41.8985;-1;2;Autovettura privata;In marcia / fermata / arresto;Conducente;M;Illeso;0;;;
5546728;5;09/08/2021 11:30:00;Strada Urbana;VIA DI PORTONACCIO;all'intersezione semaforizzata con;VIA CASTELGUIDONE;VIA CASTELGUIDONE;;;Veicolo in marcia contro veicolo fermo;Incrocio;Due carreggiate;Asciutto;Asfaltata;Verticale ed orizzontale;Sereno;Normale;Buona;;0;0;0;3;12.5386;41.8985;-1;2;Autovettura privata;In marcia / fermata / arresto;Passeggero;F;Illeso;0;;;
5546731;16;06/08/2021 21:45:00;;VIA DELLA PISANA;in corrispondenza;;del civico n.;5;;Veicolo in marcia contro veicolo in sosta;;;;;;;;;;0;0;0;1;;;0;1;Autovettura privata;Sosta;Conducente;M;Illeso;0;;;
5546731;16;06/08/2021 21:45:00;;VIA DELLA PISANA;in corrispondenza;;del civico n.;5;;Veicolo in marcia contro veicolo in sosta;;;;;;;;;;0;0;0;1;;;0;2;Autovettura privata;Allontanatosi;;;;;;;
5546745;16;08/08/2021 03:50:00;;VIA VINCENZO STATELLA;in corrispondenza;;del civico n.;46;;Veicolo in marcia contro veicolo in sosta;;;;;;;;;;0;0;0;2;;;0;1;Autovettura privata;In marcia / fermata / arresto;Conducente;M;Illeso;0;;;
5546745;16;08/08/2021 03:50:00;;VIA VINCENZO STATELLA;in corrispondenza;;del civico n.;46;;Veicolo in marcia contro veicolo in sosta;;;;;;;;;;0;0;0;2;;;0;1;Autovettura privata;In marcia / fermata / arresto;Passeggero;F;Illeso;0;;;
5546745;16;08/08/2021 03:50:00;;VIA VINCENZO STATELLA;in corrispondenza;;del civico n.;46;;Veicolo in marcia contro veicolo in sosta;;;;;;;;;;0;0;0;2;;;0;2;Motociclo a solo;Sosta;;;;;;;
5546748;7;09/08/2021 18:00:00;Strada Urbana;VIA PRENESTINA;all'intersezione con;VIA ARISTIDE STADERINI;VIA ARISTIDE STADERINI;;;Scontro frontale/laterale DX fra veicoli in marcia;Incrocio;Due carreggiate;Asciutto;Asfaltata;Orizzontale;Sereno;Normale;Buona;;0;0;0;3;12.5871;41.8939;-1;1;Autocarro inferiore 35 q.;In marcia / fermata / arresto;Conducente;M;Illeso;0;;Non accertato;Inesploso
5546748;7;09/08/2021 18:00:00;Strada Urbana;VIA PRENESTINA;all'intersezione con;VIA ARISTIDE STADERINI;VIA ARISTIDE STADERINI;;;Scontro frontale/laterale DX fra veicoli in marcia;Incrocio;Due carreggiate;Asciutto;Asfaltata;Orizzontale;Sereno;Normale;Buona;;0;0;0;3;12.5871;41.8939;-1;2;Autovettura privata;In marcia / fermata / arresto;Conducente;M;Illeso;0;;Non accertato;Inesploso
5546748;7;09/08/2021 18:00:00;Strada Urbana;VIA PRENESTINA;all'intersezione con;VIA ARISTIDE STADERINI;VIA ARISTIDE STADERINI;;;Scontro frontale/laterale DX fra veicoli in marcia;Incrocio;Due carreggiate;Asciutto;Asfaltata;Orizzontale;Sereno;Normale;Buona;;0;0;0;3;12.5871;41.8939;-1;2;Autovettura privata;In marcia / fermata / arresto;Passeggero;M;Illeso;0;;Non accertato;Inesploso
5546753;16;08/08/2021 19:40:00;Strada Urbana;VIA LUDOVICA ALBERTONI;all'intersezione con;VIA LUIGI ZAMBARELLI;VIA LUIGI ZAMBARELLI;;;Scontro frontale fra veicoli in marcia;Intersezione stradale segnalata;Due carreggiate;Asciutto;Asfaltata;Verticale ed orizzontale;Sereno;Normale;Buona;;0;0;0;3;12.4442;41.8782;-1;1;Motociclo a solo;In marcia / fermata / arresto;Conducente;M;Illeso;0;;Non accertato;
5546753;16;08/08/2021 19:40:00;Strada Urbana;VIA LUDOVICA ALBERTONI;all'intersezione con;VIA LUIGI ZAMBARELLI;VIA LUIGI ZAMBARELLI;;;Scontro frontale fra veicoli in marcia;Intersezione stradale segnalata;Due carreggiate;Asciutto;Asfaltata;Verticale ed orizzontale;Sereno;Normale;Buona;;0;0;0;3;12.4442;41.8782;-1;1;Motociclo a solo;In marcia / fermata / arresto;Passeggero;F;Illeso;0;;Non accertato;
5546753;16;08/08/2021 19:40:00;Strada Urbana;VIA LUDOVICA ALBERTONI;all'intersezione con;VIA LUIGI ZAMBARELLI;VIA LUIGI ZAMBARELLI;;;Scontro frontale fra veicoli in marcia;Intersezione stradale segnalata;Due carreggiate;Asciutto;Asfaltata;Verticale ed orizzontale;Sereno;Normale;Buona;;0;0;0;3;12.4442;41.8782;-1;2;Autovettura privata;In marcia / fermata / arresto;Conducente;M;Illeso;0;;Non accertato;Inesploso
5546764;5;09/08/2021 15:00:00;Strada Urbana;VIA CORROPOLI;all'intersezione con;VIA MORRO D'ORO;VIA MORRO D'ORO;;;Veicolo in marcia contro veicolo in sosta;Incrocio;Una carreggiata a senso unico di marcia;Asciutto;Asfaltata;Verticale ed orizzontale;Sereno;Normale;Buona;;0;0;0;1;12.6476;41.9319;-1;1;Autobus di linea;In marcia / fermata / arresto;Conducente;F;Illeso;0;;;
5546764;5;09/08/2021 15:00:00;Strada Urbana;VIA CORROPOLI;all'intersezione con;VIA MORRO D'ORO;VIA MORRO D'ORO;;;Veicolo in marcia contro veicolo in sosta;Incrocio;Una carreggiata a senso unico di marcia;Asciutto;Asfaltata;Verticale ed orizzontale;Sereno;Normale;Buona;;0;0;0;1;12.6476;41.9319;-1;2;Autovettura privata;Sosta;;;;;;;
5546769;5;09/08/2021 15:20:00;Strada Urbana;VIA TIBURTINA;in prossimit�;;del civico n.;1322;;Scontro frontale/laterale SX fra veicoli in marcia;Rettilineo;Due carreggiate;Asciutto;Asfaltata;Verticale ed orizzontale;Sereno;Normale;Buona;;0;0;0;2;12.616;41.9367;-1;1;Autovettura privata;In marcia / fermata / arresto;Conducente;F;Illeso;0;;;
5546769;5;09/08/2021 15:20:00;Strada Urbana;VIA TIBURTINA;in prossimit�;;del civico n.;1322;;Scontro frontale/laterale SX fra veicoli in marcia;Rettilineo;Due carreggiate;Asciutto;Asfaltata;Verticale ed orizzontale;Sereno;Normale;Buona;;0;0;0;2;12.616;41.9367;-1;2;Autoarticolato;In marcia / fermata / arresto;Conducente;M;Illeso;0;;;
5546859;9;09/08/2021 19:15:00;Strada Urbana;VIA TUSCOLANA;all'intersezione semaforizzata con;VIA GELA;VIA GELA;;;Scontro frontale/laterale DX fra veicoli in marcia;Intersezione semaforizzata;Una carreggiata a doppio senso;Asciutto;Asfaltata;Verticale ed orizzontale;Sereno;Normale;Buona;;1;0;0;1;12.5217;41.8794;-1;1;Autovettura privata;In marcia / fermata / arresto;Conducente;M;Illeso;0;;Non accertato;Inesploso
5546859;9;09/08/2021 19:15:00;Strada Urbana;VIA TUSCOLANA;all'intersezione semaforizzata con;VIA GELA;VIA GELA;;;Scontro frontale/laterale DX fra veicoli in marcia;Intersezione semaforizzata;Una carreggiata a doppio senso;Asciutto;Asfaltata;Verticale ed orizzontale;Sereno;Normale;Buona;;1;0;0;1;12.5217;41.8794;-1;2;Motociclo a solo;In marcia / fermata / arresto;Conducente;M;Rimandato;0;NON DECEDUTO;Non accertato;
5547010;11;09/08/2021 16:15:00;Strada Urbana;VIALE DI TOR MARANCIA;in corrispondenza;;del civico n.;113 A;;Veicolo in marcia contro veicoli in sosta;Rettilineo;Una carreggiata a senso unico di marcia;Asciutto;Asfaltata;Verticale ed orizzontale;Sereno;Scarso;Buona;;0;0;0;1;12.4981;41.853;-1;1;Autovettura privata;In marcia / fermata / arresto;Conducente;F;Illeso;0;;;
5547010;11;09/08/2021 16:15:00;Strada Urbana;VIALE DI TOR MARANCIA;in corrispondenza;;del civico n.;113 A;;Veicolo in marcia contro veicoli in sosta;Rettilineo;Una carreggiata a senso unico di marcia;Asciutto;Asfaltata;Verticale ed orizzontale;Sereno;Scarso;Buona;;0;0;0;1;12.4981;41.853;-1;2;Autovettura privata;Sosta;;;;;;;
5547010;11;09/08/2021 16:15:00;Strada Urbana;VIALE DI TOR MARANCIA;in corrispondenza;;del civico n.;113 A;;Veicolo in marcia contro veicoli in sosta;Rettilineo;Una carreggiata a senso unico di marcia;Asciutto;Asfaltata;Verticale ed orizzontale;Sereno;Scarso;Buona;;0;0;0;1;12.4981;41.853;-1;3;Autovettura privata;Sosta;;;;;;;
5547019;8;09/08/2021 20:00:00;Strada Urbana;VIA DI VERMICINO;in corrispondenza;;del civico n.;144;;Tamponamento;Rettilineo;Una carreggiata a doppio senso;Asciutto;Asfaltata;Orizzontale;Sereno;Normale;Buona;;1;0;0;4;12.6751;41.8546;0;1;Autovettura privata;In marcia / fermata / arresto;Conducente;M;Illeso;0;;;
5547019;8;09/08/2021 20:00:00;Strada Urbana;VIA DI VERMICINO;in corrispondenza;;del civico n.;144;;Tamponamento;Rettilineo;Una carreggiata a doppio senso;Asciutto;Asfaltata;Orizzontale;Sereno;Normale;Buona;;1;0;0;4;12.6751;41.8546;0;1;Autovettura privata;In marcia / fermata / arresto;Passeggero;M;Rifiuta cure immediate;0;NON DECEDUTO;;
5547019;8;09/08/2021 20:00:00;Strada Urbana;VIA DI VERMICINO;in corrispondenza;;del civico n.;144;;Tamponamento;Rettilineo;Una carreggiata a doppio senso;Asciutto;Asfaltata;Orizzontale;Sereno;Normale;Buona;;1;0;0;4;12.6751;41.8546;0;2;Autovettura privata;In marcia / fermata / arresto;Conducente;M;Illeso;0;;;
5547019;8;09/08/2021 20:00:00;Strada Urbana;VIA DI VERMICINO;in corrispondenza;;del civico n.;144;;Tamponamento;Rettilineo;Una carreggiata a doppio senso;Asciutto;Asfaltata;Orizzontale;Sereno;Normale;Buona;;1;0;0;4;12.6751;41.8546;0;2;Autovettura privata;In marcia / fermata / arresto;Passeggero;F;Illeso;0;;;
5547019;8;09/08/2021 20:00:00;Strada Urbana;VIA DI VERMICINO;in corrispondenza;;del civico n.;144;;Tamponamento;Rettilineo;Una carreggiata a doppio senso;Asciutto;Asfaltata;Orizzontale;Sereno;Normale;Buona;;1;0;0;4;12.6751;41.8546;0;2;Autovettura privata;In marcia / fermata / arresto;Passeggero;M;Illeso;0;;;
5547023;8;09/08/2021 21:00:00;Strada Urbana;VIA DON PRIMO MAZZOLARI;in prossimit�;;del civico n.;304;;Veicolo in marcia contro veicolo in sosta;Rettilineo;Una carreggiata a doppio senso;Asciutto;Asfaltata;Verticale ed orizzontale;Sereno;Scarso;Sufficiente;;1;0;0;0;12.6708;41.8989;-1;1;Autovettura privata;In marcia / fermata / arresto;Conducente;M;Rifiuta cure immediate;0;NON DECEDUTO;Non accertato;Inesploso
5547023;8;09/08/2021 21:00:00;Strada Urbana;VIA DON PRIMO MAZZOLARI;in prossimit�;;del civico n.;304;;Veicolo in marcia contro veicolo in sosta;Rettilineo;Una carreggiata a doppio senso;Asciutto;Asfaltata;Verticale ed orizzontale;Sereno;Scarso;Sufficiente;;1;0;0;0;12.6708;41.8989;-1;2;Autovettura privata;Sosta;;;;;;;
5547032;8;09/08/2021 10:30:00;Strada Urbana;VIA CASILINA;da specificare;;;;prox inters. via T. Mercandetti;Tamponamento;Rettilineo;Una carreggiata a doppio senso;Asciutto;Asfaltata;Verticale ed orizzontale;Sereno;Intenso;Buona;;2;0;0;1;12.6212;41.8626;-1;1;Autovettura privata;In marcia / fermata / arresto;Conducente;M;Rifiuta cure immediate;0;NON DECEDUTO;;
5547032;8;09/08/2021 10:30:00;Strada Urbana;VIA CASILINA;da specificare;;;;prox inters. via T. Mercandetti;Tamponamento;Rettilineo;Una carreggiata a doppio senso;Asciutto;Asfaltata;Verticale ed orizzontale;Sereno;Intenso;Buona;;2;0;0;1;12.6212;41.8626;-1;1;Autovettura privata;In marcia / fermata / arresto;Passeggero;M;Illeso;0;;;
5547032;8;09/08/2021 10:30:00;Strada Urbana;VIA CASILINA;da specificare;;;;prox inters. via T. Mercandetti;Tamponamento;Rettilineo;Una carreggiata a doppio senso;Asciutto;Asfaltata;Verticale ed orizzontale;Sereno;Intenso;Buona;;2;0;0;1;12.6212;41.8626;-1;2;Autovettura privata;In marcia / fermata / arresto;Conducente;F;Rifiuta cure immediate;0;NON DECEDUTO;;
5547037;8;09/08/2021 13:45:00;Provinciale entro l'abitato;VIA PRENESTINA NUOVA;da specificare;;;;all'altezza di VIA PRENESTINA;Tamponamento Multiplo;Rettilineo;Una carreggiata a doppio senso;Asciutto;Asfaltata;Orizzontale;Nuvoloso;Normale;Buona;;2;0;0;5;12.7111;41.8855;-1;1;Autovettura privata;In marcia / fermata / arresto;Conducente;M;Illeso;0;;Non accertato;Inesploso
5547037;8;09/08/2021 13:45:00;Provinciale entro l'abitato;VIA PRENESTINA NUOVA;da specificare;;;;all'altezza di VIA PRENESTINA;Tamponamento Multiplo;Rettilineo;Una carreggiata a doppio senso;Asciutto;Asfaltata;Orizzontale;Nuvoloso;Normale;Buona;;2;0;0;5;12.7111;41.8855;-1;2;Autovettura privata;In marcia / fermata / arresto;Conducente;M;Illeso;0;;Non accertato;Inesploso
5547037;8;09/08/2021 13:45:00;Provinciale entro l'abitato;VIA PRENESTINA NUOVA;da specificare;;;;all'altezza di VIA PRENESTINA;Tamponamento Multiplo;Rettilineo;Una carreggiata a doppio senso;Asciutto;Asfaltata;Orizzontale;Nuvoloso;Normale;Buona;;2;0;0;5;12.7111;41.8855;-1;2;Autovettura privata;In marcia / fermata / arresto;Passeggero;F;Ricoverato;0;NON DECEDUTO;Non accertato;Inesploso
5547037;8;09/08/2021 13:45:00;Provinciale entro l'abitato;VIA PRENESTINA NUOVA;da specificare;;;;all'altezza di VIA PRENESTINA;Tamponamento Multiplo;Rettilineo;Una carreggiata a doppio senso;Asciutto;Asfaltata;Orizzontale;Nuvoloso;Normale;Buona;;2;0;0;5;12.7111;41.8855;-1;2;Autovettura privata;In marcia / fermata / arresto;Passeggero;M;Rifiuta cure immediate;0;NON DECEDUTO;Non accertato;Inesploso
5547037;8;09/08/2021 13:45:00;Provinciale entro l'abitato;VIA PRENESTINA NUOVA;da specificare;;;;all'altezza di VIA PRENESTINA;Tamponamento Multiplo;Rettilineo;Una carreggiata a doppio senso;Asciutto;Asfaltata;Orizzontale;Nuvoloso;Normale;Buona;;2;0;0;5;12.7111;41.8855;-1;2;Autovettura privata;In marcia / fermata / arresto;Passeggero;M;Illeso;0;;Non accertato;Inesploso
5547037;8;09/08/2021 13:45:00;Provinciale entro l'abitato;VIA PRENESTINA NUOVA;da specificare;;;;all'altezza di VIA PRENESTINA;Tamponamento Multiplo;Rettilineo;Una carreggiata a doppio senso;Asciutto;Asfaltata;Orizzontale;Nuvoloso;Normale;Buona;;2;0;0;5;12.7111;41.8855;-1;3;Autocarro inferiore 35 q.;In marcia / fermata / arresto;Conducente;M;Illeso;0;;Non accertato;Inesploso
5547037;8;09/08/2021 13:45:00;Provinciale entro l'abitato;VIA PRENESTINA NUOVA;da specificare;;;;all'altezza di VIA PRENESTINA;Tamponamento Multiplo;Rettilineo;Una carreggiata a doppio senso;Asciutto;Asfaltata;Orizzontale;Nuvoloso;Normale;Buona;;2;0;0;5;12.7111;41.8855;-1;3;Autocarro inferiore 35 q.;In marcia / fermata / arresto;Passeggero;M;Illeso;0;;Non accertato;Inesploso
5547094;8;09/08/2021 12:45:00;Strada Urbana;VIA DI VERMICINO;da specificare;;;;prox via San Giovanni Apostolo;Tamponamento Multiplo;Rettilineo;Una carreggiata a doppio senso;Asciutto;Asfaltata;Orizzontale;Sereno;Normale;Buona;;1;0;0;3;12.661;41.8422;-1;1;Autovettura privata;In marcia / fermata / arresto;Conducente;M;Illeso;0;;Non accertato;Inesploso
5547094;8;09/08/2021 12:45:00;Strada Urbana;VIA DI VERMICINO;da specificare;;;;prox via San Giovanni Apostolo;Tamponamento Multiplo;Rettilineo;Una carreggiata a doppio senso;Asciutto;Asfaltata;Orizzontale;Sereno;Normale;Buona;;1;0;0;3;12.661;41.8422;-1;2;Autovettura privata;In marcia / fermata / arresto;Conducente;F;Illeso;0;;Non accertato;Inesploso
5547094;8;09/08/2021 12:45:00;Strada Urbana;VIA DI VERMICINO;da specificare;;;;prox via San Giovanni Apostolo;Tamponamento Multiplo;Rettilineo;Una carreggiata a doppio senso;Asciutto;Asfaltata;Orizzontale;Sereno;Normale;Buona;;1;0;0;3;12.661;41.8422;-1;3;Autovettura privata;In marcia / fermata / arresto;Conducente;M;Rifiuta cure immediate;0;NON DECEDUTO;Non accertato;Inesploso
5547094;8;09/08/2021 12:45:00;Strada Urbana;VIA DI VERMICINO;da specificare;;;;prox via San Giovanni Apostolo;Tamponamento Multiplo;Rettilineo;Una carreggiata a doppio senso;Asciutto;Asfaltata;Orizzontale;Sereno;Normale;Buona;;1;0;0;3;12.661;41.8422;-1;4;Autovettura privata;In marcia / fermata / arresto;Conducente;M;Illeso;0;;Non accertato;Inesploso
5547096;4;09/08/2021 11:15:00;Strada Urbana;VIA VALSAVARANCHE;in corrispondenza;;del civico n.;55;;Veicolo in marcia contro ostacolo fisso;Rettilineo;Una carreggiata a senso unico di marcia;Asciutto;Asfaltata;Verticale ed orizzontale;Sereno;Scarso;Buona;;0;0;0;1;12.5152;41.9444;-1;1;Autovettura privata;In marcia / fermata / arresto;Conducente;M;Illeso;0;;Non accertato;Inesploso
5547096;4;09/08/2021 11:15:00;Strada Urbana;VIA VALSAVARANCHE;in corrispondenza;;del civico n.;55;;Veicolo in marcia contro ostacolo fisso;Rettilineo;Una carreggiata a senso unico di marcia;Asciutto;Asfaltata;Verticale ed orizzontale;Sereno;Scarso;Buona;;0;0;0;1;12.5152;41.9444;-1;2;Autovettura privata;Sosta;;;;;;;
5547099;20;09/08/2021 10:15:00;Strada Urbana;VIA DI GROTTAROSSA;da specificare;;;;FR. FERMATA ATAC PARCO PACE (78540);Scontro frontale/laterale SX fra veicoli in marcia;Rettilineo;Una carreggiata a doppio senso;Asciutto;Asfaltata;Verticale;Sereno;Normale;Buona;;0;0;0;2;12.4449;41.973;-1;1;Autovettura privata;In marcia / fermata / arresto;Conducente;F;Illeso;0;;;
5547099;20;09/08/2021 10:15:00;Strada Urbana;VIA DI GROTTAROSSA;da specificare;;;;FR. FERMATA ATAC PARCO PACE (78540);Scontro frontale/laterale SX fra veicoli in marcia;Rettilineo;Una carreggiata a doppio senso;Asciutto;Asfaltata;Verticale;Sereno;Normale;Buona;;0;0;0;2;12.4449;41.973;-1;2;Autovettura privata;In marcia / fermata / arresto;Conducente;F;Illeso;0;;;
5547103;4;09/08/2021 20:50:00;Strada Urbana;VIA ROBERTO ROSSELLINI;all'intersezione con;VIA MARIO BONNARD;VIA MARIO BONNARD;;;Scontro frontale/laterale SX fra veicoli in marcia;Incrocio;Una carreggiata a doppio senso;Asciutto;Asfaltata;Orizzontale;Sereno;Scarso;Buona;;1;0;0;1;12.566;41.9492;-1;1;Motociclo a solo;In marcia / fermata / arresto;Conducente;F;Rimandato;0;NON DECEDUTO;Non accertato;
5547103;4;09/08/2021 20:50:00;Strada Urbana;VIA ROBERTO ROSSELLINI;all'intersezione con;VIA MARIO BONNARD;VIA MARIO BONNARD;;;Scontro frontale/laterale SX fra veicoli in marcia;Incrocio;Una carreggiata a doppio senso;Asciutto;Asfaltata;Orizzontale;Sereno;Scarso;Buona;;1;0;0;1;12.566;41.9492;-1;2;Autovettura privata;In marcia / fermata / arresto;Conducente;F;Illeso;0;;;
5547103;4;09/08/2021 20:50:00;Strada Urbana;VIA ROBERTO ROSSELLINI;all'intersezione con;VIA MARIO BONNARD;VIA MARIO BONNARD;;;Scontro frontale/laterale SX fra veicoli in marcia;Incrocio;Una carreggiata a doppio senso;Asciutto;Asfaltata;Orizzontale;Sereno;Scarso;Buona;;1;0;0;1;12.566;41.9492;-1;3;Autobus di linea;Sosta;;;;;;;
5547104;20;09/08/2021 09:30:00;Strada Urbana;VIA SAN GODENZO;da specificare;;;;AREA INTERNA OSP. SAN PIETRO ;Scontro frontale/laterale DX fra veicoli in marcia;Rettilineo;Una carreggiata a senso unico di marcia;Asciutto;Asfaltata;Verticale ed orizzontale;Sereno;Scarso;Buona;;0;0;0;5;12.4539;41.9618;-1;1;Autovettura privata;In marcia / fermata / arresto;Conducente;F;Illeso;0;;Non accertato;Inesploso
5547104;20;09/08/2021 09:30:00;Strada Urbana;VIA SAN GODENZO;da specificare;;;;AREA INTERNA OSP. SAN PIETRO ;Scontro frontale/laterale DX fra veicoli in marcia;Rettilineo;Una carreggiata a senso unico di marcia;Asciutto;Asfaltata;Verticale ed orizzontale;Sereno;Scarso;Buona;;0;0;0;5;12.4539;41.9618;-1;1;Autovettura privata;In marcia / fermata / arresto;Passeggero;M;Illeso;0;;Non accertato;
5547104;20;09/08/2021 09:30:00;Strada Urbana;VIA SAN GODENZO;da specificare;;;;AREA INTERNA OSP. SAN PIETRO ;Scontro frontale/laterale DX fra veicoli in marcia;Rettilineo;Una carreggiata a senso unico di marcia;Asciutto;Asfaltata;Verticale ed orizzontale;Sereno;Scarso;Buona;;0;0;0;5;12.4539;41.9618;-1;2;Autovettura privata;In marcia / fermata / arresto;Conducente;M;Illeso;0;;Non accertato;Inesploso
5547104;20;09/08/2021 09:30:00;Strada Urbana;VIA SAN GODENZO;da specificare;;;;AREA INTERNA OSP. SAN PIETRO ;Scontro frontale/laterale DX fra veicoli in marcia;Rettilineo;Una carreggiata a senso unico di marcia;Asciutto;Asfaltata;Verticale ed orizzontale;Sereno;Scarso;Buona;;0;0;0;5;12.4539;41.9618;-1;2;Autovettura privata;In marcia / fermata / arresto;Passeggero;F;Illeso;0;;Non accertato;
5547104;20;09/08/2021 09:30:00;Strada Urbana;VIA SAN GODENZO;da specificare;;;;AREA INTERNA OSP. SAN PIETRO ;Scontro frontale/laterale DX fra veicoli in marcia;Rettilineo;Una carreggiata a senso unico di marcia;Asciutto;Asfaltata;Verticale ed orizzontale;Sereno;Scarso;Buona;;0;0;0;5;12.4539;41.9618;-1;2;Autovettura privata;In marcia / fermata / arresto;Passeggero;F;Illeso;0;;Non accertato;