Protocollo;Gruppo;DataOraIncidente;Localizzazione1;STRADA1;Localizzazione2;STRADA2;Strada02;Chilometrica;DaSpecificare;NaturaIncidente;particolaritastrade;TipoStrada;FondoStradale;Pavimentazione;Segnaletica;CondizioneAtmosferica;Traffico;Visibilita;Illuminazione;NUM_FERITI;NUM_RISERVATA;NUM_MORTI;NUM_ILLESI;Longitudine;Latitudine;Confermato;Progressivo;TipoVeicolo;StatoVeicolo;TipoPersona;Sesso;Tipolesione;Deceduto;DecedutoDopo;CinturaCascoUtilizzato;Airbag;
5551674;18;12/08/2021 18:40:00;Statale;VIA AURELIA;da specificare;;;;dir Roma uscita Malagrotta - La Storta;Tamponamento;Curva a visuale libera;Due carreggiate;Asciutto;Asfaltata;Verticale ed orizzontale;Sereno;Normale;Buona;;1;0;0;2;12.3352;41.8848;-1;1;Autovettura privata;In marcia / fermata / arresto;Conducente;M;Illeso;0;;;
5551674;18;12/08/2021 18:40:00;Statale;VIA AURELIA;da specificare;;;;dir Roma uscita Malagrotta - La Storta;Tamponamento;Curva a visuale libera;Due carreggiate;Asciutto;Asfaltata;Verticale ed orizzontale;Sereno;Normale;Buona;;1;0;0;2;12.3352;41.8848;-1;1;Autovettura privata;In marcia / fermata / arresto;Passeggero;M;Illeso;0;;Non accertato;
5551674;18;12/08/2021 18:40:00;Statale;VIA AURELIA;da specificare;;;;dir Roma uscita Malagrotta - La Storta;Tamponamento;Curva a visuale libera;Due carreggiate;Asciutto;Asfaltata;Verticale ed orizzontale;Sereno;Normale;Buona;;1;0;0;2;12.3352;41.8848;-1;2;Motociclo a solo;In marcia / fermata / arresto;Conducente;M;Ricoverato;0;NON DECEDUTO;;
5551846;12;14/08/2021 08:30:00;Strada Urbana;VIALE EGEO;in prossimit�;;del civico n.;32;;Veicolo in marcia contro veicolo in sosta;Rettilineo;Una carreggiata a doppio senso;Asciutto;Asfaltata;Verticale ed orizzontale;Sereno;Normale;Buona;;0;0;0;0;12.4588;41.8353;-1;1;Autovettura privata;Sosta;;;;;;;
5551846;12;14/08/2021 08:30:00;Strada Urbana;VIALE EGEO;in prossimit�;;del civico n.;32;;Veicolo in marcia contro veicolo in sosta;Rettilineo;Una carreggiata a doppio senso;Asciutto;Asfaltata;Verticale ed orizzontale;Sereno;Normale;Buona;;0;0;0;0;12.4588;41.8353;-1;2;Autovettura privata;In marcia / fermata / arresto;;;;;;;
5551870;10;14/08/2021 19:40:00;Strada Urbana;VIALE ANTONIO CIAMARRA;da specificare;;;;in prossimit� di viale B. RIZZIERI;Scontro laterale fra veicoli in marcia;Rettilineo;Due carreggiate;Asciutto;Asfaltata;Verticale ed orizzontale;Sereno;Normale;Buona;;1;0;0;2;12.5906;41.8528;-1;1;Autovettura privata;In marcia / fermata / arresto;Conducente;M;Illeso;0;;;
5551870;10;14/08/2021 19:40:00;Strada Urbana;VIALE ANTONIO CIAMARRA;da specificare;;;;in prossimit� di viale B. RIZZIERI;Scontro laterale fra veicoli in marcia;Rettilineo;Due carreggiate;Asciutto;Asfaltata;Verticale ed orizzontale;Sereno;Normale;Buona;;1;0;0;2;12.5906;41.8528;-1;1;Autovettura privata;In marcia / fermata / arresto;Passeggero;F;Illeso;0;;Non accertato;Inesploso
5551870;10;14/08/2021 19:40:00;Strada Urbana;VIALE ANTONIO CIAMARRA;da specificare;;;;in prossimit� di viale B. RIZZIERI;Scontro laterale fra veicoli in marcia;Rettilineo;Due carreggiate;Asciutto;Asfaltata;Verticale ed orizzontale;Sereno;Normale;Buona;;1;0;0;2;12.5906;41.8528;-1;2;Autovettura privata;In marcia / fermata / arresto;Conducente;F;Rimandato;0;NON DECEDUTO;Non accertato;Inesploso
5551874;12;14/08/2021 09:25:00;Strada Urbana;VIALE DEGLI EROI DI RODI;in prossimit�;;del civico n.;91;;Scontro laterale fra veicoli in marcia;Rettilineo;Una carreggiata a senso unico di marcia;Asciutto;Asfaltata;Verticale ed orizzontale;Sereno;Scarso;Buona;;0;0;0;2;12.4387;41.78;-1;1;Autovettura privata;In marcia / fermata / arresto;Conducente;M;Illeso;0;;Non accertato;Inesploso
5551874;12;14/08/2021 09:25:00;Strada Urbana;VIALE DEGLI EROI DI RODI;in prossimit�;;del civico n.;91;;Scontro laterale fra veicoli in marcia;Rettilineo;Una carreggiata a senso unico di marcia;Asciutto;Asfaltata;Verticale ed orizzontale;Sereno;Scarso;Buona;;0;0;0;2;12.4387;41.78;-1;2;Autocarro inferiore 35 q.;In marcia / fermata / arresto;Conducente;F;Illeso;0;;Non accertato;Inesploso
5551890;10;14/08/2021 21:40:00;Strada Urbana;VIA ANAGNINA;in prossimit�;;del civico n.;3;;Tamponamento;Rettilineo;Una carreggiata a senso unico di marcia;Asciutto;Asfaltata;Verticale ed orizzontale;Sereno;Normale;Sufficiente;;0;0;0;3;12.5883;41.8397;-1;1;Autovettura privata;In marcia / fermata / arresto;Conducente;F;Illeso;0;;Non accertato;Inesploso
5551890;10;14/08/2021 21:40:00;Strada Urbana;VIA ANAGNINA;in prossimit�;;del civico n.;3;;Tamponamento;Rettilineo;Una carreggiata a senso unico di marcia;Asciutto;Asfaltata;Verticale ed orizzontale;Sereno;Normale;Sufficiente;;0;0;0;3;12.5883;41.8397;-1;1;Autovettura privata;In marcia / fermata / arresto;Passeggero;M;Illeso;0;;Non accertato;Inesploso
5551890;10;14/08/2021 21:40:00;Strada Urbana;VIA ANAGNINA;in prossimit�;;del civico n.;3;;Tamponamento;Rettilineo;Una carreggiata a senso unico di marcia;Asciutto;Asfaltata;Verticale ed orizzontale;Sereno;Normale;Sufficiente;;0;0;0;3;12.5883;41.8397;-1;2;Autovettura privata;In marcia / fermata / arresto;Conducente;F;Illeso;0;;Non accertato;Inesploso
5551906;17;15/08/2021 06:15:00;Strada Urbana;PIAZZA AMERICO CAPPONI;in prossimit�;;del civico n.;13;;Scontro laterale fra veicoli in marcia;Rettilineo;Una carreggiata a senso unico di marcia;Asciutto;Asfaltata;Verticale ed orizzontale;Sereno;Scarso;Buona;;1;0;0;1;12.4605;41.9051;-1;1;Motociclo a solo;In marcia / fermata / arresto;Conducente;M;Illeso;0;;Non accertato;
5551906;17;15/08/2021 06:15:00;Strada Urbana;PIAZZA AMERICO CAPPONI;in prossimit�;;del civico n.;13;;Scontro laterale fra veicoli in marcia;Rettilineo;Una carreggiata a senso unico di marcia;Asciutto;Asfaltata;Verticale ed orizzontale;Sereno;Scarso;Buona;;1;0;0;1;12.4605;41.9051;-1;2;Motociclo a solo;In marcia / fermata / arresto;Conducente;M;Rimandato;0;NON DECEDUTO;Non accertato;
5551914;23;13/08/2021 22:00:00;Strada Urbana;VIA UMBERTO GIORDANO;all'intersezione con;VIA CESARE PASCUCCI;VIA CESARE PASCUCCI;;;Scontro frontale/laterale DX fra veicoli in marcia;Incrocio;Una carreggiata a doppio senso;Asciutto;Asfaltata;Assente;Sereno;Normale;Sufficiente;;1;0;0;2;12.3613;41.7412;-1;1;Autovettura privata;In marcia / fermata / arresto;Conducente;M;Illeso;0;;Non accertato;Inesploso
5551914;23;13/08/2021 22:00:00;Strada Urbana;VIA UMBERTO GIORDANO;all'intersezione con;VIA CESARE PASCUCCI;VIA CESARE PASCUCCI;;;Scontro frontale/laterale DX fra veicoli in marcia;Incrocio;Una carreggiata a doppio senso;Asciutto;Asfaltata;Assente;Sereno;Normale;Sufficiente;;1;0;0;2;12.3613;41.7412;-1;1;Autovettura privata;In marcia / fermata / arresto;Passeggero;F;Illeso;0;;Non accertato;Inesploso
5551914;23;13/08/2021 22:00:00;Strada Urbana;VIA UMBERTO GIORDANO;all'intersezione con;VIA CESARE PASCUCCI;VIA CESARE PASCUCCI;;;Scontro frontale/laterale DX fra veicoli in marcia;Incrocio;Una carreggiata a doppio senso;Asciutto;Asfaltata;Assente;Sereno;Normale;Sufficiente;;1;0;0;2;12.3613;41.7412;-1;2;Motociclo a solo;In marcia / fermata / arresto;Conducente;M;Ricoverato;0;NON DECEDUTO;;
5551957;12;14/08/2021 20:50:00;Strada Urbana;VIA DI TRIGORIA;da specificare;;;;PROSSIMITA' CIV.236 DIREZIONE CASTEL ROMANO;Veicolo in marcia contro ostacolo accidentale;Rettilineo;Una carreggiata a doppio senso;Asciutto;Asfaltata;Verticale ed orizzontale;Sereno;Scarso;Sufficiente;;0;0;0;4;12.4673;41.7495;-1;1;Autovettura privata;In marcia / fermata / arresto;Conducente;F;Illeso;0;;Non accertato;Inesploso
5551957;12;14/08/2021 20:50:00;Strada Urbana;VIA DI TRIGORIA;da specificare;;;;PROSSIMITA' CIV.236 DIREZIONE CASTEL ROMANO;Veicolo in marcia contro ostacolo accidentale;Rettilineo;Una carreggiata a doppio senso;Asciutto;Asfaltata;Verticale ed orizzontale;Sereno;Scarso;Sufficiente;;0;0;0;4;12.4673;41.7495;-1;1;Autovettura privata;In marcia / fermata / arresto;Passeggero;M;Illeso;0;;Non accertato;Inesploso
5551957;12;14/08/2021 20:50:00;Strada Urbana;VIA DI TRIGORIA;da specificare;;;;PROSSIMITA' CIV.236 DIREZIONE CASTEL ROMANO;Veicolo in marcia contro ostacolo accidentale;Rettilineo;Una carreggiata a doppio senso;Asciutto;Asfaltata;Verticale ed orizzontale;Sereno;Scarso;Sufficiente;;0;0;0;4;12.4673;41.7495;-1;1;Autovettura privata;In marcia / fermata / arresto;Passeggero;F;Illeso;0;;Non accertato;Inesploso
5551957;12;14/08/2021 20:50:00;Strada Urbana;VIA DI TRIGORIA;da specificare;;;;PROSSIMITA' CIV.236 DIREZIONE CASTEL ROMANO;Veicolo in marcia contro ostacolo accidentale;Rettilineo;Una carreggiata a doppio senso;Asciutto;Asfaltata;Verticale ed orizzontale;Sereno;Scarso;Sufficiente;;0;0;0;4;12.4673;41.7495;-1;1;Autovettura privata;In marcia / fermata / arresto;Passeggero;M;Illeso;0;;Non accertato;Inesploso
5551987;12;14/08/2021 23:30:00;Statale;VIA PONTINA;in prossimit�;;della chilometrica;12.7;;Scontro laterale fra veicoli in marcia;Rettilineo;Due carreggiate;Asciutto;Asfaltata;Verticale ed orizzontale;Sereno;Scarso;Sufficiente;;0;0;0;4;12.4522;41.794;-1;1;Autovettura privata;In marcia / fermata / arresto;Conducente;M;Illeso;0;;Utilizzato;Inesploso
5551987;12;14/08/2021 23:30:00;Statale;VIA PONTINA;in prossimit�;;della chilometrica;12.7;;Scontro laterale fra veicoli in marcia;Rettilineo;Due carreggiate;Asciutto;Asfaltata;Verticale ed orizzontale;Sereno;Scarso;Sufficiente;;0;0;0;4;12.4522;41.794;-1;1;Autovettura privata;In marcia / fermata / arresto;Passeggero;M;Illeso;0;;Utilizzato;Inesploso
5551987;12;14/08/2021 23:30:00;Statale;VIA PONTINA;in prossimit�;;della chilometrica;12.7;;Scontro laterale fra veicoli in marcia;Rettilineo;Due carreggiate;Asciutto;Asfaltata;Verticale ed orizzontale;Sereno;Scarso;Sufficiente;;0;0;0;4;12.4522;41.794;-1;1;Autovettura privata;In marcia / fermata / arresto;Passeggero;M;Illeso;0;;Utilizzato;Inesploso
5551987;12;14/08/2021 23:30:00;Statale;VIA PONTINA;in prossimit�;;della chilometrica;12.7;;Scontro laterale fra veicoli in marcia;Rettilineo;Due carreggiate;Asciutto;Asfaltata;Verticale ed orizzontale;Sereno;Scarso;Sufficiente;;0;0;0;4;12.4522;41.794;-1;2;Autovettura privata;In marcia / fermata / arresto;Conducente;F;Illeso;0;;Utilizzato;Inesploso
5552019;2;15/08/2021 04:15:00;Strada Urbana;VIA MONTE DEL MARMO;in corrispondenza;;del civico n.;209;;Veicolo in marcia contro ostacolo fisso;Rettilineo;Due carreggiate;Asciutto;Asfaltata;Orizzontale;Sereno;;Buona;;1;0;0;0;12.3898;41.9248;-1;1;Autovettura privata;In marcia / fermata / arresto;Conducente;M;Rimandato;0;NON DECEDUTO;Non accertato;Esploso
5552020;11;13/08/2021 09:20:00;Strada Urbana;VIA ARDEATINA;in corrispondenza;;del civico n.;630;;Scontro laterale fra veicoli in marcia;Curva a visuale libera;Una carreggiata a doppio senso;Asciutto;Asfaltata;Verticale ed orizzontale;Nebbia;Normale;Buona;;2;0;0;1;12.5239;41.8134;-1;1;Autovettura privata;In marcia / fermata / arresto;Conducente;M;Rimandato;0;NON DECEDUTO;;
5552020;11;13/08/2021 09:20:00;Strada Urbana;VIA ARDEATINA;in corrispondenza;;del civico n.;630;;Scontro laterale fra veicoli in marcia;Curva a visuale libera;Una carreggiata a doppio senso;Asciutto;Asfaltata;Verticale ed orizzontale;Nebbia;Normale;Buona;;2;0;0;1;12.5239;41.8134;-1;2;Autocarro inferiore 35 q.;In marcia / fermata / arresto;Conducente;M;Rimandato;0;NON DECEDUTO;;
5552020;11;13/08/2021 09:20:00;Strada Urbana;VIA ARDEATINA;in corrispondenza;;del civico n.;630;;Scontro laterale fra veicoli in marcia;Curva a visuale libera;Una carreggiata a doppio senso;Asciutto;Asfaltata;Verticale ed orizzontale;Nebbia;Normale;Buona;;2;0;0;1;12.5239;41.8134;-1;3;Autocarro inferiore 35 q.;In marcia / fermata / arresto;Conducente;M;Illeso;0;;;
5552022;2;14/08/2021 11:20:00;Strada Urbana;VIA DEI CAMPI SPORTIVI;all'intersezione con;VIA DEL FORO ITALICO;VIA DEL FORO ITALICO;;;Scontro frontale/laterale SX fra veicoli in marcia;Incrocio;Due carreggiate;Asciutto;Asfaltata;Verticale ed orizzontale;Sereno;Scarso;Buona;;0;0;0;2;12.4903;41.9358;-1;1;Autocarro inferiore 35 q.;In marcia / fermata / arresto;Conducente;M;Illeso;0;;Non utilizzato;Esploso
5552022;2;14/08/2021 11:20:00;Strada Urbana;VIA DEI CAMPI SPORTIVI;all'intersezione con;VIA DEL FORO ITALICO;VIA DEL FORO ITALICO;;;Scontro frontale/laterale SX fra veicoli in marcia;Incrocio;Due carreggiate;Asciutto;Asfaltata;Verticale ed orizzontale;Sereno;Scarso;Buona;;0;0;0;2;12.4903;41.9358;-1;2;Autovettura privata;In marcia / fermata / arresto;Conducente;F;Illeso;0;;Non accertato;Esploso
5552038;20;15/08/2021 11:00:00;Provinciale;VIA BRACCIANENSE;da specificare;;;;prossimit�  km. 7;Infortunio per sola frenata improvvisa;Curva a visuale libera;Una carreggiata a doppio senso;Asciutto;Asfaltata;Verticale ed orizzontale;Sereno;Normale;Buona;;2;0;0;0;12.3543;42.0176;-1;1;Motociclo a solo;In marcia / fermata / arresto;Conducente;F;Rimandato;0;NON DECEDUTO;;
5552038;20;15/08/2021 11:00:00;Provinciale;VIA BRACCIANENSE;da specificare;;;;prossimit�  km. 7;Infortunio per sola frenata improvvisa;Curva a visuale libera;Una carreggiata a doppio senso;Asciutto;Asfaltata;Verticale ed orizzontale;Sereno;Normale;Buona;;2;0;0;0;12.3543;42.0176;-1;1;Motociclo a solo;In marcia / fermata / arresto;Passeggero;M;Rimandato;0;NON DECEDUTO;Non accertato;
5552042;11;13/08/2021 19:45:00;Strada Urbana;CIRCONVALLAZIONE OSTIENSE;all'intersezione con;VIA NICOLO' DA PISTOIA;VIA NICOLO' DA PISTOIA;;;Tamponamento;Intersezione stradale segnalata;Due carreggiate;Asciutto;Asfaltata;Verticale ed orizzontale;Sereno;Scarso;Buona;;0;0;0;2;12.487;41.8672;-1;1;Motociclo a solo;In marcia / fermata / arresto;Conducente;M;Illeso;0;;;
5552042;11;13/08/2021 19:45:00;Strada Urbana;CIRCONVALLAZIONE OSTIENSE;all'intersezione con;VIA NICOLO' DA PISTOIA;VIA NICOLO' DA PISTOIA;;;Tamponamento;Intersezione stradale segnalata;Due carreggiate;Asciutto;Asfaltata;Verticale ed orizzontale;Sereno;Scarso;Buona;;0;0;0;2;12.487;41.8672;-1;2;Autovettura privata;In marcia / fermata / arresto;Conducente;M;Illeso;0;;;
5552120;12;13/08/2021 11:30:00;Provinciale;VIA DELLA SOLFARATA;da specificare;;;;tra il Km 9,000 ed il Km 10,000;Veicolo in marcia contro ostacolo accidentale;Rettilineo;Una carreggiata a doppio senso;Viscido da liquidi oleosi;Asfaltata;Assente;Sereno;Scarso;Buona;;0;0;0;1;12.5458;41.7065;-1;1;Autovettura privata;In marcia / fermata / arresto;Conducente;M;Illeso;0;;Utilizzato;Inesploso
5552394;13;13/08/2021 21:25:00;Strada Urbana;VIA DEI VELIERI;all'intersezione con;VIA DEI TRAGHETTI;VIA DEI TRAGHETTI;;;Scontro frontale/laterale DX fra veicoli in marcia;Incrocio;Due carreggiate;Asciutto;Asfaltata;Verticale ed orizzontale;Sereno;Normale;Sufficiente;;0;0;0;2;12.2757;41.7365;-1;1;Autovettura privata;In marcia / fermata / arresto;Conducente;M;Illeso;0;;;
5552394;13;13/08/2021 21:25:00;Strada Urbana;VIA DEI VELIERI;all'intersezione con;VIA DEI TRAGHETTI;VIA DEI TRAGHETTI;;;Scontro frontale/laterale DX fra veicoli in marcia;Incrocio;Due carreggiate;Asciutto;Asfaltata;Verticale ed orizzontale;Sereno;Normale;Sufficiente;;0;0;0;2;12.2757;41.7365;-1;2;Autovettura privata;In marcia / fermata / arresto;Conducente;M;Illeso;0;;;
5552395;15;13/08/2021 14:30:00;Strada Urbana;VIA DELLE VIGNE;in corrispondenza;;del civico n.;160;;Tamponamento;Curva a visuale libera;Una carreggiata a doppio senso;Asciutto;Asfaltata;Verticale ed orizzontale;Sereno;Scarso;Buona;;1;0;0;1;12.4213;41.8444;-1;1;Autocarro inferiore 35 q.;In marcia / fermata / arresto;Conducente;M;Illeso;0;;;Inesploso
5552395;15;13/08/2021 14:30:00;Strada Urbana;VIA DELLE VIGNE;in corrispondenza;;del civico n.;160;;Tamponamento;Curva a visuale libera;Una carreggiata a doppio senso;Asciutto;Asfaltata;Verticale ed orizzontale;Sereno;Scarso;Buona;;1;0;0;1;12.4213;41.8444;-1;2;Motociclo a solo;In marcia / fermata / arresto;Conducente;M;Rimandato;0;NON DECEDUTO;Utilizzato;
5552396;13;13/08/2021 18:10:00;Strada Urbana;VIA FABIANO LANDI;da specificare;;;;prossimit� palo I.P. n. 24;Veicolo in marcia contro veicolo in sosta;Rettilineo;Una carreggiata a doppio senso;Asciutto;Asfaltata;Verticale ed orizzontale;Sereno;Normale;Buona;;1;0;0;0;12.3743;41.7863;-1;1;Autovettura privata;In marcia / fermata / arresto;Conducente;M;Rimandato;0;NON DECEDUTO;Non accertato;Inesploso
5552396;13;13/08/2021 18:10:00;Strada Urbana;VIA FABIANO LANDI;da specificare;;;;prossimit� palo I.P. n. 24;Veicolo in marcia contro veicolo in sosta;Rettilineo;Una carreggiata a doppio senso;Asciutto;Asfaltata;Verticale ed orizzontale;Sereno;Normale;Buona;;1;0;0;0;12.3743;41.7863;-1;2;Autovettura privata;Sosta;;;;;;;
5552398;13;13/08/2021 17:15:00;Strada Urbana;VIA CALVATONE;all'intersezione con;VIA CASTELLUCCHIO;VIA CASTELLUCCHIO;;;Scontro laterale fra veicoli in marcia;Incrocio;Una carreggiata a senso unico di marcia;Asciutto;Asfaltata;Verticale;Sereno;Normale;Buona;;0;0;0;3;12.33;41.781;-1;1;Autovettura privata;In marcia / fermata / arresto;Conducente;M;Illeso;0;;Non accertato;Inesploso
5552398;13;13/08/2021 17:15:00;Strada Urbana;VIA CALVATONE;all'intersezione con;VIA CASTELLUCCHIO;VIA CASTELLUCCHIO;;;Scontro laterale fra veicoli in marcia;Incrocio;Una carreggiata a senso unico di marcia;Asciutto;Asfaltata;Verticale;Sereno;Normale;Buona;;0;0;0;3;12.33;41.781;-1;2;Autovettura privata;In marcia / fermata / arresto;Conducente;M;Illeso;0;;Non accertato;Esploso
5552398;13;13/08/2021 17:15:00;Strada Urbana;VIA CALVATONE;all'intersezione con;VIA CASTELLUCCHIO;VIA CASTELLUCCHIO;;;Scontro laterale fra veicoli in marcia;Incrocio;Una carreggiata a senso unico di marcia;Asciutto;Asfaltata;Verticale;Sereno;Normale;Buona;;0;0;0;3;12.33;41.781;-1;2;Autovettura privata;In marcia / fermata / arresto;Passeggero;F;Illeso;0;;Non accertato;Inesploso
5552402;13;13/08/2021 22:45:00;Strada Urbana;LUNGOMARE PAOLO TOSCANELLI;da specificare;;;;prossimit� Ple Ravennati;Tamponamento Multiplo;Rettilineo;Una carreggiata a senso unico di marcia;Asciutto;Asfaltata;Verticale ed orizzontale;Sereno;Normale;Buona;;0;0;0;7;12.2749;41.7301;-1;1;Autovettura privata;In marcia / fermata / arresto;Conducente;F;Illeso;0;;Non accertato;Inesploso
5552402;13;13/08/2021 22:45:00;Strada Urbana;LUNGOMARE PAOLO TOSCANELLI;da specificare;;;;prossimit� Ple Ravennati;Tamponamento Multiplo;Rettilineo;Una carreggiata a senso unico di marcia;Asciutto;Asfaltata;Verticale ed orizzontale;Sereno;Normale;Buona;;0;0;0;7;12.2749;41.7301;-1;2;Autovettura privata;In marcia / fermata / arresto;Conducente;F;Illeso;0;;Non accertato;Inesploso
5552402;13;13/08/2021 22:45:00;Strada Urbana;LUNGOMARE PAOLO TOSCANELLI;da specificare;;;;prossimit� Ple Ravennati;Tamponamento Multiplo;Rettilineo;Una carreggiata a senso unico di marcia;Asciutto;Asfaltata;Verticale ed orizzontale;Sereno;Normale;Buona;;0;0;0;7;12.2749;41.7301;-1;2;Autovettura privata;In marcia / fermata / arresto;Passeggero;F;Illeso;0;;Non accertato;Inesploso
5552402;13;13/08/2021 22:45:00;Strada Urbana;LUNGOMARE PAOLO TOSCANELLI;da specificare;;;;prossimit� Ple Ravennati;Tamponamento Multiplo;Rettilineo;Una carreggiata a senso unico di marcia;Asciutto;Asfaltata;Verticale ed orizzontale;Sereno;Normale;Buona;;0;0;0;7;12.2749;41.7301;-1;2;Autovettura privata;In marcia / fermata / arresto;Passeggero;M;Illeso;0;;Non accertato;Inesploso
5552402;13;13/08/2021 22:45:00;Strada Urbana;LUNGOMARE PAOLO TOSCANELLI;da specificare;;;;prossimit� Ple Ravennati;Tamponamento Multiplo;Rettilineo;Una carreggiata a senso unico di marcia;Asciutto;Asfaltata;Verticale ed orizzontale;Sereno;Normale;Buona;;0;0;0;7;12.2749;41.7301;-1;2;Autovettura privata;In marcia / fermata / arresto;Passeggero;M;Illeso;0;;Non accertato;Inesploso
5552402;13;13/08/2021 22:45:00;Strada Urbana;LUNGOMARE PAOLO TOSCANELLI;da specificare;;;;prossimit� Ple Ravennati;Tamponamento Multiplo;Rettilineo;Una carreggiata a senso unico di marcia;Asciutto;Asfaltata;Verticale ed orizzontale;Sereno;Normale;Buona;;0;0;0;7;12.2749;41.7301;-1;3;Autovettura privata;In marcia / fermata / arresto;Conducente;F;Illeso;0;;Non accertato;Inesploso
5552402;13;13/08/2021 22:45:00;Strada Urbana;LUNGOMARE PAOLO TOSCANELLI;da specificare;;;;prossimit� Ple Ravennati;Tamponamento Multiplo;Rettilineo;Una carreggiata a senso unico di marcia;Asciutto;Asfaltata;Verticale ed orizzontale;Sereno;Normale;Buona;;0;0;0;7;12.2749;41.7301;-1;3;Autovettura privata;In marcia / fermata / arresto;Passeggero;M;Illeso;0;;;
5552407;15;14/08/2021 17:15:00;Strada Urbana;LUNGOTEVERE DEGLI INVENTORI;in corrispondenza;;del civico n.;112D;;Scontro laterale fra veicoli in marcia;Rettilineo;Una carreggiata a doppio senso;Asciutto;Asfaltata;Orizzontale;Sereno;Normale;Buona;;0;0;0;3;12.4655;41.8612;-1;1;Autovettura privata;In marcia / fermata / arresto;Conducente;M;Illeso;0;;Non accertato;Inesploso
5552407;15;14/08/2021 17:15:00;Strada Urbana;LUNGOTEVERE DEGLI INVENTORI;in corrispondenza;;del civico n.;112D;;Scontro laterale fra veicoli in marcia;Rettilineo;Una carreggiata a doppio senso;Asciutto;Asfaltata;Orizzontale;Sereno;Normale;Buona;;0;0;0;3;12.4655;41.8612;-1;1;Autovettura privata;In marcia / fermata / arresto;Passeggero;F;Illeso;0;;Non accertato;Inesploso
5552407;15;14/08/2021 17:15:00;Strada Urbana;LUNGOTEVERE DEGLI INVENTORI;in corrispondenza;;del civico n.;112D;;Scontro laterale fra veicoli in marcia;Rettilineo;Una carreggiata a doppio senso;Asciutto;Asfaltata;Orizzontale;Sereno;Normale;Buona;;0;0;0;3;12.4655;41.8612;-1;2;Motociclo a solo;In marcia / fermata / arresto;Conducente;M;Illeso;0;;Non accertato;
5552408;13;14/08/2021 14:10:00;Strada Urbana;VIALE CRISTOFORO COLOMBO;all'intersezione semaforizzata con;VIA ERMANNO WOLF FERRARI;VIA ERMANNO WOLF FERRARI;;;Scontro frontale/laterale SX fra veicoli in marcia;Incrocio;Pi� di due carreggiate;Asciutto;Asfaltata;Verticale ed orizzontale;Sereno;Normale;Buona;;1;0;0;2;12.4536;41.8089;-1;1;Autovettura privata;In marcia / fermata / arresto;Conducente;M;Illeso;0;;;
5552408;13;14/08/2021 14:10:00;Strada Urbana;VIALE CRISTOFORO COLOMBO;all'intersezione semaforizzata con;VIA ERMANNO WOLF FERRARI;VIA ERMANNO WOLF FERRARI;;;Scontro frontale/laterale SX fra veicoli in marcia;Incrocio;Pi� di due carreggiate;Asciutto;Asfaltata;Verticale ed orizzontale;Sereno;Normale;Buona;;1;0;0;2;12.4536;41.8089;-1;1;Autovettura privata;In marcia / fermata / arresto;Passeggero;F;Illeso;0;;;
5552408;13;14/08/2021 14:10:00;Strada Urbana;VIALE CRISTOFORO COLOMBO;all'intersezione semaforizzata con;VIA ERMANNO WOLF FERRARI;VIA ERMANNO WOLF FERRARI;;;Scontro frontale/laterale SX fra veicoli in marcia;Incrocio;Pi� di due carreggiate;Asciutto;Asfaltata;Verticale ed orizzontale;Sereno;Normale;Buona;;1;0;0;2;12.4536;41.8089;-1;2;Motociclo con passeggero;In marcia / fermata / arresto;Conducente;M;Rimandato;0;NON DECEDUTO;;
5552410;8;14/08/2021 09:50:00;Strada Urbana;VIA DELLA TENUTA DI TORRENOVA;in corrispondenza;;del civico n.;158;;Veicolo in marcia contro veicolo in sosta;Rettilineo;Una carreggiata a doppio senso;Asciutto;Asfaltata;Verticale ed orizzontale;Sereno;Normale;Buona;;0;0;0;1;12.6226;41.8592;-1;1;Autovettura privata;In marcia / fermata / arresto;Conducente;F;Illeso;0;;Non accertato;Inesploso
5552410;8;14/08/2021 09:50:00;Strada Urbana;VIA DELLA TENUTA DI TORRENOVA;in corrispondenza;;del civico n.;158;;Veicolo in marcia contro veicolo in sosta;Rettilineo;Una carreggiata a doppio senso;Asciutto;Asfaltata;Verticale ed orizzontale;Sereno;Normale;Buona;;0;0;0;1;12.6226;41.8592;-1;2;Autovettura privata;Sosta;;;;;;;
5552411;13;14/08/2021 15:10:00;Provinciale;VIA LITORANEA;in corrispondenza;;della chilometrica;9.9;;Scontro frontale/laterale DX fra veicoli in marcia;Rettilineo;Una carreggiata a doppio senso;Asciutto;Asfaltata;Orizzontale;Sereno;Normale;Buona;;1;0;0;1;12.3735;41.6876;-1;1;Autovettura privata;Sosta;;;;;;;
5552411;13;14/08/2021 15:10:00;Provinciale;VIA LITORANEA;in corrispondenza;;della chilometrica;9.9;;Scontro frontale/laterale DX fra veicoli in marcia;Rettilineo;Una carreggiata a doppio senso;Asciutto;Asfaltata;Orizzontale;Sereno;Normale;Buona;;1;0;0;1;12.3735;41.6876;-1;2;Autovettura privata;In marcia / fermata / arresto;Conducente;F;Rimandato;0;NON DECEDUTO;Utilizzato;Esploso
5552411;13;14/08/2021 15:10:00;Provinciale;VIA LITORANEA;in corrispondenza;;della chilometrica;9.9;;Scontro frontale/laterale DX fra veicoli in marcia;Rettilineo;Una carreggiata a doppio senso;Asciutto;Asfaltata;Orizzontale;Sereno;Normale;Buona;;1;0;0;1;12.3735;41.6876;-1;3;Autovettura privata;In marcia / fermata / arresto;Conducente;M;Illeso;0;;Non accertato;Inesploso