Protocollo;Gruppo;DataOraIncidente;Localizzazione1;STRADA1;Localizzazione2;STRADA2;Strada02;Chilometrica;DaSpecificare;NaturaIncidente;particolaritastrade;TipoStrada;FondoStradale;Pavimentazione;Segnaletica;CondizioneAtmosferica;Traffico;Visibilita;Illuminazione;NUM_FERITI;NUM_RISERVATA;NUM_MORTI;NUM_ILLESI;Longitudine;Latitudine;Confermato;Progressivo;TipoVeicolo;StatoVeicolo;TipoPersona;Sesso;Tipolesione;Deceduto;DecedutoDopo;CinturaCascoUtilizzato;Airbag;
5552475;7;13/08/2021 16:00:00;Strada Urbana;VIA COLLATINA;all'intersezione con;VIA LUIGI APPIANI;VIA LUIGI APPIANI;;;Tamponamento;Intersezione semaforizzata;Una carreggiata a doppio senso;Asciutto;Asfaltata;Verticale;Sereno;Normale;Buona;;1;0;0;1;12.5856;41.9035;-1;1;Autovettura privata;In marcia / fermata / arresto;Conducente;F;Rimandato;0;NON DECEDUTO;Non accertato;Inesploso
5552475;7;13/08/2021 16:00:00;Strada Urbana;VIA COLLATINA;all'intersezione con;VIA LUIGI APPIANI;VIA LUIGI APPIANI;;;Tamponamento;Intersezione semaforizzata;Una carreggiata a doppio senso;Asciutto;Asfaltata;Verticale;Sereno;Normale;Buona;;1;0;0;1;12.5856;41.9035;-1;2;Autovettura privata;In marcia / fermata / arresto;Conducente;M;Illeso;0;;Non accertato;Inesploso
5552478;7;14/08/2021 17:20:00;Strada Urbana;VIALE PALMIRO TOGLIATTI;all'intersezione con;VIA PRENESTINA;VIA PRENESTINA;;;Tamponamento;Intersezione stradale segnalata;Due carreggiate;Asciutto;Asfaltata;Verticale ed orizzontale;Sereno;Normale;Buona;;0;0;0;2;12.575;41.8948;-1;1;Motociclo a solo;In marcia / fermata / arresto;Conducente;M;Illeso;0;;;
5552478;7;14/08/2021 17:20:00;Strada Urbana;VIALE PALMIRO TOGLIATTI;all'intersezione con;VIA PRENESTINA;VIA PRENESTINA;;;Tamponamento;Intersezione stradale segnalata;Due carreggiate;Asciutto;Asfaltata;Verticale ed orizzontale;Sereno;Normale;Buona;;0;0;0;2;12.575;41.8948;-1;2;Autovettura privata;In marcia / fermata / arresto;Conducente;M;Illeso;0;;;
5552479;5;15/08/2021 12:20:00;Strada Urbana;VIA BELMONTE IN SABINA;da specificare;;;;alt. svincolo Torraccia dir. Palombarese;Tamponamento;Rettilineo;Due carreggiate;Asciutto;Asfaltata;Orizzontale;Sereno;Scarso;Buona;;2;0;0;3;12.5936;41.9464;0;1;Autovettura privata;In marcia / fermata / arresto;Conducente;M;Rimandato;0;NON DECEDUTO;;
5552479;5;15/08/2021 12:20:00;Strada Urbana;VIA BELMONTE IN SABINA;da specificare;;;;alt. svincolo Torraccia dir. Palombarese;Tamponamento;Rettilineo;Due carreggiate;Asciutto;Asfaltata;Orizzontale;Sereno;Scarso;Buona;;2;0;0;3;12.5936;41.9464;0;1;Autovettura privata;In marcia / fermata / arresto;Passeggero;M;Illeso;0;;Non accertato;
5552479;5;15/08/2021 12:20:00;Strada Urbana;VIA BELMONTE IN SABINA;da specificare;;;;alt. svincolo Torraccia dir. Palombarese;Tamponamento;Rettilineo;Due carreggiate;Asciutto;Asfaltata;Orizzontale;Sereno;Scarso;Buona;;2;0;0;3;12.5936;41.9464;0;1;Autovettura privata;In marcia / fermata / arresto;Passeggero;M;Rimandato;0;NON DECEDUTO;Non accertato;
5552479;5;15/08/2021 12:20:00;Strada Urbana;VIA BELMONTE IN SABINA;da specificare;;;;alt. svincolo Torraccia dir. Palombarese;Tamponamento;Rettilineo;Due carreggiate;Asciutto;Asfaltata;Orizzontale;Sereno;Scarso;Buona;;2;0;0;3;12.5936;41.9464;0;1;Autovettura privata;In marcia / fermata / arresto;Passeggero;M;Illeso;0;;Non accertato;
5552479;5;15/08/2021 12:20:00;Strada Urbana;VIA BELMONTE IN SABINA;da specificare;;;;alt. svincolo Torraccia dir. Palombarese;Tamponamento;Rettilineo;Due carreggiate;Asciutto;Asfaltata;Orizzontale;Sereno;Scarso;Buona;;2;0;0;3;12.5936;41.9464;0;2;Autovettura privata;In marcia / fermata / arresto;Conducente;M;Illeso;0;;;
5552483;7;15/08/2021 10:30:00;Strada Urbana;VIA CAROVILLI;in corrispondenza;;del civico n.;2;;Scontro frontale/laterale SX fra veicoli in marcia;Rettilineo;Una carreggiata a doppio senso;Asciutto;Asfaltata;Verticale ed orizzontale;Sereno;Scarso;Buona;;0;0;0;2;12.6107;41.9121;-1;1;Autovettura privata;In marcia / fermata / arresto;Conducente;M;Illeso;0;;Non accertato;Inesploso
5552483;7;15/08/2021 10:30:00;Strada Urbana;VIA CAROVILLI;in corrispondenza;;del civico n.;2;;Scontro frontale/laterale SX fra veicoli in marcia;Rettilineo;Una carreggiata a doppio senso;Asciutto;Asfaltata;Verticale ed orizzontale;Sereno;Scarso;Buona;;0;0;0;2;12.6107;41.9121;-1;2;Autovettura privata;In marcia / fermata / arresto;Conducente;M;Illeso;0;;Non accertato;Inesploso
5552485;17;15/08/2021 02:40:00;Strada Urbana;PIAZZA DELLA LIBERTA';in prossimit�;;del civico n.;4;;Scontro frontale/laterale DX fra veicoli in marcia;Curva a visuale libera;Una carreggiata a senso unico di marcia;Asciutto;Asfaltata;Verticale ed orizzontale;Sereno;Scarso;Buona;;0;0;0;2;;;0;1;Autovettura privata;In marcia / fermata / arresto;Conducente;M;Illeso;0;;Non accertato;
5552485;17;15/08/2021 02:40:00;Strada Urbana;PIAZZA DELLA LIBERTA';in prossimit�;;del civico n.;4;;Scontro frontale/laterale DX fra veicoli in marcia;Curva a visuale libera;Una carreggiata a senso unico di marcia;Asciutto;Asfaltata;Verticale ed orizzontale;Sereno;Scarso;Buona;;0;0;0;2;;;0;1;Autovettura privata;In marcia / fermata / arresto;Passeggero;F;Illeso;0;;;
5552485;17;15/08/2021 02:40:00;Strada Urbana;PIAZZA DELLA LIBERTA';in prossimit�;;del civico n.;4;;Scontro frontale/laterale DX fra veicoli in marcia;Curva a visuale libera;Una carreggiata a senso unico di marcia;Asciutto;Asfaltata;Verticale ed orizzontale;Sereno;Scarso;Buona;;0;0;0;2;;;0;2;Monopattino elettrico;In marcia / fermata / arresto;;;;;;;
5552493;1;14/08/2021 13:30:00;Strada Urbana;PIAZZA VENEZIA;da specificare;;;;altezza Sacrario Bandiere;Scontro frontale fra veicoli in marcia;Rettilineo;Una carreggiata a doppio senso;Asciutto;In cubetti di porfido;Assente;Sereno;Scarso;Buona;;1;0;0;2;12.4828;41.8957;-1;1;Monopattino elettrico;In marcia / fermata / arresto;Conducente;M;Illeso;0;;Esente;Inesistente
5552493;1;14/08/2021 13:30:00;Strada Urbana;PIAZZA VENEZIA;da specificare;;;;altezza Sacrario Bandiere;Scontro frontale fra veicoli in marcia;Rettilineo;Una carreggiata a doppio senso;Asciutto;In cubetti di porfido;Assente;Sereno;Scarso;Buona;;1;0;0;2;12.4828;41.8957;-1;1;Monopattino elettrico;In marcia / fermata / arresto;Passeggero;M;Rimandato;0;NON DECEDUTO;Esente;Inesistente
5552493;1;14/08/2021 13:30:00;Strada Urbana;PIAZZA VENEZIA;da specificare;;;;altezza Sacrario Bandiere;Scontro frontale fra veicoli in marcia;Rettilineo;Una carreggiata a doppio senso;Asciutto;In cubetti di porfido;Assente;Sereno;Scarso;Buona;;1;0;0;2;12.4828;41.8957;-1;2;Monopattino elettrico;In marcia / fermata / arresto;Conducente;F;Illeso;0;;Esente;Inesistente
5552497;18;14/08/2021 19:40:00;Strada Urbana;VIA DI PORTA CAVALLEGGERI;da specificare;;;;fronte civico 3;Investimento di pedone;Rettilineo;Una carreggiata a doppio senso;Asciutto;Asfaltata;Verticale ed orizzontale;Sereno;Normale;Sufficiente;;1;0;0;1;;;0;;;;Pedone;M;Rifiuta cure immediate;0;NON DECEDUTO;;
5552497;18;14/08/2021 19:40:00;Strada Urbana;VIA DI PORTA CAVALLEGGERI;da specificare;;;;fronte civico 3;Investimento di pedone;Rettilineo;Una carreggiata a doppio senso;Asciutto;Asfaltata;Verticale ed orizzontale;Sereno;Normale;Sufficiente;;1;0;0;1;;;0;1;Autovettura privata;In marcia / fermata / arresto;Conducente;F;Illeso;0;;;
5552500;20;15/08/2021 15:15:00;Provinciale entro l'abitato;VIA TIBERINA;in prossimit�;;del civico n.;62;;Veicolo in marcia contro ostacolo fisso;Curva senza visuale libera;Una carreggiata a doppio senso;Asciutto;Asfaltata;Verticale ed orizzontale;Sereno;Scarso;Buona;;0;0;0;1;12.4993;42.0029;-1;1;Autovettura privata;In marcia / fermata / arresto;Conducente;M;Illeso;0;;;
5552504;7;13/08/2021 22:30:00;Strada Urbana;VIA DEI GELSI;all'intersezione con;VIALE DELLE ORCHIDEE;VIALE DELLE ORCHIDEE;;;Scontro frontale/laterale DX fra veicoli in marcia;Incrocio;Una carreggiata a doppio senso;Asciutto;Asfaltata;Verticale ed orizzontale;Sereno;Normale;Sufficiente;;0;0;0;3;12.5692;41.8893;-1;1;Autovettura privata;In marcia / fermata / arresto;Conducente;M;Illeso;0;;Non accertato;Inesploso
5552504;7;13/08/2021 22:30:00;Strada Urbana;VIA DEI GELSI;all'intersezione con;VIALE DELLE ORCHIDEE;VIALE DELLE ORCHIDEE;;;Scontro frontale/laterale DX fra veicoli in marcia;Incrocio;Una carreggiata a doppio senso;Asciutto;Asfaltata;Verticale ed orizzontale;Sereno;Normale;Sufficiente;;0;0;0;3;12.5692;41.8893;-1;2;Autovettura privata;In marcia / fermata / arresto;Conducente;M;Illeso;0;;Non accertato;Inesploso
5552504;7;13/08/2021 22:30:00;Strada Urbana;VIA DEI GELSI;all'intersezione con;VIALE DELLE ORCHIDEE;VIALE DELLE ORCHIDEE;;;Scontro frontale/laterale DX fra veicoli in marcia;Incrocio;Una carreggiata a doppio senso;Asciutto;Asfaltata;Verticale ed orizzontale;Sereno;Normale;Sufficiente;;0;0;0;3;12.5692;41.8893;-1;2;Autovettura privata;In marcia / fermata / arresto;Passeggero;F;Illeso;0;;Non accertato;Inesploso
5552517;7;14/08/2021 02:00:00;Strada Urbana;VIA MARCELLO BOGLIONE;da specificare;;;;altezza gra;Veicolo in marcia contro ostacolo fisso;Rettilineo;Una carreggiata a doppio senso;Asciutto;Asfaltata;Orizzontale;Sereno;Scarso;Sufficiente;;0;0;0;0;12.6111;41.9008;-1;1;Autovettura privata;In marcia / fermata / arresto;;;;;;;
5552518;7;13/08/2021 15:55:00;Strada Urbana;VIA DELLE ACACIE;all'intersezione con;VIA DELLE CELIDONIE;VIA DELLE CELIDONIE;;;Scontro laterale fra veicoli in marcia;Incrocio;Una carreggiata a doppio senso;Asciutto;Asfaltata;Verticale ed orizzontale;Sereno;Normale;Buona;;0;0;0;3;12.5641;41.8873;-1;1;Autocarro inferiore 35 q.;In marcia / fermata / arresto;Conducente;M;Illeso;0;;;
5552518;7;13/08/2021 15:55:00;Strada Urbana;VIA DELLE ACACIE;all'intersezione con;VIA DELLE CELIDONIE;VIA DELLE CELIDONIE;;;Scontro laterale fra veicoli in marcia;Incrocio;Una carreggiata a doppio senso;Asciutto;Asfaltata;Verticale ed orizzontale;Sereno;Normale;Buona;;0;0;0;3;12.5641;41.8873;-1;2;Autovettura privata;In marcia / fermata / arresto;Conducente;F;Illeso;0;;;
5552518;7;13/08/2021 15:55:00;Strada Urbana;VIA DELLE ACACIE;all'intersezione con;VIA DELLE CELIDONIE;VIA DELLE CELIDONIE;;;Scontro laterale fra veicoli in marcia;Incrocio;Una carreggiata a doppio senso;Asciutto;Asfaltata;Verticale ed orizzontale;Sereno;Normale;Buona;;0;0;0;3;12.5641;41.8873;-1;2;Autovettura privata;In marcia / fermata / arresto;Passeggero;F;Illeso;0;;;
5552520;4;16/08/2021 03:50:00;Strada Urbana;VIA CINIGIANO;in corrispondenza;;del civico n.;7;;Veicolo in marcia contro veicoli in sosta;Curva senza visuale libera;Una carreggiata a senso unico di marcia;Asciutto;Asfaltata;Verticale ed orizzontale;Sereno;Scarso;Buona;;0;0;0;1;12.5135;41.9489;-1;1;Autovettura privata;In marcia / fermata / arresto;Conducente;M;Illeso;0;;Non accertato;Inesploso
5552520;4;16/08/2021 03:50:00;Strada Urbana;VIA CINIGIANO;in corrispondenza;;del civico n.;7;;Veicolo in marcia contro veicoli in sosta;Curva senza visuale libera;Una carreggiata a senso unico di marcia;Asciutto;Asfaltata;Verticale ed orizzontale;Sereno;Scarso;Buona;;0;0;0;1;12.5135;41.9489;-1;2;Autovettura privata;Sosta;;;;;;;
5552520;4;16/08/2021 03:50:00;Strada Urbana;VIA CINIGIANO;in corrispondenza;;del civico n.;7;;Veicolo in marcia contro veicoli in sosta;Curva senza visuale libera;Una carreggiata a senso unico di marcia;Asciutto;Asfaltata;Verticale ed orizzontale;Sereno;Scarso;Buona;;0;0;0;1;12.5135;41.9489;-1;3;Autovettura privata;Sosta;;;;;;;
5552541;8;16/08/2021 05:35:00;Strada Urbana;VIALE PAOLO FERDINANDO QUAGLIA;da specificare;;;;in prossimit� intersezione via di TOR BELLA MONACA;Tamponamento;Rettilineo;Due carreggiate;Asciutto;Asfaltata;Verticale ed orizzontale;Sereno;Scarso;Sufficiente;;0;0;0;2;12.6407;41.8682;-1;1;Autobus di linea;In marcia / fermata / arresto;Conducente;M;Illeso;0;;Non accertato;Inesploso
5552541;8;16/08/2021 05:35:00;Strada Urbana;VIALE PAOLO FERDINANDO QUAGLIA;da specificare;;;;in prossimit� intersezione via di TOR BELLA MONACA;Tamponamento;Rettilineo;Due carreggiate;Asciutto;Asfaltata;Verticale ed orizzontale;Sereno;Scarso;Sufficiente;;0;0;0;2;12.6407;41.8682;-1;2;Autovettura privata;In marcia / fermata / arresto;Passeggero;F;Illeso;0;;;
5552547;9;13/08/2021 19:30:00;Strada Urbana;VIA TUSCOLANA;in corrispondenza;;del civico n.;505;;Tamponamento;Rettilineo;Due carreggiate;Asciutto;Asfaltata;Verticale ed orizzontale;Sereno;Normale;Buona;;1;0;0;2;12.5403;41.8678;-1;1;Autovettura privata;In marcia / fermata / arresto;Conducente;F;Illeso;0;;;
5552547;9;13/08/2021 19:30:00;Strada Urbana;VIA TUSCOLANA;in corrispondenza;;del civico n.;505;;Tamponamento;Rettilineo;Due carreggiate;Asciutto;Asfaltata;Verticale ed orizzontale;Sereno;Normale;Buona;;1;0;0;2;12.5403;41.8678;-1;2;Autovettura privata;In marcia / fermata / arresto;Conducente;M;Illeso;0;;Non accertato;Inesploso
5552547;9;13/08/2021 19:30:00;Strada Urbana;VIA TUSCOLANA;in corrispondenza;;del civico n.;505;;Tamponamento;Rettilineo;Due carreggiate;Asciutto;Asfaltata;Verticale ed orizzontale;Sereno;Normale;Buona;;1;0;0;2;12.5403;41.8678;-1;2;Autovettura privata;In marcia / fermata / arresto;Passeggero;F;Rimandato;0;NON DECEDUTO;Non accertato;Inesploso
5552550;17;15/08/2021 16:40:00;Strada Urbana;VIA MOCENIGO;in corrispondenza;;del civico n.;7;;Veicolo in marcia contro veicolo in sosta;Rettilineo;Una carreggiata a senso unico di marcia;Asciutto;Asfaltata;Verticale ed orizzontale;Sereno;Scarso;Buona;;0;0;0;1;12.4517;41.9073;-1;1;Autovettura privata;Sosta;;;;;;;
5552550;17;15/08/2021 16:40:00;Strada Urbana;VIA MOCENIGO;in corrispondenza;;del civico n.;7;;Veicolo in marcia contro veicolo in sosta;Rettilineo;Una carreggiata a senso unico di marcia;Asciutto;Asfaltata;Verticale ed orizzontale;Sereno;Scarso;Buona;;0;0;0;1;12.4517;41.9073;-1;2;Autovettura privata;In marcia / fermata / arresto;Conducente;M;Illeso;0;;;
5552561;9;14/08/2021 22:15:00;Strada Urbana;VIA DELLE VIGNE DI MORENA;all'intersezione con;VIA PETRIZZI;VIA PETRIZZI;;;Scontro frontale/laterale DX fra veicoli in marcia;Incrocio;Una carreggiata a doppio senso;Asciutto;Asfaltata;Verticale ed orizzontale;Sereno;Scarso;Sufficiente;;0;0;0;2;12.6051;41.811;-1;1;Autovettura privata;In marcia / fermata / arresto;Conducente;M;Illeso;0;;Non accertato;Inesploso
5552561;9;14/08/2021 22:15:00;Strada Urbana;VIA DELLE VIGNE DI MORENA;all'intersezione con;VIA PETRIZZI;VIA PETRIZZI;;;Scontro frontale/laterale DX fra veicoli in marcia;Incrocio;Una carreggiata a doppio senso;Asciutto;Asfaltata;Verticale ed orizzontale;Sereno;Scarso;Sufficiente;;0;0;0;2;12.6051;41.811;-1;2;Autovettura privata;In marcia / fermata / arresto;Conducente;M;Illeso;0;;Non accertato;Inesploso
5552572;9;15/08/2021 06:45:00;Strada Urbana;PIAZZALE APPIO;all'intersezione semaforizzata con;LARGO BRINDISI;LARGO BRINDISI;;;Scontro laterale fra veicoli in marcia;Incrocio;Una carreggiata a doppio senso;Asciutto;Asfaltata;Verticale ed orizzontale;Sereno;Scarso;Buona;;1;0;0;2;12.5099;41.8855;-1;1;Autovettura privata;In marcia / fermata / arresto;Conducente;M;Illeso;0;;Non accertato;Inesploso
5552572;9;15/08/2021 06:45:00;Strada Urbana;PIAZZALE APPIO;all'intersezione semaforizzata con;LARGO BRINDISI;LARGO BRINDISI;;;Scontro laterale fra veicoli in marcia;Incrocio;Una carreggiata a doppio senso;Asciutto;Asfaltata;Verticale ed orizzontale;Sereno;Scarso;Buona;;1;0;0;2;12.5099;41.8855;-1;1;Autovettura privata;In marcia / fermata / arresto;Passeggero;F;Rimandato;0;NON DECEDUTO;Non accertato;Inesploso
5552572;9;15/08/2021 06:45:00;Strada Urbana;PIAZZALE APPIO;all'intersezione semaforizzata con;LARGO BRINDISI;LARGO BRINDISI;;;Scontro laterale fra veicoli in marcia;Incrocio;Una carreggiata a doppio senso;Asciutto;Asfaltata;Verticale ed orizzontale;Sereno;Scarso;Buona;;1;0;0;2;12.5099;41.8855;-1;2;Autovettura privata;In marcia / fermata / arresto;Conducente;M;Illeso;0;;Non accertato;Esploso
5552582;7;14/08/2021 08:40:00;Strada Urbana;VIA CASILINA;in prossimit�;;del civico n.;1013;;Scontro laterale fra veicoli in marcia;Rettilineo;Una carreggiata a doppio senso;Asciutto;Asfaltata;Verticale;Sereno;Normale;Buona;;0;0;0;3;12.5855;41.87;-1;1;Autovettura privata;In marcia / fermata / arresto;Conducente;M;Illeso;0;;Non accertato;Inesploso
5552582;7;14/08/2021 08:40:00;Strada Urbana;VIA CASILINA;in prossimit�;;del civico n.;1013;;Scontro laterale fra veicoli in marcia;Rettilineo;Una carreggiata a doppio senso;Asciutto;Asfaltata;Verticale;Sereno;Normale;Buona;;0;0;0;3;12.5855;41.87;-1;1;Autovettura privata;In marcia / fermata / arresto;Passeggero;F;Illeso;0;;Non accertato;Inesploso
5552582;7;14/08/2021 08:40:00;Strada Urbana;VIA CASILINA;in prossimit�;;del civico n.;1013;;Scontro laterale fra veicoli in marcia;Rettilineo;Una carreggiata a doppio senso;Asciutto;Asfaltata;Verticale;Sereno;Normale;Buona;;0;0;0;3;12.5855;41.87;-1;2;Motociclo con passeggero;In marcia / fermata / arresto;Conducente;M;Illeso;0;;Non accertato;
5552586;1;15/08/2021 15:40:00;Strada Urbana;VIA CLAUDIA;all'intersezione con;VIA CAPO D'AFRICA;VIA CAPO D'AFRICA;;;Veicolo in marcia contro veicolo in sosta;Incrocio;Una carreggiata a doppio senso;Asciutto;Asfaltata;Verticale ed orizzontale;Sereno;Scarso;Buona;;0;0;0;2;12.4943;41.8878;-1;1;Autocarro inferiore 35 q.;In marcia / fermata / arresto;Conducente;M;Illeso;0;;;
5552586;1;15/08/2021 15:40:00;Strada Urbana;VIA CLAUDIA;all'intersezione con;VIA CAPO D'AFRICA;VIA CAPO D'AFRICA;;;Veicolo in marcia contro veicolo in sosta;Incrocio;Una carreggiata a doppio senso;Asciutto;Asfaltata;Verticale ed orizzontale;Sereno;Scarso;Buona;;0;0;0;2;12.4943;41.8878;-1;1;Autocarro inferiore 35 q.;In marcia / fermata / arresto;Passeggero;M;Illeso;0;;;
5552586;1;15/08/2021 15:40:00;Strada Urbana;VIA CLAUDIA;all'intersezione con;VIA CAPO D'AFRICA;VIA CAPO D'AFRICA;;;Veicolo in marcia contro veicolo in sosta;Incrocio;Una carreggiata a doppio senso;Asciutto;Asfaltata;Verticale ed orizzontale;Sereno;Scarso;Buona;;0;0;0;2;12.4943;41.8878;-1;2;Autovettura privata;Sosta;;;;;;;
5552587;6;16/08/2021 10:00:00;Strada Urbana;PIAZZA ROBERTO MALATESTA;all'intersezione con;VIA ROBERTO MALATESTA;VIA ROBERTO MALATESTA;;;Scontro laterale fra veicoli in marcia;Incrocio;Una carreggiata a senso unico di marcia;Asciutto;Asfaltata;Verticale ed orizzontale;Sereno;Scarso;Buona;;1;0;0;1;12.5397;41.8875;-1;1;Autovettura privata;In marcia / fermata / arresto;Conducente;M;Illeso;0;;Non accertato;Inesploso
5552587;6;16/08/2021 10:00:00;Strada Urbana;PIAZZA ROBERTO MALATESTA;all'intersezione con;VIA ROBERTO MALATESTA;VIA ROBERTO MALATESTA;;;Scontro laterale fra veicoli in marcia;Incrocio;Una carreggiata a senso unico di marcia;Asciutto;Asfaltata;Verticale ed orizzontale;Sereno;Scarso;Buona;;1;0;0;1;12.5397;41.8875;-1;2;Motociclo a solo;In marcia / fermata / arresto;Conducente;M;Rifiuta cure immediate;0;NON DECEDUTO;Utilizzato;
5552593;7;16/08/2021 23:00:00;Strada Urbana;VIALE ALESSANDRINO;in prossimit�;;del civico n.;590;;Veicolo in marcia contro veicoli in sosta;Rettilineo;Una carreggiata a doppio senso;Asciutto;Asfaltata;Verticale ed orizzontale;Sereno;Scarso;Buona;;0;0;0;1;12.5773;41.8822;-1;1;Autovettura privata;Sosta;;;;;;;
5552593;7;16/08/2021 23:00:00;Strada Urbana;VIALE ALESSANDRINO;in prossimit�;;del civico n.;590;;Veicolo in marcia contro veicoli in sosta;Rettilineo;Una carreggiata a doppio senso;Asciutto;Asfaltata;Verticale ed orizzontale;Sereno;Scarso;Buona;;0;0;0;1;12.5773;41.8822;-1;2;Autovettura privata;In marcia / fermata / arresto;Conducente;M;Illeso;0;;;
5552593;7;16/08/2021 23:00:00;Strada Urbana;VIALE ALESSANDRINO;in prossimit�;;del civico n.;590;;Veicolo in marcia contro veicoli in sosta;Rettilineo;Una carreggiata a doppio senso;Asciutto;Asfaltata;Verticale ed orizzontale;Sereno;Scarso;Buona;;0;0;0;1;12.5773;41.8822;-1;3;Autovettura privata;Sosta;;;;;;;
5552607;19;15/08/2021 03:25:00;Strada Urbana;VIA DEL FORTE TRIONFALE;in prossimit�;;del civico n.;32;;Veicolo in marcia contro veicolo in sosta;Rettilineo;Una carreggiata a doppio senso;Asciutto;Asfaltata;Verticale ed orizzontale;Sereno;Scarso;Sufficiente;;0;0;0;1;12.4337;41.9397;-1;1;Autovettura privata;In marcia / fermata / arresto;Conducente;F;Illeso;0;;Non accertato;Inesploso
5552607;19;15/08/2021 03:25:00;Strada Urbana;VIA DEL FORTE TRIONFALE;in prossimit�;;del civico n.;32;;Veicolo in marcia contro veicolo in sosta;Rettilineo;Una carreggiata a doppio senso;Asciutto;Asfaltata;Verticale ed orizzontale;Sereno;Scarso;Sufficiente;;0;0;0;1;12.4337;41.9397;-1;2;Autovettura privata;Sosta;;;;;;;
5552615;1;15/08/2021 20:30:00;Strada Urbana;PONTE GARIBALDI;da specificare;;;;met� ponte direzione arenula;Tamponamento;Rettilineo;Pi� di due carreggiate;Asciutto;Asfaltata;Verticale ed orizzontale;Sereno;Normale;Buona;;0;0;0;3;12.4744;41.8911;-1;1;Autovettura privata;In marcia / fermata / arresto;Conducente;F;Illeso;0;;;
5552615;1;15/08/2021 20:30:00;Strada Urbana;PONTE GARIBALDI;da specificare;;;;met� ponte direzione arenula;Tamponamento;Rettilineo;Pi� di due carreggiate;Asciutto;Asfaltata;Verticale ed orizzontale;Sereno;Normale;Buona;;0;0;0;3;12.4744;41.8911;-1;2;Motociclo con passeggero;In marcia / fermata / arresto;Conducente;M;Illeso;0;;;
5552615;1;15/08/2021 20:30:00;Strada Urbana;PONTE GARIBALDI;da specificare;;;;met� ponte direzione arenula;Tamponamento;Rettilineo;Pi� di due carreggiate;Asciutto;Asfaltata;Verticale ed orizzontale;Sereno;Normale;Buona;;0;0;0;3;12.4744;41.8911;-1;2;Motociclo con passeggero;In marcia / fermata / arresto;Passeggero;F;Illeso;0;;;
5552639;1;15/08/2021 02:25:00;Strada Urbana;VIALE DELLE TERME DI CARACALLA;all'intersezione con;PIAZZALE NUMA POMPILIO;PIAZZALE NUMA POMPILIO;;;Scontro frontale/laterale DX fra veicoli in marcia;Intersezione semaforizzata;Una carreggiata a senso unico di marcia;Asciutto;Asfaltata;Verticale ed orizzontale;Sereno;Scarso;Buona;;1;0;0;2;12.4952;41.8789;-1;1;Autovettura privata;In marcia / fermata / arresto;Conducente;M;Illeso;0;;;
5552639;1;15/08/2021 02:25:00;Strada Urbana;VIALE DELLE TERME DI CARACALLA;all'intersezione con;PIAZZALE NUMA POMPILIO;PIAZZALE NUMA POMPILIO;;;Scontro frontale/laterale DX fra veicoli in marcia;Intersezione semaforizzata;Una carreggiata a senso unico di marcia;Asciutto;Asfaltata;Verticale ed orizzontale;Sereno;Scarso;Buona;;1;0;0;2;12.4952;41.8789;-1;1;Autovettura privata;In marcia / fermata / arresto;Passeggero;F;Illeso;0;;;
5552639;1;15/08/2021 02:25:00;Strada Urbana;VIALE DELLE TERME DI CARACALLA;all'intersezione con;PIAZZALE NUMA POMPILIO;PIAZZALE NUMA POMPILIO;;;Scontro frontale/laterale DX fra veicoli in marcia;Intersezione semaforizzata;Una carreggiata a senso unico di marcia;Asciutto;Asfaltata;Verticale ed orizzontale;Sereno;Scarso;Buona;;1;0;0;2;12.4952;41.8789;-1;2;Motociclo a solo;In marcia / fermata / arresto;Conducente;M;Rimandato;0;NON DECEDUTO;;
5552657;1;16/08/2021 09:30:00;Strada Urbana;VIA CARLO ALBERTO;da specificare;;;;fronte civico 14;Investimento di pedone;Rettilineo;Una carreggiata a doppio senso;Asciutto;In cubetti di porfido;Verticale ed orizzontale;Nuvoloso;Normale;Buona;;1;0;0;1;12.5012;41.8964;-1;;;;Pedone;M;Rimandato;0;NON DECEDUTO;;
5552657;1;16/08/2021 09:30:00;Strada Urbana;VIA CARLO ALBERTO;da specificare;;;;fronte civico 14;Investimento di pedone;Rettilineo;Una carreggiata a doppio senso;Asciutto;In cubetti di porfido;Verticale ed orizzontale;Nuvoloso;Normale;Buona;;1;0;0;1;12.5012;41.8964;-1;1;Motociclo a solo;In marcia / fermata / arresto;Conducente;M;Illeso;0;;;
5552731;1;15/08/2021 17:55:00;Strada Urbana;PIAZZA DELLA BOCCA DELLA VERITA';all'intersezione con;VIA LUIGI PETROSELLI;VIA LUIGI PETROSELLI;;;Scontro laterale fra veicoli in marcia;Intersezione stradale segnalata;Una carreggiata a senso unico di marcia;Asciutto;In cubetti di porfido;Verticale ed orizzontale;Sereno;Scarso;Buona;;1;0;0;2;;;0;1;Autovettura pubblica;In marcia / fermata / arresto;Conducente;M;Illeso;0;;;
5552731;1;15/08/2021 17:55:00;Strada Urbana;PIAZZA DELLA BOCCA DELLA VERITA';all'intersezione con;VIA LUIGI PETROSELLI;VIA LUIGI PETROSELLI;;;Scontro laterale fra veicoli in marcia;Intersezione stradale segnalata;Una carreggiata a senso unico di marcia;Asciutto;In cubetti di porfido;Verticale ed orizzontale;Sereno;Scarso;Buona;;1;0;0;2;;;0;1;Autovettura pubblica;In marcia / fermata / arresto;Passeggero;M;Illeso;0;;;