Protocollo;Gruppo;DataOraIncidente;Localizzazione1;STRADA1;Localizzazione2;STRADA2;Strada02;Chilometrica;DaSpecificare;NaturaIncidente;particolaritastrade;TipoStrada;FondoStradale;Pavimentazione;Segnaletica;CondizioneAtmosferica;Traffico;Visibilita;Illuminazione;NUM_FERITI;NUM_RISERVATA;NUM_MORTI;NUM_ILLESI;Longitudine;Latitudine;Confermato;Progressivo;TipoVeicolo;StatoVeicolo;TipoPersona;Sesso;Tipolesione;Deceduto;DecedutoDopo;CinturaCascoUtilizzato;Airbag;
5553260;8;17/08/2021 00:35:00;Strada Urbana;VIA ANTONIO CASTAGNARO;in corrispondenza;;del palo luce n.;2;;Infortunio per caduta del veicolo;Curva a visuale libera;Una carreggiata a doppio senso;Asciutto;Asfaltata;Assente;Sereno;Scarso;Sufficiente;;1;0;0;0;12.6695;41.9005;0;2;Autovettura privata;Allontanatosi;;;;;;;
5553264;10;16/08/2021 15:50:00;Strada Urbana;VIALE MARCO FULVIO NOBILIORE;all'intersezione con;VIA GIUSEPPE SALVIOLI;VIA GIUSEPPE SALVIOLI;;;Scontro frontale/laterale DX fra veicoli in marcia;Incrocio;Una carreggiata a senso unico di marcia;Asciutto;Asfaltata;Verticale ed orizzontale;Sereno;Scarso;Buona;;0;0;0;2;12.565;41.8595;-1;1;Autovettura privata;In marcia / fermata / arresto;Conducente;F;Illeso;0;;Non accertato;Inesploso
5553264;10;16/08/2021 15:50:00;Strada Urbana;VIALE MARCO FULVIO NOBILIORE;all'intersezione con;VIA GIUSEPPE SALVIOLI;VIA GIUSEPPE SALVIOLI;;;Scontro frontale/laterale DX fra veicoli in marcia;Incrocio;Una carreggiata a senso unico di marcia;Asciutto;Asfaltata;Verticale ed orizzontale;Sereno;Scarso;Buona;;0;0;0;2;12.565;41.8595;-1;2;Autovettura privata;In marcia / fermata / arresto;Conducente;F;Illeso;0;;;
5553267;11;16/08/2021 11:45:00;Strada Urbana;VIALE CRISTOFORO COLOMBO;da specificare;;;;LATERALE PROSSIMITA' PALO ACEA 41;Tamponamento Multiplo;Rettilineo;Pi� di due carreggiate;Asciutto;Asfaltata;Verticale ed orizzontale;Sereno;Normale;Buona;;1;0;0;4;12.4805;41.8471;-1;1;Autovettura privata;In marcia / fermata / arresto;Conducente;F;Rifiuta cure immediate;0;NON DECEDUTO;;
5553267;11;16/08/2021 11:45:00;Strada Urbana;VIALE CRISTOFORO COLOMBO;da specificare;;;;LATERALE PROSSIMITA' PALO ACEA 41;Tamponamento Multiplo;Rettilineo;Pi� di due carreggiate;Asciutto;Asfaltata;Verticale ed orizzontale;Sereno;Normale;Buona;;1;0;0;4;12.4805;41.8471;-1;2;Autovettura privata;In marcia / fermata / arresto;Conducente;M;Illeso;0;;;
5553267;11;16/08/2021 11:45:00;Strada Urbana;VIALE CRISTOFORO COLOMBO;da specificare;;;;LATERALE PROSSIMITA' PALO ACEA 41;Tamponamento Multiplo;Rettilineo;Pi� di due carreggiate;Asciutto;Asfaltata;Verticale ed orizzontale;Sereno;Normale;Buona;;1;0;0;4;12.4805;41.8471;-1;2;Autovettura privata;In marcia / fermata / arresto;Passeggero;F;Illeso;0;;;
5553267;11;16/08/2021 11:45:00;Strada Urbana;VIALE CRISTOFORO COLOMBO;da specificare;;;;LATERALE PROSSIMITA' PALO ACEA 41;Tamponamento Multiplo;Rettilineo;Pi� di due carreggiate;Asciutto;Asfaltata;Verticale ed orizzontale;Sereno;Normale;Buona;;1;0;0;4;12.4805;41.8471;-1;3;Autovettura privata;In marcia / fermata / arresto;Conducente;M;Illeso;0;;;
5553267;11;16/08/2021 11:45:00;Strada Urbana;VIALE CRISTOFORO COLOMBO;da specificare;;;;LATERALE PROSSIMITA' PALO ACEA 41;Tamponamento Multiplo;Rettilineo;Pi� di due carreggiate;Asciutto;Asfaltata;Verticale ed orizzontale;Sereno;Normale;Buona;;1;0;0;4;12.4805;41.8471;-1;3;Autovettura privata;In marcia / fermata / arresto;Passeggero;F;Illeso;0;;;
5553270;4;16/08/2021 09:15:00;Provinciale entro l'abitato;VIA NOMENTANA;all'intersezione semaforizzata con;VIA VAL CHISONE;VIA VAL CHISONE;;;Scontro laterale fra veicoli in marcia;Intersezione stradale segnalata;Una carreggiata a doppio senso;Asciutto;Asfaltata;Verticale ed orizzontale;Sereno;Normale;Buona;;1;0;0;1;12.5737;41.959;-1;1;Autovettura privata;In marcia / fermata / arresto;Conducente;M;Illeso;0;;Non accertato;Inesploso
5553270;4;16/08/2021 09:15:00;Provinciale entro l'abitato;VIA NOMENTANA;all'intersezione semaforizzata con;VIA VAL CHISONE;VIA VAL CHISONE;;;Scontro laterale fra veicoli in marcia;Intersezione stradale segnalata;Una carreggiata a doppio senso;Asciutto;Asfaltata;Verticale ed orizzontale;Sereno;Normale;Buona;;1;0;0;1;12.5737;41.959;-1;2;Motociclo a solo;In marcia / fermata / arresto;Conducente;M;Rifiuta cure immediate;0;NON DECEDUTO;;
5553271;10;16/08/2021 17:30:00;Strada Urbana;VIA GIUSEPPE BARILE;all'intersezione con;VIA MASSIMO SEVERO GIANNINI;VIA MASSIMO SEVERO GIANNINI;;;Scontro frontale/laterale DX fra veicoli in marcia;Incrocio;Una carreggiata a doppio senso;Asciutto;Asfaltata;Verticale ed orizzontale;Sereno;Scarso;Buona;;2;0;0;0;12.6039;41.8372;-1;1;Autovettura privata;In marcia / fermata / arresto;Conducente;F;Rimandato;0;NON DECEDUTO;;
5553271;10;16/08/2021 17:30:00;Strada Urbana;VIA GIUSEPPE BARILE;all'intersezione con;VIA MASSIMO SEVERO GIANNINI;VIA MASSIMO SEVERO GIANNINI;;;Scontro frontale/laterale DX fra veicoli in marcia;Incrocio;Una carreggiata a doppio senso;Asciutto;Asfaltata;Verticale ed orizzontale;Sereno;Scarso;Buona;;2;0;0;0;12.6039;41.8372;-1;2;Autovettura privata;In marcia / fermata / arresto;Conducente;M;Rimandato;0;NON DECEDUTO;;
5553275;13;16/08/2021 11:30:00;Strada Urbana;LUNGOMARE AMERIGO VESPUCCI;da specificare;;;;fronte Stab. Aeronautica Militare;Veicolo in marcia contro veicolo fermo;Rettilineo;Una carreggiata a doppio senso;Asciutto;Asfaltata;Verticale ed orizzontale;Sereno;Normale;Buona;;0;0;0;2;12.3317;41.7084;-1;1;Autovettura privata;In marcia / fermata / arresto;Conducente;M;Illeso;0;;Non accertato;Inesploso
5553275;13;16/08/2021 11:30:00;Strada Urbana;LUNGOMARE AMERIGO VESPUCCI;da specificare;;;;fronte Stab. Aeronautica Militare;Veicolo in marcia contro veicolo fermo;Rettilineo;Una carreggiata a doppio senso;Asciutto;Asfaltata;Verticale ed orizzontale;Sereno;Normale;Buona;;0;0;0;2;12.3317;41.7084;-1;2;Autovettura privata;In marcia / fermata / arresto;Conducente;F;Illeso;0;;Non accertato;Inesploso
5553277;13;16/08/2021 13:24:00;Strada Urbana;VIA GUIDO CALZA;in prossimit�;;della chilometrica;5.3;;Scontro laterale fra veicoli in marcia;Curva senza visuale libera;Una carreggiata a senso unico di marcia;Asciutto;Asfaltata;Verticale ed orizzontale;Sereno;Normale;Buona;;0;0;0;3;12.2916;41.7522;-1;1;Autovettura privata;In marcia / fermata / arresto;Conducente;M;Illeso;0;;Non accertato;Inesploso
5553277;13;16/08/2021 13:24:00;Strada Urbana;VIA GUIDO CALZA;in prossimit�;;della chilometrica;5.3;;Scontro laterale fra veicoli in marcia;Curva senza visuale libera;Una carreggiata a senso unico di marcia;Asciutto;Asfaltata;Verticale ed orizzontale;Sereno;Normale;Buona;;0;0;0;3;12.2916;41.7522;-1;1;Autovettura privata;In marcia / fermata / arresto;Passeggero;F;Illeso;0;;Non accertato;Inesploso
5553277;13;16/08/2021 13:24:00;Strada Urbana;VIA GUIDO CALZA;in prossimit�;;della chilometrica;5.3;;Scontro laterale fra veicoli in marcia;Curva senza visuale libera;Una carreggiata a senso unico di marcia;Asciutto;Asfaltata;Verticale ed orizzontale;Sereno;Normale;Buona;;0;0;0;3;12.2916;41.7522;-1;2;Autovettura privata;In marcia / fermata / arresto;Conducente;F;Illeso;0;;Non accertato;
5553279;13;16/08/2021 15:10:00;Strada Urbana;VIA DEI MONTI DI S. PAOLO;in corrispondenza;;del civico n.;1a;;Scontro frontale/laterale DX fra veicoli in marcia;Rettilineo;Una carreggiata a doppio senso;Asciutto;Asfaltata;Assente;Sereno;Normale;Buona;;1;0;0;1;12.3599;41.7849;-1;1;Autovettura privata;In marcia / fermata / arresto;Conducente;F;Illeso;0;;;
5553279;13;16/08/2021 15:10:00;Strada Urbana;VIA DEI MONTI DI S. PAOLO;in corrispondenza;;del civico n.;1a;;Scontro frontale/laterale DX fra veicoli in marcia;Rettilineo;Una carreggiata a doppio senso;Asciutto;Asfaltata;Assente;Sereno;Normale;Buona;;1;0;0;1;12.3599;41.7849;-1;2;Motociclo a solo;In marcia / fermata / arresto;Conducente;M;Rimandato;0;NON DECEDUTO;;
5553303;4;16/08/2021 17:20:00;Strada Urbana;VIA MONTE GRIMANO;in corrispondenza;;del civico n.;96;;Veicolo in marcia contro veicolo arresto;Rettilineo;Una carreggiata a senso unico di marcia;Asciutto;Asfaltata;Orizzontale;Sereno;Scarso;Buona;;0;0;0;1;12.5198;41.9773;-1;1;Autovettura privata;In marcia / fermata / arresto;Conducente;M;Illeso;0;;;
5553303;4;16/08/2021 17:20:00;Strada Urbana;VIA MONTE GRIMANO;in corrispondenza;;del civico n.;96;;Veicolo in marcia contro veicolo arresto;Rettilineo;Una carreggiata a senso unico di marcia;Asciutto;Asfaltata;Orizzontale;Sereno;Scarso;Buona;;0;0;0;1;12.5198;41.9773;-1;2;Autocarro inferiore 35 q.;Allontanatosi;;;;;;;
5553315;1;16/08/2021 21:20:00;Strada Urbana;VIA VITTORIO EMANUELE ORLANDO;in corrispondenza;;del civico n.;3;;Veicolo in marcia contro ostacolo accidentale;Rettilineo;Una carreggiata a senso unico di marcia;;In cubetti di porfido;;Sereno;Normale;Sufficiente;;0;0;0;1;;;0;1;Motociclo a solo;In marcia / fermata / arresto;Conducente;M;Illeso;0;;;
5553327;9;15/08/2021 13:00:00;Strada Urbana;PIAZZA DI S. MARIA AUSILIATRICE;in corrispondenza;;del civico n.;4;;Veicolo in marcia contro veicolo in sosta;Rettilineo;Una carreggiata a senso unico di marcia;Asciutto;Asfaltata;Verticale ed orizzontale;Sereno;Normale;Buona;;0;0;0;0;12.5313;41.8729;-1;2;Autovettura privata;Sosta;;;;;;;
5553328;4;16/08/2021 19:00:00;Statale entro l'abitato;VIA SALARIA;in prossimit�;;della chilometrica;15.6;;Scontro frontale/laterale SX fra veicoli in marcia;Rettilineo;Una carreggiata a doppio senso;Asciutto;Asfaltata;Verticale ed orizzontale;Sereno;Normale;Buona;;1;0;0;1;12.5115;41.9873;-1;1;Autovettura privata;In marcia / fermata / arresto;Conducente;M;Illeso;0;;Esente;
5553328;4;16/08/2021 19:00:00;Statale entro l'abitato;VIA SALARIA;in prossimit�;;della chilometrica;15.6;;Scontro frontale/laterale SX fra veicoli in marcia;Rettilineo;Una carreggiata a doppio senso;Asciutto;Asfaltata;Verticale ed orizzontale;Sereno;Normale;Buona;;1;0;0;1;12.5115;41.9873;-1;2;Motociclo a solo;In marcia / fermata / arresto;Conducente;M;Rimandato;0;NON DECEDUTO;Non accertato;
5553351;1;16/08/2021 11:00:00;Strada Urbana;VIA GUICCIARDINI;da specificare;;;;ANGOLO VIA CARLO BOTTA;Veicolo in marcia contro veicolo in sosta;Rettilineo;Una carreggiata a senso unico di marcia;Bagnato (pioggia);Asfaltata;Assente;Sereno;Intenso;Buona;;0;0;0;0;12.5016;41.891;-1;1;Autovettura privata;Sosta;;;;;;;
5553351;1;16/08/2021 11:00:00;Strada Urbana;VIA GUICCIARDINI;da specificare;;;;ANGOLO VIA CARLO BOTTA;Veicolo in marcia contro veicolo in sosta;Rettilineo;Una carreggiata a senso unico di marcia;Bagnato (pioggia);Asfaltata;Assente;Sereno;Intenso;Buona;;0;0;0;0;12.5016;41.891;-1;2;Altro;Allontanatosi;;;;;;;
5553352;17;16/08/2021 22:10:00;Strada Urbana;PIAZZA PIO XI;all'intersezione semaforizzata con;VIA GREGORIO VII;VIA GREGORIO VII;;;Scontro frontale/laterale SX fra veicoli in marcia;Intersezione semaforizzata;Due carreggiate;Asciutto;Asfaltata;Verticale ed orizzontale;Sereno;Scarso;Sufficiente;;1;0;0;1;12.4386;41.895;-1;1;Autovettura privata;In marcia / fermata / arresto;Conducente;F;Illeso;0;;;
5553352;17;16/08/2021 22:10:00;Strada Urbana;PIAZZA PIO XI;all'intersezione semaforizzata con;VIA GREGORIO VII;VIA GREGORIO VII;;;Scontro frontale/laterale SX fra veicoli in marcia;Intersezione semaforizzata;Due carreggiate;Asciutto;Asfaltata;Verticale ed orizzontale;Sereno;Scarso;Sufficiente;;1;0;0;1;12.4386;41.895;-1;2;Autovettura privata;In marcia / fermata / arresto;Conducente;M;Rimandato;0;NON DECEDUTO;;
5553353;6;16/08/2021 18:15:00;Strada Urbana;VIA DI ACQUA BULLICANTE;in prossimit�;;del civico n.;fr. 161;;Investimento di pedone;Rettilineo;Una carreggiata a doppio senso;Asciutto;Asfaltata;Assente;Sereno;Scarso;Buona;;1;0;0;2;12.5435;41.8843;0;;;;Pedone;M;Rifiuta cure immediate;0;NON DECEDUTO;;
5553353;6;16/08/2021 18:15:00;Strada Urbana;VIA DI ACQUA BULLICANTE;in prossimit�;;del civico n.;fr. 161;;Investimento di pedone;Rettilineo;Una carreggiata a doppio senso;Asciutto;Asfaltata;Assente;Sereno;Scarso;Buona;;1;0;0;2;12.5435;41.8843;0;1;Autovettura privata;In marcia / fermata / arresto;Conducente;M;Illeso;0;;;
5553353;6;16/08/2021 18:15:00;Strada Urbana;VIA DI ACQUA BULLICANTE;in prossimit�;;del civico n.;fr. 161;;Investimento di pedone;Rettilineo;Una carreggiata a doppio senso;Asciutto;Asfaltata;Assente;Sereno;Scarso;Buona;;1;0;0;2;12.5435;41.8843;0;1;Autovettura privata;In marcia / fermata / arresto;Passeggero;M;Illeso;0;;;
5553355;10;16/08/2021 18:40:00;Strada Urbana;VIA ORAZIO RAIMONDO;all'intersezione con;VIA ALESSANDRO STOPPATO;VIA ALESSANDRO STOPPATO;;;Scontro frontale/laterale DX fra veicoli in marcia;Incrocio;Una carreggiata a doppio senso;Asciutto;Asfaltata;Verticale;Sereno;Scarso;Buona;;4;0;0;0;12.5966;41.847;-1;1;Autovettura privata;In marcia / fermata / arresto;Conducente;M;Rimandato;0;NON DECEDUTO;Non accertato;Esploso
5553355;10;16/08/2021 18:40:00;Strada Urbana;VIA ORAZIO RAIMONDO;all'intersezione con;VIA ALESSANDRO STOPPATO;VIA ALESSANDRO STOPPATO;;;Scontro frontale/laterale DX fra veicoli in marcia;Incrocio;Una carreggiata a doppio senso;Asciutto;Asfaltata;Verticale;Sereno;Scarso;Buona;;4;0;0;0;12.5966;41.847;-1;1;Autovettura privata;In marcia / fermata / arresto;Passeggero;F;Rimandato;0;NON DECEDUTO;Non accertato;Inesploso
5553355;10;16/08/2021 18:40:00;Strada Urbana;VIA ORAZIO RAIMONDO;all'intersezione con;VIA ALESSANDRO STOPPATO;VIA ALESSANDRO STOPPATO;;;Scontro frontale/laterale DX fra veicoli in marcia;Incrocio;Una carreggiata a doppio senso;Asciutto;Asfaltata;Verticale;Sereno;Scarso;Buona;;4;0;0;0;12.5966;41.847;-1;1;Autovettura privata;In marcia / fermata / arresto;Passeggero;F;Rimandato;0;NON DECEDUTO;Non accertato;Inesploso
5553355;10;16/08/2021 18:40:00;Strada Urbana;VIA ORAZIO RAIMONDO;all'intersezione con;VIA ALESSANDRO STOPPATO;VIA ALESSANDRO STOPPATO;;;Scontro frontale/laterale DX fra veicoli in marcia;Incrocio;Una carreggiata a doppio senso;Asciutto;Asfaltata;Verticale;Sereno;Scarso;Buona;;4;0;0;0;12.5966;41.847;-1;2;Autovettura privata;In marcia / fermata / arresto;Conducente;M;Rimandato;0;NON DECEDUTO;Non accertato;Inesploso
5553364;6;16/08/2021 22:55:00;Strada Urbana;PIAZZALE PRENESTINO;all'intersezione con;CIRCONVALLAZIONE CASILINA;CIRCONVALLAZIONE CASILINA;;;Scontro frontale fra veicoli in marcia;Incrocio;Pi� di due carreggiate;Asciutto;Asfaltata;Verticale ed orizzontale;Sereno;Normale;Sufficiente;;1;0;0;1;12.5274;41.8911;-1;1;Autovettura privata;In marcia / fermata / arresto;Conducente;M;Illeso;0;;Non accertato;Inesploso
5553364;6;16/08/2021 22:55:00;Strada Urbana;PIAZZALE PRENESTINO;all'intersezione con;CIRCONVALLAZIONE CASILINA;CIRCONVALLAZIONE CASILINA;;;Scontro frontale fra veicoli in marcia;Incrocio;Pi� di due carreggiate;Asciutto;Asfaltata;Verticale ed orizzontale;Sereno;Normale;Sufficiente;;1;0;0;1;12.5274;41.8911;-1;2;Monopattino elettrico;In marcia / fermata / arresto;Conducente;M;Rimandato;0;NON DECEDUTO;Esente;Inesistente
5553416;2;16/08/2021 11:30:00;Strada Urbana;VIALE ETIOPIA;all'intersezione con;VIA ENDERTA';VIA ENDERTA';;;Scontro frontale/laterale DX fra veicoli in marcia;Incrocio;Una carreggiata a senso unico di marcia;Asciutto;Asfaltata;Verticale ed orizzontale;Sereno;Normale;Buona;;0;0;0;2;12.5235;41.9315;-1;1;Autovettura privata;In marcia / fermata / arresto;Conducente;M;Illeso;0;;Non accertato;Inesploso
5553416;2;16/08/2021 11:30:00;Strada Urbana;VIALE ETIOPIA;all'intersezione con;VIA ENDERTA';VIA ENDERTA';;;Scontro frontale/laterale DX fra veicoli in marcia;Incrocio;Una carreggiata a senso unico di marcia;Asciutto;Asfaltata;Verticale ed orizzontale;Sereno;Normale;Buona;;0;0;0;2;12.5235;41.9315;-1;2;Autocarro inferiore 35 q.;In marcia / fermata / arresto;Conducente;M;Illeso;0;;Non accertato;Inesploso
5553418;2;16/08/2021 18:40:00;Strada Urbana;VIA SALARIA;all'intersezione semaforizzata con;VIALE REGINA MARGHERITA;VIALE REGINA MARGHERITA;;;Ribaltamento senza urto contro ostacolo fisso;Intersezione semaforizzata;Una carreggiata a senso unico di marcia;Asciutto;Asfaltata;Verticale ed orizzontale;Sereno;Scarso;Buona;;1;0;0;4;12.4986;41.9196;-1;1;Autovettura privata;In marcia / fermata / arresto;Conducente;M;Illeso;0;;;
5553418;2;16/08/2021 18:40:00;Strada Urbana;VIA SALARIA;all'intersezione semaforizzata con;VIALE REGINA MARGHERITA;VIALE REGINA MARGHERITA;;;Ribaltamento senza urto contro ostacolo fisso;Intersezione semaforizzata;Una carreggiata a senso unico di marcia;Asciutto;Asfaltata;Verticale ed orizzontale;Sereno;Scarso;Buona;;1;0;0;4;12.4986;41.9196;-1;1;Autovettura privata;In marcia / fermata / arresto;Passeggero;F;Illeso;0;;;
5553418;2;16/08/2021 18:40:00;Strada Urbana;VIA SALARIA;all'intersezione semaforizzata con;VIALE REGINA MARGHERITA;VIALE REGINA MARGHERITA;;;Ribaltamento senza urto contro ostacolo fisso;Intersezione semaforizzata;Una carreggiata a senso unico di marcia;Asciutto;Asfaltata;Verticale ed orizzontale;Sereno;Scarso;Buona;;1;0;0;4;12.4986;41.9196;-1;1;Autovettura privata;In marcia / fermata / arresto;Passeggero;F;Illeso;0;;;
5553418;2;16/08/2021 18:40:00;Strada Urbana;VIA SALARIA;all'intersezione semaforizzata con;VIALE REGINA MARGHERITA;VIALE REGINA MARGHERITA;;;Ribaltamento senza urto contro ostacolo fisso;Intersezione semaforizzata;Una carreggiata a senso unico di marcia;Asciutto;Asfaltata;Verticale ed orizzontale;Sereno;Scarso;Buona;;1;0;0;4;12.4986;41.9196;-1;1;Autovettura privata;In marcia / fermata / arresto;Passeggero;F;Illeso;0;;;
5553418;2;16/08/2021 18:40:00;Strada Urbana;VIA SALARIA;all'intersezione semaforizzata con;VIALE REGINA MARGHERITA;VIALE REGINA MARGHERITA;;;Ribaltamento senza urto contro ostacolo fisso;Intersezione semaforizzata;Una carreggiata a senso unico di marcia;Asciutto;Asfaltata;Verticale ed orizzontale;Sereno;Scarso;Buona;;1;0;0;4;12.4986;41.9196;-1;2;Motociclo a solo;In marcia / fermata / arresto;Conducente;M;Rimandato;0;NON DECEDUTO;;
5553421;2;16/08/2021 17:15:00;Strada Urbana;CIRCONVALLAZIONE SALARIA;da specificare;;;;rampa di uscita SOMALIA dir. S. Giovanni;Veicolo in marcia contro ostacolo fisso;Rettilineo;Due carreggiate;Asciutto;Asfaltata;Verticale ed orizzontale;Sereno;Scarso;Buona;;0;0;0;1;12.5207;41.9347;-1;1;Autovettura privata;In marcia / fermata / arresto;Conducente;F;Illeso;0;;Non accertato;Inesploso
5553431;15;16/08/2021 21:20:00;Strada Urbana;VIA VALMACCA;in corrispondenza;;del civico n.;124;;Veicolo in marcia contro ostacolo fisso;Rettilineo;Una carreggiata a doppio senso;Asciutto;Asfaltata;Assente;Sereno;Scarso;Sufficiente;;0;0;0;2;12.2972;41.8237;-1;1;Autovettura privata;In marcia / fermata / arresto;Conducente;F;Illeso;0;;Non accertato;Inesploso
5553431;15;16/08/2021 21:20:00;Strada Urbana;VIA VALMACCA;in corrispondenza;;del civico n.;124;;Veicolo in marcia contro ostacolo fisso;Rettilineo;Una carreggiata a doppio senso;Asciutto;Asfaltata;Assente;Sereno;Scarso;Sufficiente;;0;0;0;2;12.2972;41.8237;-1;1;Autovettura privata;In marcia / fermata / arresto;Passeggero;M;Illeso;0;;Non accertato;Inesploso
5553437;18;16/08/2021 09:30:00;Strada Urbana;VIA DELLA PINETA SACCHETTI;in prossimit�;;del civico n.;45;;Tamponamento Multiplo;Rettilineo;Una carreggiata a doppio senso;Asciutto;Asfaltata;Verticale ed orizzontale;Sereno;Normale;Buona;;0;0;0;9;12.424;41.9089;-1;1;Autovettura privata;In marcia / fermata / arresto;Conducente;F;Illeso;0;;Non accertato;Inesploso
5553437;18;16/08/2021 09:30:00;Strada Urbana;VIA DELLA PINETA SACCHETTI;in prossimit�;;del civico n.;45;;Tamponamento Multiplo;Rettilineo;Una carreggiata a doppio senso;Asciutto;Asfaltata;Verticale ed orizzontale;Sereno;Normale;Buona;;0;0;0;9;12.424;41.9089;-1;1;Autovettura privata;In marcia / fermata / arresto;Passeggero;M;Illeso;0;;Non accertato;Inesploso
5553437;18;16/08/2021 09:30:00;Strada Urbana;VIA DELLA PINETA SACCHETTI;in prossimit�;;del civico n.;45;;Tamponamento Multiplo;Rettilineo;Una carreggiata a doppio senso;Asciutto;Asfaltata;Verticale ed orizzontale;Sereno;Normale;Buona;;0;0;0;9;12.424;41.9089;-1;2;Autovettura privata;In marcia / fermata / arresto;Conducente;M;Illeso;0;;Non accertato;Inesploso
5553437;18;16/08/2021 09:30:00;Strada Urbana;VIA DELLA PINETA SACCHETTI;in prossimit�;;del civico n.;45;;Tamponamento Multiplo;Rettilineo;Una carreggiata a doppio senso;Asciutto;Asfaltata;Verticale ed orizzontale;Sereno;Normale;Buona;;0;0;0;9;12.424;41.9089;-1;2;Autovettura privata;In marcia / fermata / arresto;Passeggero;F;Illeso;0;;Non accertato;Inesploso
5553437;18;16/08/2021 09:30:00;Strada Urbana;VIA DELLA PINETA SACCHETTI;in prossimit�;;del civico n.;45;;Tamponamento Multiplo;Rettilineo;Una carreggiata a doppio senso;Asciutto;Asfaltata;Verticale ed orizzontale;Sereno;Normale;Buona;;0;0;0;9;12.424;41.9089;-1;2;Autovettura privata;In marcia / fermata / arresto;Passeggero;F;Illeso;0;;Non accertato;Inesploso
5553437;18;16/08/2021 09:30:00;Strada Urbana;VIA DELLA PINETA SACCHETTI;in prossimit�;;del civico n.;45;;Tamponamento Multiplo;Rettilineo;Una carreggiata a doppio senso;Asciutto;Asfaltata;Verticale ed orizzontale;Sereno;Normale;Buona;;0;0;0;9;12.424;41.9089;-1;2;Autovettura privata;In marcia / fermata / arresto;Passeggero;M;Illeso;0;;Non accertato;Inesploso
5553437;18;16/08/2021 09:30:00;Strada Urbana;VIA DELLA PINETA SACCHETTI;in prossimit�;;del civico n.;45;;Tamponamento Multiplo;Rettilineo;Una carreggiata a doppio senso;Asciutto;Asfaltata;Verticale ed orizzontale;Sereno;Normale;Buona;;0;0;0;9;12.424;41.9089;-1;2;Autovettura privata;In marcia / fermata / arresto;Passeggero;F;Illeso;0;;Non accertato;Inesploso
5553437;18;16/08/2021 09:30:00;Strada Urbana;VIA DELLA PINETA SACCHETTI;in prossimit�;;del civico n.;45;;Tamponamento Multiplo;Rettilineo;Una carreggiata a doppio senso;Asciutto;Asfaltata;Verticale ed orizzontale;Sereno;Normale;Buona;;0;0;0;9;12.424;41.9089;-1;3;Autovettura privata;In marcia / fermata / arresto;Conducente;F;Illeso;0;;Non accertato;Inesploso
5553437;18;16/08/2021 09:30:00;Strada Urbana;VIA DELLA PINETA SACCHETTI;in prossimit�;;del civico n.;45;;Tamponamento Multiplo;Rettilineo;Una carreggiata a doppio senso;Asciutto;Asfaltata;Verticale ed orizzontale;Sereno;Normale;Buona;;0;0;0;9;12.424;41.9089;-1;3;Autovettura privata;In marcia / fermata / arresto;Passeggero;F;Illeso;0;;Non accertato;Inesploso
5553448;18;16/08/2021 15:45:00;Strada Urbana;VIA AURELIA;in prossimit�;;del civico n.;141;;Scontro laterale fra veicoli in marcia;Rettilineo;Una carreggiata a senso unico di marcia;Asciutto;Asfaltata;Verticale ed orizzontale;Sereno;Scarso;Buona;;2;0;0;1;12.4491;41.8994;-1;1;Autovettura privata;In marcia / fermata / arresto;Conducente;M;Illeso;0;;;
5553448;18;16/08/2021 15:45:00;Strada Urbana;VIA AURELIA;in prossimit�;;del civico n.;141;;Scontro laterale fra veicoli in marcia;Rettilineo;Una carreggiata a senso unico di marcia;Asciutto;Asfaltata;Verticale ed orizzontale;Sereno;Scarso;Buona;;2;0;0;1;12.4491;41.8994;-1;2;Motociclo a solo;In marcia / fermata / arresto;Conducente;F;Ricoverato;0;NON DECEDUTO;;
5553448;18;16/08/2021 15:45:00;Strada Urbana;VIA AURELIA;in prossimit�;;del civico n.;141;;Scontro laterale fra veicoli in marcia;Rettilineo;Una carreggiata a senso unico di marcia;Asciutto;Asfaltata;Verticale ed orizzontale;Sereno;Scarso;Buona;;2;0;0;1;12.4491;41.8994;-1;2;Motociclo a solo;In marcia / fermata / arresto;Passeggero;F;Ricoverato;0;NON DECEDUTO;;
5553468;16;16/08/2021 12:00:00;Strada Urbana;VIALE DEI COLLI PORTUENSI;in prossimit�;;del civico n.;397;;Tamponamento;Rettilineo;Due carreggiate;Asciutto;Asfaltata;Verticale ed orizzontale;Sereno;Normale;Buona;;0;0;0;2;12.4442;41.8651;-1;1;Autovettura privata;In marcia / fermata / arresto;Conducente;F;Illeso;0;;Non accertato;
5553468;16;16/08/2021 12:00:00;Strada Urbana;VIALE DEI COLLI PORTUENSI;in prossimit�;;del civico n.;397;;Tamponamento;Rettilineo;Due carreggiate;Asciutto;Asfaltata;Verticale ed orizzontale;Sereno;Normale;Buona;;0;0;0;2;12.4442;41.8651;-1;2;Autovettura privata;In marcia / fermata / arresto;Conducente;M;Illeso;0;;Non accertato;
5553482;23;17/08/2021 01:15:00;Strada Urbana;LUNGOTEVERE MARZIO;all'intersezione semaforizzata con;PONTE CAVOUR;PONTE CAVOUR;;;Scontro laterale fra veicoli in marcia;Intersezione semaforizzata;Una carreggiata a senso unico di marcia;Asciutto;In cubetti di porfido;Assente;Sereno;Scarso;Buona;;2;0;0;2;12.475;41.9048;-1;1;Autovettura privata;In marcia / fermata / arresto;Conducente;M;Illeso;0;;Non accertato;Inesploso