Protocollo;Gruppo;DataOraIncidente;Localizzazione1;STRADA1;Localizzazione2;STRADA2;Strada02;Chilometrica;DaSpecificare;NaturaIncidente;particolaritastrade;TipoStrada;FondoStradale;Pavimentazione;Segnaletica;CondizioneAtmosferica;Traffico;Visibilita;Illuminazione;NUM_FERITI;NUM_RISERVATA;NUM_MORTI;NUM_ILLESI;Longitudine;Latitudine;Confermato;Progressivo;TipoVeicolo;StatoVeicolo;TipoPersona;Sesso;Tipolesione;Deceduto;DecedutoDopo;CinturaCascoUtilizzato;Airbag;
5560692;13;24/08/2021 22:00:00;Strada Urbana;VIA DEI TRAGHETTI;all'intersezione con;VIA DEI VELIERI;VIA DEI VELIERI;;;Scontro frontale/laterale SX fra veicoli in marcia;Incrocio;Due carreggiate;Asciutto;Asfaltata;Verticale ed orizzontale;Sereno;Normale;Buona;;0;0;0;4;12.2772;41.7365;-1;2;Autovettura privata;In marcia / fermata / arresto;Conducente;F;Illeso;0;;;
5560694;12;24/08/2021 16:49:00;Strada Urbana;VIALE EGEO;in corrispondenza;;del civico n.;68;;Tamponamento;Rettilineo;Una carreggiata a doppio senso;Bagnato (pioggia);Asfaltata;Verticale ed orizzontale;Nuvoloso;Normale;Buona;;0;0;0;3;12.4566;41.8319;-1;1;Autovettura privata;In marcia / fermata / arresto;Conducente;M;Illeso;0;;Utilizzato;Inesploso
5560694;12;24/08/2021 16:49:00;Strada Urbana;VIALE EGEO;in corrispondenza;;del civico n.;68;;Tamponamento;Rettilineo;Una carreggiata a doppio senso;Bagnato (pioggia);Asfaltata;Verticale ed orizzontale;Nuvoloso;Normale;Buona;;0;0;0;3;12.4566;41.8319;-1;1;Autovettura privata;In marcia / fermata / arresto;Passeggero;F;Illeso;0;;Utilizzato;Inesploso
5560694;12;24/08/2021 16:49:00;Strada Urbana;VIALE EGEO;in corrispondenza;;del civico n.;68;;Tamponamento;Rettilineo;Una carreggiata a doppio senso;Bagnato (pioggia);Asfaltata;Verticale ed orizzontale;Nuvoloso;Normale;Buona;;0;0;0;3;12.4566;41.8319;-1;2;Motociclo a solo;In marcia / fermata / arresto;Conducente;M;Illeso;0;;Utilizzato;
5560695;13;24/08/2021 22:20:00;;VIALE DI CASTEL PORZIANO;all'intersezione con;VIA CASTELLO TESINO;VIA CASTELLO TESINO;;;Veicolo in marcia contro ostacolo fisso;;;;;;;;;;0;0;0;3;12.3491;41.7308;0;1;Autovettura privata;In marcia / fermata / arresto;Conducente;M;Illeso;0;;Non accertato;Inesploso
5560695;13;24/08/2021 22:20:00;;VIALE DI CASTEL PORZIANO;all'intersezione con;VIA CASTELLO TESINO;VIA CASTELLO TESINO;;;Veicolo in marcia contro ostacolo fisso;;;;;;;;;;0;0;0;3;12.3491;41.7308;0;1;Autovettura privata;In marcia / fermata / arresto;Passeggero;F;Illeso;0;;Non accertato;Inesploso
5560695;13;24/08/2021 22:20:00;;VIALE DI CASTEL PORZIANO;all'intersezione con;VIA CASTELLO TESINO;VIA CASTELLO TESINO;;;Veicolo in marcia contro ostacolo fisso;;;;;;;;;;0;0;0;3;12.3491;41.7308;0;2;Autovettura privata;Allontanatosi;;;;;;;
5560697;13;24/08/2021 07:10:00;Strada Urbana;VIA MARCELLO PUCCI BONCAMBI;in corrispondenza;;del civico n.;13;;Veicolo in marcia contro veicoli in sosta;Rettilineo;Una carreggiata a doppio senso;Asciutto;Asfaltata;Verticale ed orizzontale;Sereno;Normale;Buona;;0;0;0;1;12.268;41.7358;-1;1;Autocarro inferiore 35 q.;In marcia / fermata / arresto;Conducente;M;Illeso;0;;;
5560697;13;24/08/2021 07:10:00;Strada Urbana;VIA MARCELLO PUCCI BONCAMBI;in corrispondenza;;del civico n.;13;;Veicolo in marcia contro veicoli in sosta;Rettilineo;Una carreggiata a doppio senso;Asciutto;Asfaltata;Verticale ed orizzontale;Sereno;Normale;Buona;;0;0;0;1;12.268;41.7358;-1;2;Autovettura privata;Sosta;;;;;;;
5560697;13;24/08/2021 07:10:00;Strada Urbana;VIA MARCELLO PUCCI BONCAMBI;in corrispondenza;;del civico n.;13;;Veicolo in marcia contro veicoli in sosta;Rettilineo;Una carreggiata a doppio senso;Asciutto;Asfaltata;Verticale ed orizzontale;Sereno;Normale;Buona;;0;0;0;1;12.268;41.7358;-1;3;Autovettura privata;Sosta;;;;;;;
5560698;13;25/08/2021 02:30:00;Strada Urbana;VIA FRANCESCO DONATI;all'intersezione con;VICOLO DI DRAGONE;VICOLO DI DRAGONE;;;Scontro frontale/laterale SX fra veicoli in marcia;Incrocio;Una carreggiata a senso unico di marcia;Asciutto;Asfaltata;Verticale;Sereno;Normale;Sufficiente;;0;0;0;3;12.3423;41.7786;-1;1;Autovettura privata;In marcia / fermata / arresto;Conducente;M;Illeso;0;;;
5560698;13;25/08/2021 02:30:00;Strada Urbana;VIA FRANCESCO DONATI;all'intersezione con;VICOLO DI DRAGONE;VICOLO DI DRAGONE;;;Scontro frontale/laterale SX fra veicoli in marcia;Incrocio;Una carreggiata a senso unico di marcia;Asciutto;Asfaltata;Verticale;Sereno;Normale;Sufficiente;;0;0;0;3;12.3423;41.7786;-1;2;Autovettura privata;In marcia / fermata / arresto;Conducente;M;Illeso;0;;;
5560698;13;25/08/2021 02:30:00;Strada Urbana;VIA FRANCESCO DONATI;all'intersezione con;VICOLO DI DRAGONE;VICOLO DI DRAGONE;;;Scontro frontale/laterale SX fra veicoli in marcia;Incrocio;Una carreggiata a senso unico di marcia;Asciutto;Asfaltata;Verticale;Sereno;Normale;Sufficiente;;0;0;0;3;12.3423;41.7786;-1;2;Autovettura privata;In marcia / fermata / arresto;Passeggero;F;Illeso;0;;Non accertato;Inesploso
5560723;20;24/08/2021 15:30:00;Strada Urbana;VIA CASSIA;all'intersezione con;VIALE CORTINA D'AMPEZZO;VIALE CORTINA D'AMPEZZO;;;Scontro frontale fra veicoli in marcia;Incrocio;Una carreggiata a doppio senso;Asciutto;Asfaltata;Verticale ed orizzontale;Nuvoloso;Normale;Buona;;1;0;0;1;12.4568;41.9527;-1;1;Autovettura privata;In marcia / fermata / arresto;Conducente;F;Rimandato;0;NON DECEDUTO;Non accertato;Inesploso
5560723;20;24/08/2021 15:30:00;Strada Urbana;VIA CASSIA;all'intersezione con;VIALE CORTINA D'AMPEZZO;VIALE CORTINA D'AMPEZZO;;;Scontro frontale fra veicoli in marcia;Incrocio;Una carreggiata a doppio senso;Asciutto;Asfaltata;Verticale ed orizzontale;Nuvoloso;Normale;Buona;;1;0;0;1;12.4568;41.9527;-1;2;Autovettura privata;In marcia / fermata / arresto;Conducente;M;Illeso;0;;Non accertato;Esploso
5560733;1;24/08/2021 14:00:00;Strada Urbana;VIA NICOLA SALVI;da specificare;;;;pross. via terme di tito;Veicolo in marcia contro ostacolo accidentale;Rettilineo;Una carreggiata a senso unico di marcia;Bagnato (pioggia);Asfaltata;Verticale ed orizzontale;Nuvoloso;Normale;Buona;;1;0;0;1;12.4929;41.8913;-1;1;Autovettura privata;In marcia / fermata / arresto;Conducente;M;Illeso;0;;Non accertato;Inesploso
5560733;1;24/08/2021 14:00:00;Strada Urbana;VIA NICOLA SALVI;da specificare;;;;pross. via terme di tito;Veicolo in marcia contro ostacolo accidentale;Rettilineo;Una carreggiata a senso unico di marcia;Bagnato (pioggia);Asfaltata;Verticale ed orizzontale;Nuvoloso;Normale;Buona;;1;0;0;1;12.4929;41.8913;-1;1;Autovettura privata;In marcia / fermata / arresto;Passeggero;F;Rifiuta cure immediate;0;NON DECEDUTO;Non accertato;Inesploso
5560734;15;24/08/2021 07:00:00;Strada Urbana;VIA PIERO COLONNA;da specificare;;;;fronte civico 6;Veicolo in marcia contro veicolo in sosta;Rettilineo;Una carreggiata a doppio senso;Asciutto;Asfaltata;Verticale ed orizzontale;Nuvoloso;Normale;Buona;;0;0;0;1;12.4523;41.8547;-1;1;Autovettura privata;Sosta;;;;;;;
5560734;15;24/08/2021 07:00:00;Strada Urbana;VIA PIERO COLONNA;da specificare;;;;fronte civico 6;Veicolo in marcia contro veicolo in sosta;Rettilineo;Una carreggiata a doppio senso;Asciutto;Asfaltata;Verticale ed orizzontale;Nuvoloso;Normale;Buona;;0;0;0;1;12.4523;41.8547;-1;2;Autovettura privata;Allontanatosi;Conducente;M;Illeso;0;;;
5560736;4;24/08/2021 15:15:00;Statale;VIA SALARIA;in corrispondenza;;della chilometrica;18.1;;Tamponamento Multiplo;Rettilineo;Una carreggiata a doppio senso;Bagnato (pioggia);Asfaltata;Verticale ed orizzontale;Nuvoloso;Normale;Buona;;1;0;0;3;12.5115;41.9873;-1;1;Autocarro inferiore 35 q.;In marcia / fermata / arresto;Conducente;M;Illeso;0;;;
5560736;4;24/08/2021 15:15:00;Statale;VIA SALARIA;in corrispondenza;;della chilometrica;18.1;;Tamponamento Multiplo;Rettilineo;Una carreggiata a doppio senso;Bagnato (pioggia);Asfaltata;Verticale ed orizzontale;Nuvoloso;Normale;Buona;;1;0;0;3;12.5115;41.9873;-1;1;Autocarro inferiore 35 q.;In marcia / fermata / arresto;Passeggero;F;Rimandato;0;NON DECEDUTO;;
5560736;4;24/08/2021 15:15:00;Statale;VIA SALARIA;in corrispondenza;;della chilometrica;18.1;;Tamponamento Multiplo;Rettilineo;Una carreggiata a doppio senso;Bagnato (pioggia);Asfaltata;Verticale ed orizzontale;Nuvoloso;Normale;Buona;;1;0;0;3;12.5115;41.9873;-1;2;Autovettura privata;In marcia / fermata / arresto;Conducente;M;Illeso;0;;;
5560736;4;24/08/2021 15:15:00;Statale;VIA SALARIA;in corrispondenza;;della chilometrica;18.1;;Tamponamento Multiplo;Rettilineo;Una carreggiata a doppio senso;Bagnato (pioggia);Asfaltata;Verticale ed orizzontale;Nuvoloso;Normale;Buona;;1;0;0;3;12.5115;41.9873;-1;3;Autovettura privata;In marcia / fermata / arresto;Conducente;M;Illeso;0;;;
5560746;20;24/08/2021 16:45:00;Strada Urbana;VIA FLAMINIA NUOVA;da specificare;;;;prossimit� fronte civ. 610;Tamponamento Multiplo;Rettilineo;Due carreggiate;Bagnato (pioggia);Asfaltata;Orizzontale;Pioggia in atto;Normale;Buona;;3;0;0;5;12.4792;41.9609;-1;1;Autobus di linea;In marcia / fermata / arresto;Conducente;M;Rimandato;0;NON DECEDUTO;Non accertato;
5560746;20;24/08/2021 16:45:00;Strada Urbana;VIA FLAMINIA NUOVA;da specificare;;;;prossimit� fronte civ. 610;Tamponamento Multiplo;Rettilineo;Due carreggiate;Bagnato (pioggia);Asfaltata;Orizzontale;Pioggia in atto;Normale;Buona;;3;0;0;5;12.4792;41.9609;-1;2;Autovettura privata;In marcia / fermata / arresto;Conducente;M;Illeso;0;;Non accertato;
5560746;20;24/08/2021 16:45:00;Strada Urbana;VIA FLAMINIA NUOVA;da specificare;;;;prossimit� fronte civ. 610;Tamponamento Multiplo;Rettilineo;Due carreggiate;Bagnato (pioggia);Asfaltata;Orizzontale;Pioggia in atto;Normale;Buona;;3;0;0;5;12.4792;41.9609;-1;2;Autovettura privata;In marcia / fermata / arresto;Passeggero;F;Illeso;0;;Non accertato;
5560746;20;24/08/2021 16:45:00;Strada Urbana;VIA FLAMINIA NUOVA;da specificare;;;;prossimit� fronte civ. 610;Tamponamento Multiplo;Rettilineo;Due carreggiate;Bagnato (pioggia);Asfaltata;Orizzontale;Pioggia in atto;Normale;Buona;;3;0;0;5;12.4792;41.9609;-1;3;Autovettura privata;In marcia / fermata / arresto;Conducente;M;Rimandato;0;NON DECEDUTO;Non accertato;
5560746;20;24/08/2021 16:45:00;Strada Urbana;VIA FLAMINIA NUOVA;da specificare;;;;prossimit� fronte civ. 610;Tamponamento Multiplo;Rettilineo;Due carreggiate;Bagnato (pioggia);Asfaltata;Orizzontale;Pioggia in atto;Normale;Buona;;3;0;0;5;12.4792;41.9609;-1;3;Autovettura privata;In marcia / fermata / arresto;Passeggero;M;Illeso;0;;Non accertato;
5560746;20;24/08/2021 16:45:00;Strada Urbana;VIA FLAMINIA NUOVA;da specificare;;;;prossimit� fronte civ. 610;Tamponamento Multiplo;Rettilineo;Due carreggiate;Bagnato (pioggia);Asfaltata;Orizzontale;Pioggia in atto;Normale;Buona;;3;0;0;5;12.4792;41.9609;-1;3;Autovettura privata;In marcia / fermata / arresto;Passeggero;M;Illeso;0;;Non accertato;
5560746;20;24/08/2021 16:45:00;Strada Urbana;VIA FLAMINIA NUOVA;da specificare;;;;prossimit� fronte civ. 610;Tamponamento Multiplo;Rettilineo;Due carreggiate;Bagnato (pioggia);Asfaltata;Orizzontale;Pioggia in atto;Normale;Buona;;3;0;0;5;12.4792;41.9609;-1;4;Autovettura privata;In marcia / fermata / arresto;Conducente;M;Illeso;0;;;
5560746;20;24/08/2021 16:45:00;Strada Urbana;VIA FLAMINIA NUOVA;da specificare;;;;prossimit� fronte civ. 610;Tamponamento Multiplo;Rettilineo;Due carreggiate;Bagnato (pioggia);Asfaltata;Orizzontale;Pioggia in atto;Normale;Buona;;3;0;0;5;12.4792;41.9609;-1;5;Autovettura privata;In marcia / fermata / arresto;Conducente;M;Rimandato;0;NON DECEDUTO;Non accertato;
5560748;17;24/08/2021 13:10:00;Strada Urbana;LUNGOTEVERE IN SASSIA;all'intersezione semaforizzata con;VIA S. PIO X;VIA S. PIO X;;;Fuoriuscita dalla sede stradale;Intersezione semaforizzata;Una carreggiata a senso unico di marcia;Bagnato (pioggia);Asfaltata;Verticale ed orizzontale;Pioggia in atto;Normale;Buona;;1;0;0;0;12.463;41.9008;0;1;Ciclomotore;In marcia / fermata / arresto;Conducente;F;Rimandato;0;NON DECEDUTO;;
5560751;1;24/08/2021 18:30:00;Strada Urbana;LUNGOTEVERE DEI PIERLEONI;all'intersezione con;VIA DEL FORO OLITORIO;VIA DEL FORO OLITORIO;;;Scontro laterale fra veicoli in marcia;Intersezione semaforizzata;Una carreggiata a senso unico di marcia;Bagnato (pioggia);In cubetti di porfido;Verticale ed orizzontale;Nuvoloso;Scarso;Buona;;0;0;0;3;12.4796;41.8905;-1;1;Autovettura privata;In marcia / fermata / arresto;Conducente;F;Illeso;0;;Non accertato;Inesploso
5560751;1;24/08/2021 18:30:00;Strada Urbana;LUNGOTEVERE DEI PIERLEONI;all'intersezione con;VIA DEL FORO OLITORIO;VIA DEL FORO OLITORIO;;;Scontro laterale fra veicoli in marcia;Intersezione semaforizzata;Una carreggiata a senso unico di marcia;Bagnato (pioggia);In cubetti di porfido;Verticale ed orizzontale;Nuvoloso;Scarso;Buona;;0;0;0;3;12.4796;41.8905;-1;2;Autovettura privata;In marcia / fermata / arresto;Conducente;M;Illeso;0;;Non accertato;Inesploso
5560751;1;24/08/2021 18:30:00;Strada Urbana;LUNGOTEVERE DEI PIERLEONI;all'intersezione con;VIA DEL FORO OLITORIO;VIA DEL FORO OLITORIO;;;Scontro laterale fra veicoli in marcia;Intersezione semaforizzata;Una carreggiata a senso unico di marcia;Bagnato (pioggia);In cubetti di porfido;Verticale ed orizzontale;Nuvoloso;Scarso;Buona;;0;0;0;3;12.4796;41.8905;-1;2;Autovettura privata;In marcia / fermata / arresto;Passeggero;F;Illeso;0;;Non accertato;Inesploso
5560756;20;24/08/2021 21:10:00;Statale;VIA BRACCIANENSE;da specificare;;;;direzione Roma 700 m. prima di via Quero;Tamponamento;Rettilineo;Una carreggiata a doppio senso;Bagnato (umidit� in atto);Asfaltata;Verticale ed orizzontale;Nuvoloso;Scarso;Insufficiente;;1;0;0;2;12.3653;42.0132;-1;1;Autovettura privata;In marcia / fermata / arresto;Conducente;F;Rimandato;0;NON DECEDUTO;Non accertato;
5560756;20;24/08/2021 21:10:00;Statale;VIA BRACCIANENSE;da specificare;;;;direzione Roma 700 m. prima di via Quero;Tamponamento;Rettilineo;Una carreggiata a doppio senso;Bagnato (umidit� in atto);Asfaltata;Verticale ed orizzontale;Nuvoloso;Scarso;Insufficiente;;1;0;0;2;12.3653;42.0132;-1;2;Autovettura privata;In marcia / fermata / arresto;Conducente;M;Illeso;0;;;
5560756;20;24/08/2021 21:10:00;Statale;VIA BRACCIANENSE;da specificare;;;;direzione Roma 700 m. prima di via Quero;Tamponamento;Rettilineo;Una carreggiata a doppio senso;Bagnato (umidit� in atto);Asfaltata;Verticale ed orizzontale;Nuvoloso;Scarso;Insufficiente;;1;0;0;2;12.3653;42.0132;-1;2;Autovettura privata;In marcia / fermata / arresto;Passeggero;F;Illeso;0;;Non accertato;
5560760;19;24/08/2021 19:30:00;Strada Urbana;VIA DELLA PINETA SACCHETTI;in prossimit�;;del civico n.;227;;Tamponamento;Rettilineo;Due carreggiate;Bagnato (pioggia);Asfaltata;Orizzontale;Nuvoloso;Scarso;Buona;;0;0;0;3;12.4275;41.9299;-1;1;Autovettura privata;In marcia / fermata / arresto;Conducente;F;Illeso;0;;Non accertato;Inesploso
5560760;19;24/08/2021 19:30:00;Strada Urbana;VIA DELLA PINETA SACCHETTI;in prossimit�;;del civico n.;227;;Tamponamento;Rettilineo;Due carreggiate;Bagnato (pioggia);Asfaltata;Orizzontale;Nuvoloso;Scarso;Buona;;0;0;0;3;12.4275;41.9299;-1;2;Autovettura privata;In marcia / fermata / arresto;Conducente;M;Illeso;0;;Non accertato;Inesploso
5560760;19;24/08/2021 19:30:00;Strada Urbana;VIA DELLA PINETA SACCHETTI;in prossimit�;;del civico n.;227;;Tamponamento;Rettilineo;Due carreggiate;Bagnato (pioggia);Asfaltata;Orizzontale;Nuvoloso;Scarso;Buona;;0;0;0;3;12.4275;41.9299;-1;2;Autovettura privata;In marcia / fermata / arresto;Passeggero;F;Illeso;0;;Non accertato;Inesploso
5560765;15;24/08/2021 13:10:00;Strada Urbana;VIA GAETANO RAPPINI;all'intersezione con;VIA MENOTTI GARIBALDI;VIA MENOTTI GARIBALDI;;;Tamponamento;Incrocio;Una carreggiata a senso unico di marcia;Bagnato (pioggia);Asfaltata;Verticale;Pioggia in atto;Scarso;Buona;;0;0;0;3;12.4546;41.8618;-1;1;Autovettura privata;In marcia / fermata / arresto;Conducente;M;Illeso;0;;Non accertato;Inesploso
5560765;15;24/08/2021 13:10:00;Strada Urbana;VIA GAETANO RAPPINI;all'intersezione con;VIA MENOTTI GARIBALDI;VIA MENOTTI GARIBALDI;;;Tamponamento;Incrocio;Una carreggiata a senso unico di marcia;Bagnato (pioggia);Asfaltata;Verticale;Pioggia in atto;Scarso;Buona;;0;0;0;3;12.4546;41.8618;-1;1;Autovettura privata;In marcia / fermata / arresto;Passeggero;F;Illeso;0;;Non accertato;Inesploso
5560765;15;24/08/2021 13:10:00;Strada Urbana;VIA GAETANO RAPPINI;all'intersezione con;VIA MENOTTI GARIBALDI;VIA MENOTTI GARIBALDI;;;Tamponamento;Incrocio;Una carreggiata a senso unico di marcia;Bagnato (pioggia);Asfaltata;Verticale;Pioggia in atto;Scarso;Buona;;0;0;0;3;12.4546;41.8618;-1;2;Autovettura privata;In marcia / fermata / arresto;Conducente;F;Illeso;0;;Non accertato;Inesploso
5560780;19;24/08/2021 17:00:00;Strada Urbana;VIA DELLA PINETA SACCHETTI;da specificare;;;;fronte civ. 464;Tamponamento;Rettilineo;Due carreggiate;Bagnato (pioggia);Asfaltata;Orizzontale;Pioggia in atto;Intenso;Buona;;0;0;0;3;12.4262;41.9256;-1;1;Autovettura privata;In marcia / fermata / arresto;Conducente;M;Illeso;0;;;
5560780;19;24/08/2021 17:00:00;Strada Urbana;VIA DELLA PINETA SACCHETTI;da specificare;;;;fronte civ. 464;Tamponamento;Rettilineo;Due carreggiate;Bagnato (pioggia);Asfaltata;Orizzontale;Pioggia in atto;Intenso;Buona;;0;0;0;3;12.4262;41.9256;-1;1;Autovettura privata;In marcia / fermata / arresto;Passeggero;F;Illeso;0;;;
5560780;19;24/08/2021 17:00:00;Strada Urbana;VIA DELLA PINETA SACCHETTI;da specificare;;;;fronte civ. 464;Tamponamento;Rettilineo;Due carreggiate;Bagnato (pioggia);Asfaltata;Orizzontale;Pioggia in atto;Intenso;Buona;;0;0;0;3;12.4262;41.9256;-1;2;Autovettura privata;In marcia / fermata / arresto;Conducente;M;Illeso;0;;;
5560781;6;24/08/2021 19:10:00;Autostrada;RAMPA USCITA G.R.A. CARREGGIATA INTERNA;da specificare;;;;n. 15 direz. via ATTANASIO SOLDATI;Scontro frontale fra veicoli in marcia;Curva a visuale libera;Una carreggiata a doppio senso;Bagnato (umidit� in atto);Asfaltata;Verticale ed orizzontale;Nuvoloso;Normale;Buona;;3;0;0;0;12.6167;41.9099;-1;1;Autovettura privata;In marcia / fermata / arresto;Conducente;M;Rifiuta cure immediate;0;NON DECEDUTO;Non accertato;Inesploso
5560781;6;24/08/2021 19:10:00;Autostrada;RAMPA USCITA G.R.A. CARREGGIATA INTERNA;da specificare;;;;n. 15 direz. via ATTANASIO SOLDATI;Scontro frontale fra veicoli in marcia;Curva a visuale libera;Una carreggiata a doppio senso;Bagnato (umidit� in atto);Asfaltata;Verticale ed orizzontale;Nuvoloso;Normale;Buona;;3;0;0;0;12.6167;41.9099;-1;1;Autovettura privata;In marcia / fermata / arresto;Passeggero;M;Rifiuta cure immediate;0;NON DECEDUTO;;
5560781;6;24/08/2021 19:10:00;Autostrada;RAMPA USCITA G.R.A. CARREGGIATA INTERNA;da specificare;;;;n. 15 direz. via ATTANASIO SOLDATI;Scontro frontale fra veicoli in marcia;Curva a visuale libera;Una carreggiata a doppio senso;Bagnato (umidit� in atto);Asfaltata;Verticale ed orizzontale;Nuvoloso;Normale;Buona;;3;0;0;0;12.6167;41.9099;-1;2;Autovettura privata;In marcia / fermata / arresto;Conducente;M;Rimandato;0;NON DECEDUTO;Non accertato;Inesploso
5560787;4;24/08/2021 18:30:00;Strada Urbana;VIA EUGENIO CHIESA;all'intersezione con;VIA GIACOMO COPPOLA DI MUSITANI;VIA GIACOMO COPPOLA DI MUSITANI;;;Scontro laterale fra veicoli in marcia;Intersezione stradale segnalata;Una carreggiata a doppio senso;Bagnato (pioggia);Asfaltata;Verticale ed orizzontale;Pioggia in atto;Normale;Buona;;0;0;0;3;12.5215;41.9543;-1;1;Autovettura privata;In marcia / fermata / arresto;Conducente;M;Illeso;0;;;
5560787;4;24/08/2021 18:30:00;Strada Urbana;VIA EUGENIO CHIESA;all'intersezione con;VIA GIACOMO COPPOLA DI MUSITANI;VIA GIACOMO COPPOLA DI MUSITANI;;;Scontro laterale fra veicoli in marcia;Intersezione stradale segnalata;Una carreggiata a doppio senso;Bagnato (pioggia);Asfaltata;Verticale ed orizzontale;Pioggia in atto;Normale;Buona;;0;0;0;3;12.5215;41.9543;-1;1;Autovettura privata;In marcia / fermata / arresto;Passeggero;F;Illeso;0;;;
5560787;4;24/08/2021 18:30:00;Strada Urbana;VIA EUGENIO CHIESA;all'intersezione con;VIA GIACOMO COPPOLA DI MUSITANI;VIA GIACOMO COPPOLA DI MUSITANI;;;Scontro laterale fra veicoli in marcia;Intersezione stradale segnalata;Una carreggiata a doppio senso;Bagnato (pioggia);Asfaltata;Verticale ed orizzontale;Pioggia in atto;Normale;Buona;;0;0;0;3;12.5215;41.9543;-1;2;Autovettura privata;In marcia / fermata / arresto;Conducente;M;Illeso;0;;;
5560788;4;24/08/2021 17:20:00;Strada Urbana;VIALE LINA CAVALIERI;da specificare;;;;altezza Via carnabuci;Veicolo in marcia contro veicolo in sosta;Curva a visuale libera;Due carreggiate;Bagnato (pioggia);Asfaltata;Verticale ed orizzontale;Pioggia in atto;Normale;Buona;;0;0;0;1;12.5158;41.9651;-1;1;Autovettura privata;In marcia / fermata / arresto;Conducente;F;Illeso;0;;Non accertato;Inesploso
5560788;4;24/08/2021 17:20:00;Strada Urbana;VIALE LINA CAVALIERI;da specificare;;;;altezza Via carnabuci;Veicolo in marcia contro veicolo in sosta;Curva a visuale libera;Due carreggiate;Bagnato (pioggia);Asfaltata;Verticale ed orizzontale;Pioggia in atto;Normale;Buona;;0;0;0;1;12.5158;41.9651;-1;2;Autovettura privata;Sosta;;;;;;;
5560792;15;24/08/2021 14:45:00;Strada Urbana;VIA PORTUENSE;all'intersezione con;VIA GIACOMO FOLCHI;VIA GIACOMO FOLCHI;;;Investimento di pedone;Intersezione semaforizzata;Una carreggiata a doppio senso;Asciutto;Asfaltata;Verticale ed orizzontale;Nuvoloso;Normale;Buona;;1;0;0;1;12.414;41.8469;-1;;;;Pedone;F;Rimandato;0;NON DECEDUTO;;
5560792;15;24/08/2021 14:45:00;Strada Urbana;VIA PORTUENSE;all'intersezione con;VIA GIACOMO FOLCHI;VIA GIACOMO FOLCHI;;;Investimento di pedone;Intersezione semaforizzata;Una carreggiata a doppio senso;Asciutto;Asfaltata;Verticale ed orizzontale;Nuvoloso;Normale;Buona;;1;0;0;1;12.414;41.8469;-1;1;Autovettura privata;In marcia / fermata / arresto;Conducente;M;Illeso;0;;Non accertato;Inesploso
5560800;4;25/08/2021 03:00:00;Strada Urbana;VIA CERVINO;in prossimit�;;del civico n.;2;;Veicolo in marcia contro veicolo in sosta;Rettilineo;Una carreggiata a senso unico di marcia;Bagnato (umidit� in atto);Asfaltata;Verticale;Nuvoloso;Scarso;Buona;;0;0;0;0;12.5353;41.9322;-1;1;Autovettura privata;Sosta;;;;;;;
5560800;4;25/08/2021 03:00:00;Strada Urbana;VIA CERVINO;in prossimit�;;del civico n.;2;;Veicolo in marcia contro veicolo in sosta;Rettilineo;Una carreggiata a senso unico di marcia;Bagnato (umidit� in atto);Asfaltata;Verticale;Nuvoloso;Scarso;Buona;;0;0;0;0;12.5353;41.9322;-1;2;Autovettura privata;Allontanatosi;;;;;;;
5560805;15;24/08/2021 15:40:00;Strada Urbana;VIA SARZANA;all'intersezione con;VIALE VENTIMIGLIA;VIALE VENTIMIGLIA;;;Tamponamento Multiplo;Incrocio;Una carreggiata a doppio senso;Asciutto;Asfaltata;Orizzontale;Nuvoloso;Scarso;Buona;;1;0;0;2;12.4382;41.8417;-1;1;Autovettura privata;In marcia / fermata / arresto;Conducente;M;Rimandato;0;NON DECEDUTO;Utilizzato;Esploso
5560805;15;24/08/2021 15:40:00;Strada Urbana;VIA SARZANA;all'intersezione con;VIALE VENTIMIGLIA;VIALE VENTIMIGLIA;;;Tamponamento Multiplo;Incrocio;Una carreggiata a doppio senso;Asciutto;Asfaltata;Orizzontale;Nuvoloso;Scarso;Buona;;1;0;0;2;12.4382;41.8417;-1;2;Autovettura privata;In marcia / fermata / arresto;Conducente;M;Illeso;0;;Non accertato;Inesploso
5560805;15;24/08/2021 15:40:00;Strada Urbana;VIA SARZANA;all'intersezione con;VIALE VENTIMIGLIA;VIALE VENTIMIGLIA;;;Tamponamento Multiplo;Incrocio;Una carreggiata a doppio senso;Asciutto;Asfaltata;Orizzontale;Nuvoloso;Scarso;Buona;;1;0;0;2;12.4382;41.8417;-1;3;Autovettura privata;In marcia / fermata / arresto;Conducente;M;Illeso;0;;Utilizzato;Inesploso
5560819;4;24/08/2021 18:10:00;Strada Urbana;VIA UGO DELLA SETA;da specificare;;;;in prossimit� del civico 1;Tamponamento;Rettilineo;Una carreggiata a doppio senso;Bagnato (pioggia);Asfaltata;Verticale ed orizzontale;Pioggia in atto;Normale;Buona;;0;0;0;5;12.5252;41.9609;-1;1;Autovettura privata;In marcia / fermata / arresto;Conducente;M;Illeso;0;;;
5560819;4;24/08/2021 18:10:00;Strada Urbana;VIA UGO DELLA SETA;da specificare;;;;in prossimit� del civico 1;Tamponamento;Rettilineo;Una carreggiata a doppio senso;Bagnato (pioggia);Asfaltata;Verticale ed orizzontale;Pioggia in atto;Normale;Buona;;0;0;0;5;12.5252;41.9609;-1;1;Autovettura privata;In marcia / fermata / arresto;Passeggero;F;Illeso;0;;;