Protocollo;Gruppo;DataOraIncidente;Localizzazione1;STRADA1;Localizzazione2;STRADA2;Strada02;Chilometrica;DaSpecificare;NaturaIncidente;particolaritastrade;TipoStrada;FondoStradale;Pavimentazione;Segnaletica;CondizioneAtmosferica;Traffico;Visibilita;Illuminazione;NUM_FERITI;NUM_RISERVATA;NUM_MORTI;NUM_ILLESI;Longitudine;Latitudine;Confermato;Progressivo;TipoVeicolo;StatoVeicolo;TipoPersona;Sesso;Tipolesione;Deceduto;DecedutoDopo;CinturaCascoUtilizzato;Airbag;
5561999;18;25/08/2021 23:30:00;Strada Urbana;VIA GATTINARA;in corrispondenza;;del civico n.;125;;Veicolo in marcia contro veicolo in sosta;Pendenza;Una carreggiata a doppio senso;Asciutto;Asfaltata;Verticale;Nuvoloso;Scarso;Sufficiente;;0;0;0;0;12.3858;41.8933;-1;1;Autovettura privata;Allontanatosi;;;;;;;
5561999;18;25/08/2021 23:30:00;Strada Urbana;VIA GATTINARA;in corrispondenza;;del civico n.;125;;Veicolo in marcia contro veicolo in sosta;Pendenza;Una carreggiata a doppio senso;Asciutto;Asfaltata;Verticale;Nuvoloso;Scarso;Sufficiente;;0;0;0;0;12.3858;41.8933;-1;2;Autovettura privata;Sosta;;;;;;;
5562015;4;25/08/2021 10:40:00;Strada Urbana;VIA CALIMNO;all'intersezione con;VIA DELLE CAVE FISCALI;VIA DELLE CAVE FISCALI;;;Infortunio per sola frenata improvvisa;Intersezione stradale segnalata;Una carreggiata a senso unico di marcia;Asciutto;Asfaltata;Verticale ed orizzontale;Sereno;Scarso;Buona;;0;0;0;1;12.5238;41.9456;-1;1;Motociclo a solo;In marcia / fermata / arresto;Conducente;M;Illeso;0;;;
5562024;15;25/08/2021 16:44:00;Strada Urbana;VIA ODERISI DA GUBBIO;da specificare;;;;fronte civ.142;Investimento di pedone;Rettilineo;Una carreggiata a doppio senso;Asciutto;Asfaltata;Verticale ed orizzontale;Sereno;Normale;Buona;;1;0;0;3;12.4653;41.8654;-1;;;;Pedone;M;Rimandato;0;NON DECEDUTO;;
5562024;15;25/08/2021 16:44:00;Strada Urbana;VIA ODERISI DA GUBBIO;da specificare;;;;fronte civ.142;Investimento di pedone;Rettilineo;Una carreggiata a doppio senso;Asciutto;Asfaltata;Verticale ed orizzontale;Sereno;Normale;Buona;;1;0;0;3;12.4653;41.8654;-1;1;Autovettura privata;In marcia / fermata / arresto;Conducente;M;Illeso;0;;Non accertato;Inesploso
5562024;15;25/08/2021 16:44:00;Strada Urbana;VIA ODERISI DA GUBBIO;da specificare;;;;fronte civ.142;Investimento di pedone;Rettilineo;Una carreggiata a doppio senso;Asciutto;Asfaltata;Verticale ed orizzontale;Sereno;Normale;Buona;;1;0;0;3;12.4653;41.8654;-1;1;Autovettura privata;In marcia / fermata / arresto;Passeggero;F;Illeso;0;;;
5562024;15;25/08/2021 16:44:00;Strada Urbana;VIA ODERISI DA GUBBIO;da specificare;;;;fronte civ.142;Investimento di pedone;Rettilineo;Una carreggiata a doppio senso;Asciutto;Asfaltata;Verticale ed orizzontale;Sereno;Normale;Buona;;1;0;0;3;12.4653;41.8654;-1;1;Autovettura privata;In marcia / fermata / arresto;Passeggero;M;Illeso;0;;;
5562026;20;25/08/2021 08:17:00;Provinciale;VIA BRACCIANENSE;in corrispondenza;;della chilometrica;13.4;;Tamponamento;Rettilineo;Una carreggiata a doppio senso;Asciutto;Asfaltata;Verticale ed orizzontale;Sereno;Scarso;Buona;;2;0;0;1;12.2681;42.0367;-1;1;Autovettura privata;In marcia / fermata / arresto;Conducente;F;Rimandato;0;NON DECEDUTO;Non accertato;Inesploso
5562026;20;25/08/2021 08:17:00;Provinciale;VIA BRACCIANENSE;in corrispondenza;;della chilometrica;13.4;;Tamponamento;Rettilineo;Una carreggiata a doppio senso;Asciutto;Asfaltata;Verticale ed orizzontale;Sereno;Scarso;Buona;;2;0;0;1;12.2681;42.0367;-1;1;Autovettura privata;In marcia / fermata / arresto;Passeggero;F;Rimandato;0;NON DECEDUTO;Non accertato;Inesploso
5562026;20;25/08/2021 08:17:00;Provinciale;VIA BRACCIANENSE;in corrispondenza;;della chilometrica;13.4;;Tamponamento;Rettilineo;Una carreggiata a doppio senso;Asciutto;Asfaltata;Verticale ed orizzontale;Sereno;Scarso;Buona;;2;0;0;1;12.2681;42.0367;-1;2;Autocarro inferiore 35 q.;In marcia / fermata / arresto;Conducente;M;Illeso;0;;Non accertato;Inesploso
5562037;4;25/08/2021 22:20:00;Strada Urbana;VIA NOMENTANA NUOVA;all'intersezione con;VIA VAL D'OSSOLA;VIA VAL D'OSSOLA;;;Scontro frontale/laterale DX fra veicoli in marcia;Intersezione stradale segnalata;Una carreggiata a doppio senso;Asciutto;Asfaltata;Verticale ed orizzontale;Sereno;Normale;Sufficiente;;1;0;0;2;12.5315;41.9346;-1;1;Motociclo a solo;In marcia / fermata / arresto;Conducente;M;Rimandato;0;NON DECEDUTO;;
5562037;4;25/08/2021 22:20:00;Strada Urbana;VIA NOMENTANA NUOVA;all'intersezione con;VIA VAL D'OSSOLA;VIA VAL D'OSSOLA;;;Scontro frontale/laterale DX fra veicoli in marcia;Intersezione stradale segnalata;Una carreggiata a doppio senso;Asciutto;Asfaltata;Verticale ed orizzontale;Sereno;Normale;Sufficiente;;1;0;0;2;12.5315;41.9346;-1;2;Autovettura privata;In marcia / fermata / arresto;Conducente;M;Illeso;0;;;
5562037;4;25/08/2021 22:20:00;Strada Urbana;VIA NOMENTANA NUOVA;all'intersezione con;VIA VAL D'OSSOLA;VIA VAL D'OSSOLA;;;Scontro frontale/laterale DX fra veicoli in marcia;Intersezione stradale segnalata;Una carreggiata a doppio senso;Asciutto;Asfaltata;Verticale ed orizzontale;Sereno;Normale;Sufficiente;;1;0;0;2;12.5315;41.9346;-1;2;Autovettura privata;In marcia / fermata / arresto;Passeggero;F;Illeso;0;;;
5562038;4;25/08/2021 17:30:00;Strada Urbana;VIA NOMENTANA;in prossimit�;;del civico n.;1141 A;;Scontro frontale/laterale SX fra veicoli in marcia;Rettilineo;Una carreggiata a doppio senso;Asciutto;Asfaltata;Orizzontale;Nuvoloso;Normale;Buona;;0;0;0;2;12.5775;41.9568;-1;1;Autovettura privata;In marcia / fermata / arresto;Conducente;M;Illeso;0;;;
5562038;4;25/08/2021 17:30:00;Strada Urbana;VIA NOMENTANA;in prossimit�;;del civico n.;1141 A;;Scontro frontale/laterale SX fra veicoli in marcia;Rettilineo;Una carreggiata a doppio senso;Asciutto;Asfaltata;Orizzontale;Nuvoloso;Normale;Buona;;0;0;0;2;12.5775;41.9568;-1;2;Autovettura privata;In marcia / fermata / arresto;Conducente;F;Illeso;0;;;
5562043;2;25/08/2021;Strada Urbana;VIA FILIPPO MARCHETTI;all'intersezione con;VIA ALFREDO CASELLA;VIA ALFREDO CASELLA;;;Veicolo in marcia contro veicolo in sosta;Incrocio;Una carreggiata a senso unico di marcia;Asciutto;Asfaltata;Verticale ed orizzontale;Sereno;Scarso;Sufficiente;;0;0;0;0;12.5163;41.9368;-1;1;Autovettura privata;Sosta;;;;;;;
5562043;2;25/08/2021;Strada Urbana;VIA FILIPPO MARCHETTI;all'intersezione con;VIA ALFREDO CASELLA;VIA ALFREDO CASELLA;;;Veicolo in marcia contro veicolo in sosta;Incrocio;Una carreggiata a senso unico di marcia;Asciutto;Asfaltata;Verticale ed orizzontale;Sereno;Scarso;Sufficiente;;0;0;0;0;12.5163;41.9368;-1;2;Autovettura privata;In marcia / fermata / arresto;;;;;;;
5562047;2;25/08/2021 09:50:00;Strada Urbana;VIA SALARIA;in prossimit�;;del civico n.;352;;Ribaltamento senza urto contro ostacolo fisso;Rettilineo;Una carreggiata a doppio senso;Sdrucciolevole (terriccio);Asfaltata;Verticale ed orizzontale;Sereno;Normale;Buona;;1;0;0;0;12.5059;41.9267;-1;1;Motociclo a solo;In marcia / fermata / arresto;Conducente;M;Rimandato;0;NON DECEDUTO;;
5562050;9;26/08/2021 03:10:00;Strada Urbana;VIA CASILINA;in corrispondenza;;del civico n.;358/360A;;Tamponamento;Rettilineo;Due carreggiate;Bagnato (pioggia);Asfaltata;Verticale ed orizzontale;Pioggia in atto;Normale;Buona;;0;0;0;5;12.5407;41.8806;-1;1;Autovettura privata;In marcia / fermata / arresto;Conducente;M;Illeso;0;;Non accertato;Inesploso
5562050;9;26/08/2021 03:10:00;Strada Urbana;VIA CASILINA;in corrispondenza;;del civico n.;358/360A;;Tamponamento;Rettilineo;Due carreggiate;Bagnato (pioggia);Asfaltata;Verticale ed orizzontale;Pioggia in atto;Normale;Buona;;0;0;0;5;12.5407;41.8806;-1;2;Autovettura privata;In marcia / fermata / arresto;Conducente;M;Illeso;0;;Non accertato;Inesploso
5562050;9;26/08/2021 03:10:00;Strada Urbana;VIA CASILINA;in corrispondenza;;del civico n.;358/360A;;Tamponamento;Rettilineo;Due carreggiate;Bagnato (pioggia);Asfaltata;Verticale ed orizzontale;Pioggia in atto;Normale;Buona;;0;0;0;5;12.5407;41.8806;-1;2;Autovettura privata;In marcia / fermata / arresto;Passeggero;M;Illeso;0;;Non accertato;Inesploso
5562050;9;26/08/2021 03:10:00;Strada Urbana;VIA CASILINA;in corrispondenza;;del civico n.;358/360A;;Tamponamento;Rettilineo;Due carreggiate;Bagnato (pioggia);Asfaltata;Verticale ed orizzontale;Pioggia in atto;Normale;Buona;;0;0;0;5;12.5407;41.8806;-1;2;Autovettura privata;In marcia / fermata / arresto;Passeggero;M;Illeso;0;;Non accertato;Inesploso
5562055;9;26/08/2021 05:20:00;Strada Urbana;VIA TUSCOLANA;all'intersezione con;VIA DI PORTA FURBA;VIA DI PORTA FURBA;;;Scontro frontale/laterale SX fra veicoli in marcia;Incrocio;Due carreggiate;Asciutto;Asfaltata;Verticale ed orizzontale;Nuvoloso;Normale;Buona;;1;0;0;1;12.542;41.8667;-1;1;Autovettura privata;In marcia / fermata / arresto;Conducente;M;Illeso;0;;Non accertato;Inesploso
5562055;9;26/08/2021 05:20:00;Strada Urbana;VIA TUSCOLANA;all'intersezione con;VIA DI PORTA FURBA;VIA DI PORTA FURBA;;;Scontro frontale/laterale SX fra veicoli in marcia;Incrocio;Due carreggiate;Asciutto;Asfaltata;Verticale ed orizzontale;Nuvoloso;Normale;Buona;;1;0;0;1;12.542;41.8667;-1;2;Autovettura privata;In marcia / fermata / arresto;Conducente;M;Rimandato;0;NON DECEDUTO;Non accertato;Inesploso
5562082;5;25/08/2021 10:00:00;Strada Urbana;VIA DEGLI ALBERINI;in corrispondenza;;del civico n.;19;;Scontro frontale/laterale SX fra veicoli in marcia;Rettilineo;Una carreggiata a senso unico di marcia;Asciutto;Asfaltata;Verticale ed orizzontale;Sereno;Normale;Buona;;0;0;0;2;12.5662;41.9182;-1;1;Autovettura privata;In marcia / fermata / arresto;Conducente;M;Illeso;0;;Non accertato;Inesploso
5562082;5;25/08/2021 10:00:00;Strada Urbana;VIA DEGLI ALBERINI;in corrispondenza;;del civico n.;19;;Scontro frontale/laterale SX fra veicoli in marcia;Rettilineo;Una carreggiata a senso unico di marcia;Asciutto;Asfaltata;Verticale ed orizzontale;Sereno;Normale;Buona;;0;0;0;2;12.5662;41.9182;-1;2;Autovettura privata;In marcia / fermata / arresto;Conducente;M;Illeso;0;;Non accertato;
5562086;5;25/08/2021 11:10:00;Strada Urbana;VIALE SACCO E VANZETTI;in prossimit�;;del civico n.;66;;Tamponamento;Rettilineo;Due carreggiate;Asciutto;Asfaltata;Verticale ed orizzontale;Sereno;Normale;Buona;;0;0;0;3;12.5675;41.909;-1;1;Autovettura privata;In marcia / fermata / arresto;Conducente;M;Illeso;0;;Non accertato;
5562086;5;25/08/2021 11:10:00;Strada Urbana;VIALE SACCO E VANZETTI;in prossimit�;;del civico n.;66;;Tamponamento;Rettilineo;Due carreggiate;Asciutto;Asfaltata;Verticale ed orizzontale;Sereno;Normale;Buona;;0;0;0;3;12.5675;41.909;-1;1;Autovettura privata;In marcia / fermata / arresto;Passeggero;F;Illeso;0;;Non accertato;
5562086;5;25/08/2021 11:10:00;Strada Urbana;VIALE SACCO E VANZETTI;in prossimit�;;del civico n.;66;;Tamponamento;Rettilineo;Due carreggiate;Asciutto;Asfaltata;Verticale ed orizzontale;Sereno;Normale;Buona;;0;0;0;3;12.5675;41.909;-1;2;Autovettura privata;In marcia / fermata / arresto;Conducente;F;Illeso;0;;Non accertato;Inesploso
5562101;5;25/08/2021 13:30:00;Strada Urbana;VIALE MARX;all'intersezione con;PIAZZALE HEGEL;PIAZZALE HEGEL;;;Investimento di pedone;Incrocio;Due carreggiate;Asciutto;Asfaltata;Verticale ed orizzontale;Sereno;Normale;Buona;;1;0;0;1;12.561;41.9381;-1;;;;Pedone;F;Rimandato;0;NON DECEDUTO;;
5562101;5;25/08/2021 13:30:00;Strada Urbana;VIALE MARX;all'intersezione con;PIAZZALE HEGEL;PIAZZALE HEGEL;;;Investimento di pedone;Incrocio;Due carreggiate;Asciutto;Asfaltata;Verticale ed orizzontale;Sereno;Normale;Buona;;1;0;0;1;12.561;41.9381;-1;1;Autovettura privata;In marcia / fermata / arresto;Conducente;M;Illeso;0;;Non accertato;
5562107;5;25/08/2021 14:10:00;Strada Urbana;VIA DEI MONTI DI PIETRALATA;da specificare;;;;provenienza NCI uscita Monti Tiburtini;Tamponamento Multiplo;Rettilineo;Una carreggiata a senso unico di marcia;Asciutto;Asfaltata;Verticale ed orizzontale;Sereno;Normale;Buona;;0;0;0;3;12.5305;41.9209;-1;1;Autovettura privata;In marcia / fermata / arresto;Conducente;F;Illeso;0;;Non accertato;Inesploso
5562107;5;25/08/2021 14:10:00;Strada Urbana;VIA DEI MONTI DI PIETRALATA;da specificare;;;;provenienza NCI uscita Monti Tiburtini;Tamponamento Multiplo;Rettilineo;Una carreggiata a senso unico di marcia;Asciutto;Asfaltata;Verticale ed orizzontale;Sereno;Normale;Buona;;0;0;0;3;12.5305;41.9209;-1;2;Autovettura privata;In marcia / fermata / arresto;Conducente;F;Illeso;0;;Non accertato;Inesploso
5562107;5;25/08/2021 14:10:00;Strada Urbana;VIA DEI MONTI DI PIETRALATA;da specificare;;;;provenienza NCI uscita Monti Tiburtini;Tamponamento Multiplo;Rettilineo;Una carreggiata a senso unico di marcia;Asciutto;Asfaltata;Verticale ed orizzontale;Sereno;Normale;Buona;;0;0;0;3;12.5305;41.9209;-1;3;Autovettura privata;In marcia / fermata / arresto;Conducente;M;Illeso;0;;Non accertato;Inesploso
5562110;16;24/08/2021 21:30:00;Strada Urbana;VIA AURELIA ANTICA;da specificare;;;;50 metri prima del civico 178 verso Leone XIII;Veicolo in marcia contro ostacolo fisso;Rettilineo;Una carreggiata a doppio senso;Asciutto;Asfaltata;Verticale ed orizzontale;Sereno;Scarso;Buona;;0;0;0;3;12.435;41.8902;-1;1;Autovettura privata;In marcia / fermata / arresto;Conducente;M;Illeso;0;;Non accertato;
5562110;16;24/08/2021 21:30:00;Strada Urbana;VIA AURELIA ANTICA;da specificare;;;;50 metri prima del civico 178 verso Leone XIII;Veicolo in marcia contro ostacolo fisso;Rettilineo;Una carreggiata a doppio senso;Asciutto;Asfaltata;Verticale ed orizzontale;Sereno;Scarso;Buona;;0;0;0;3;12.435;41.8902;-1;2;Autovettura privata;In marcia / fermata / arresto;Conducente;M;Illeso;0;;Non accertato;
5562110;16;24/08/2021 21:30:00;Strada Urbana;VIA AURELIA ANTICA;da specificare;;;;50 metri prima del civico 178 verso Leone XIII;Veicolo in marcia contro ostacolo fisso;Rettilineo;Una carreggiata a doppio senso;Asciutto;Asfaltata;Verticale ed orizzontale;Sereno;Scarso;Buona;;0;0;0;3;12.435;41.8902;-1;3;Autovettura privata;In marcia / fermata / arresto;Conducente;M;Illeso;0;;Non accertato;
5562113;5;25/08/2021 18:45:00;Strada Urbana;VIA ARCEVIA;all'intersezione con;VIA OSIMO;VIA OSIMO;;;Scontro frontale/laterale DX fra veicoli in marcia;Incrocio;Una carreggiata a senso unico di marcia;Asciutto;Asfaltata;Verticale;Sereno;Scarso;Sufficiente;;0;0;0;3;12.5844;41.9361;-1;1;Autovettura privata;In marcia / fermata / arresto;Conducente;M;Illeso;0;;Non accertato;
5562113;5;25/08/2021 18:45:00;Strada Urbana;VIA ARCEVIA;all'intersezione con;VIA OSIMO;VIA OSIMO;;;Scontro frontale/laterale DX fra veicoli in marcia;Incrocio;Una carreggiata a senso unico di marcia;Asciutto;Asfaltata;Verticale;Sereno;Scarso;Sufficiente;;0;0;0;3;12.5844;41.9361;-1;1;Autovettura privata;In marcia / fermata / arresto;Passeggero;F;Illeso;0;;Non accertato;
5562113;5;25/08/2021 18:45:00;Strada Urbana;VIA ARCEVIA;all'intersezione con;VIA OSIMO;VIA OSIMO;;;Scontro frontale/laterale DX fra veicoli in marcia;Incrocio;Una carreggiata a senso unico di marcia;Asciutto;Asfaltata;Verticale;Sereno;Scarso;Sufficiente;;0;0;0;3;12.5844;41.9361;-1;2;Autovettura privata;In marcia / fermata / arresto;Conducente;M;Illeso;0;;Non accertato;
5562142;16;25/08/2021 07:00:00;Strada Urbana;PIAZZALE ENRICO DUNANT;in corrispondenza;;del civico n.;15;;Investimento di pedone;Rettilineo;Due carreggiate;Asciutto;Asfaltata;Verticale ed orizzontale;Sereno;Normale;Buona;;1;0;0;1;12.4584;41.8725;-1;;;;Pedone;F;Rimandato;0;NON DECEDUTO;;
5562142;16;25/08/2021 07:00:00;Strada Urbana;PIAZZALE ENRICO DUNANT;in corrispondenza;;del civico n.;15;;Investimento di pedone;Rettilineo;Due carreggiate;Asciutto;Asfaltata;Verticale ed orizzontale;Sereno;Normale;Buona;;1;0;0;1;12.4584;41.8725;-1;1;Autovettura privata;In marcia / fermata / arresto;Conducente;F;Illeso;0;;Non accertato;Inesploso
5562184;1;25/08/2021 16:10:00;Strada Urbana;LUNGOTEVERE DEI TEBALDI;in corrispondenza;;del civico n.;4;;Tamponamento;Rettilineo;Una carreggiata a senso unico di marcia;Asciutto;Asfaltata;Verticale ed orizzontale;Nuvoloso;Normale;Buona;;1;0;0;1;12.4705;41.8935;-1;1;Autovettura privata;In marcia / fermata / arresto;Conducente;M;Illeso;0;;;
5562184;1;25/08/2021 16:10:00;Strada Urbana;LUNGOTEVERE DEI TEBALDI;in corrispondenza;;del civico n.;4;;Tamponamento;Rettilineo;Una carreggiata a senso unico di marcia;Asciutto;Asfaltata;Verticale ed orizzontale;Nuvoloso;Normale;Buona;;1;0;0;1;12.4705;41.8935;-1;2;Autovettura privata;In marcia / fermata / arresto;Conducente;M;Rimandato;0;NON DECEDUTO;;
5562184;1;25/08/2021 16:10:00;Strada Urbana;LUNGOTEVERE DEI TEBALDI;in corrispondenza;;del civico n.;4;;Tamponamento;Rettilineo;Una carreggiata a senso unico di marcia;Asciutto;Asfaltata;Verticale ed orizzontale;Nuvoloso;Normale;Buona;;1;0;0;1;12.4705;41.8935;-1;3;Autovettura privata;Sosta;;;;;;;
5562184;1;25/08/2021 16:10:00;Strada Urbana;LUNGOTEVERE DEI TEBALDI;in corrispondenza;;del civico n.;4;;Tamponamento;Rettilineo;Una carreggiata a senso unico di marcia;Asciutto;Asfaltata;Verticale ed orizzontale;Nuvoloso;Normale;Buona;;1;0;0;1;12.4705;41.8935;-1;4;Autovettura privata;Sosta;;;;;;;
5562195;7;25/08/2021 21:10:00;Strada Urbana;VIA PRENESTINA;in prossimit�;;del civico n.;1434;;Scontro frontale/laterale DX fra veicoli in marcia;Rettilineo;Una carreggiata a senso unico alternato;Asciutto;Asfaltata;Verticale ed orizzontale;Sereno;Scarso;Sufficiente;;3;0;1;0;12.6605;41.8909;0;1;Autovettura privata;In marcia / fermata / arresto;Conducente;F;Rimandato;0;NON DECEDUTO;Non accertato;Esploso
5562195;7;25/08/2021 21:10:00;Strada Urbana;VIA PRENESTINA;in prossimit�;;del civico n.;1434;;Scontro frontale/laterale DX fra veicoli in marcia;Rettilineo;Una carreggiata a senso unico alternato;Asciutto;Asfaltata;Verticale ed orizzontale;Sereno;Scarso;Sufficiente;;3;0;1;0;12.6605;41.8909;0;1;Autovettura privata;In marcia / fermata / arresto;Passeggero;F;Rimandato;0;NON DECEDUTO;Non accertato;Esploso
5562195;7;25/08/2021 21:10:00;Strada Urbana;VIA PRENESTINA;in prossimit�;;del civico n.;1434;;Scontro frontale/laterale DX fra veicoli in marcia;Rettilineo;Una carreggiata a senso unico alternato;Asciutto;Asfaltata;Verticale ed orizzontale;Sereno;Scarso;Sufficiente;;3;0;1;0;12.6605;41.8909;0;2;Autovettura privata;In marcia / fermata / arresto;Conducente;M;Deceduto durante prime cure;-1;;Non accertato;Inesploso
5562195;7;25/08/2021 21:10:00;Strada Urbana;VIA PRENESTINA;in prossimit�;;del civico n.;1434;;Scontro frontale/laterale DX fra veicoli in marcia;Rettilineo;Una carreggiata a senso unico alternato;Asciutto;Asfaltata;Verticale ed orizzontale;Sereno;Scarso;Sufficiente;;3;0;1;0;12.6605;41.8909;0;2;Autovettura privata;In marcia / fermata / arresto;Passeggero;M;Ricoverato;0;NON DECEDUTO;Non accertato;Inesploso
5562216;19;25/08/2021 12:50:00;Strada Urbana;VIA DELLA VALLE DEI FONTANILI;in corrispondenza;;del civico n.;47;;Tamponamento;Rettilineo;Una carreggiata a doppio senso;Asciutto;Asfaltata;Assente;Sereno;Normale;Buona;;0;0;0;3;12.408;41.9237;-1;1;Autovettura privata;In marcia / fermata / arresto;Conducente;F;Illeso;0;;Non accertato;Inesploso
5562216;19;25/08/2021 12:50:00;Strada Urbana;VIA DELLA VALLE DEI FONTANILI;in corrispondenza;;del civico n.;47;;Tamponamento;Rettilineo;Una carreggiata a doppio senso;Asciutto;Asfaltata;Assente;Sereno;Normale;Buona;;0;0;0;3;12.408;41.9237;-1;1;Autovettura privata;In marcia / fermata / arresto;Passeggero;F;Illeso;0;;Non accertato;Inesploso
5562216;19;25/08/2021 12:50:00;Strada Urbana;VIA DELLA VALLE DEI FONTANILI;in corrispondenza;;del civico n.;47;;Tamponamento;Rettilineo;Una carreggiata a doppio senso;Asciutto;Asfaltata;Assente;Sereno;Normale;Buona;;0;0;0;3;12.408;41.9237;-1;2;Autovettura privata;In marcia / fermata / arresto;Conducente;M;Illeso;0;;Non accertato;Inesploso
5562228;9;26/08/2021 07:50:00;Strada Urbana;PIAZZA ZAMA;da specificare;;;;fronte civico VIA SIRIA;Infortunio per caduta del veicolo;Rotatoria;Una carreggiata a senso unico di marcia;Asciutto;Asfaltata;Verticale ed orizzontale;Sereno;Normale;Buona;;1;0;0;0;12.5103;41.8759;-1;1;Ciclomotore;In marcia / fermata / arresto;Conducente;M;Rimandato;0;NON DECEDUTO;Non accertato;
5562228;9;26/08/2021 07:50:00;Strada Urbana;PIAZZA ZAMA;da specificare;;;;fronte civico VIA SIRIA;Infortunio per caduta del veicolo;Rotatoria;Una carreggiata a senso unico di marcia;Asciutto;Asfaltata;Verticale ed orizzontale;Sereno;Normale;Buona;;1;0;0;0;12.5103;41.8759;-1;2;Autovettura privata;Allontanatosi;;;;;;;
5562237;19;25/08/2021 15:55:00;Strada Urbana;VIA CESARE LOMBROSO;da specificare;;;;100 m. circa dopo il civico 122;Veicolo in marcia contro ostacolo accidentale;Rettilineo;Una carreggiata a doppio senso;Asciutto;Asfaltata;Assente;Nuvoloso;Scarso;Buona;;0;0;0;2;12.4138;41.9326;-1;1;Autovettura privata;In marcia / fermata / arresto;Conducente;M;Illeso;0;;Non accertato;Inesploso
5562237;19;25/08/2021 15:55:00;Strada Urbana;VIA CESARE LOMBROSO;da specificare;;;;100 m. circa dopo il civico 122;Veicolo in marcia contro ostacolo accidentale;Rettilineo;Una carreggiata a doppio senso;Asciutto;Asfaltata;Assente;Nuvoloso;Scarso;Buona;;0;0;0;2;12.4138;41.9326;-1;1;Autovettura privata;In marcia / fermata / arresto;Passeggero;F;Illeso;0;;Non accertato;Inesploso
5562239;7;26/08/2021 02:00:00;Strada Urbana;VIA CASILINA;da specificare;;;;IN PROSSIMITA' INGRESSO RAMPA G.R.A.;Veicolo in marcia contro ostacolo fisso;Rettilineo;Una carreggiata a senso unico di marcia;Asciutto;Asfaltata;Verticale ed orizzontale;Sereno;Normale;Buona;;0;0;0;1;12.6212;41.8626;-1;1;Autovettura privata;In marcia / fermata / arresto;Conducente;M;Illeso;0;;Non accertato;Inesploso
5562248;13;25/08/2021 13:30:00;Strada Urbana;PIAZZA VEGA;all'intersezione con;PIAZZA VEGA;PIAZZA VEGA;;;Scontro frontale/laterale DX fra veicoli in marcia;Incrocio;Una carreggiata a doppio senso;Asciutto;Asfaltata;Verticale ed orizzontale;Sereno;Scarso;Buona;;1;0;0;2;12.2942;41.7269;-1;1;Autovettura privata;In marcia / fermata / arresto;Conducente;M;Illeso;0;;Non accertato;Inesploso
5562248;13;25/08/2021 13:30:00;Strada Urbana;PIAZZA VEGA;all'intersezione con;PIAZZA VEGA;PIAZZA VEGA;;;Scontro frontale/laterale DX fra veicoli in marcia;Incrocio;Una carreggiata a doppio senso;Asciutto;Asfaltata;Verticale ed orizzontale;Sereno;Scarso;Buona;;1;0;0;2;12.2942;41.7269;-1;1;Autovettura privata;In marcia / fermata / arresto;Passeggero;F;Rimandato;0;NON DECEDUTO;Non accertato;Inesploso
5562248;13;25/08/2021 13:30:00;Strada Urbana;PIAZZA VEGA;all'intersezione con;PIAZZA VEGA;PIAZZA VEGA;;;Scontro frontale/laterale DX fra veicoli in marcia;Incrocio;Una carreggiata a doppio senso;Asciutto;Asfaltata;Verticale ed orizzontale;Sereno;Scarso;Buona;;1;0;0;2;12.2942;41.7269;-1;2;Autovettura privata;In marcia / fermata / arresto;Conducente;M;Illeso;0;;Non accertato;Inesploso
5562262;19;25/08/2021 11:30:00;Strada Urbana;VIA DI TORREVECCHIA;all'intersezione con;VIA CLODOMIRO BONFIGLI;VIA CLODOMIRO BONFIGLI;;;Scontro frontale/laterale SX fra veicoli in marcia;Incrocio;Una carreggiata a doppio senso;Asciutto;Asfaltata;Assente;Sereno;Normale;Buona;;0;0;0;2;12.4123;41.9234;-1;1;Autovettura privata;In marcia / fermata / arresto;Conducente;M;Illeso;0;;Non accertato;Inesploso
5562262;19;25/08/2021 11:30:00;Strada Urbana;VIA DI TORREVECCHIA;all'intersezione con;VIA CLODOMIRO BONFIGLI;VIA CLODOMIRO BONFIGLI;;;Scontro frontale/laterale SX fra veicoli in marcia;Incrocio;Una carreggiata a doppio senso;Asciutto;Asfaltata;Assente;Sereno;Normale;Buona;;0;0;0;2;12.4123;41.9234;-1;2;Autovettura privata;In marcia / fermata / arresto;Conducente;M;Illeso;0;;Non accertato;Inesploso
5562286;12;25/08/2021 16:15:00;Strada Urbana;VIALE DELL'OCEANO ATLANTICO;da specificare;;;;prossimit� Piazzale XXV Marzo 1957;Scontro frontale/laterale DX fra veicoli in marcia;Curva a visuale libera;Due carreggiate;Asciutto;Asfaltata;Verticale ed orizzontale;Sereno;Normale;Buona;;0;0;0;2;12.4637;41.8184;-1;1;Quadriciclo leggero;In marcia / fermata / arresto;Conducente;M;Illeso;0;;Non accertato;Inesistente
5562286;12;25/08/2021 16:15:00;Strada Urbana;VIALE DELL'OCEANO ATLANTICO;da specificare;;;;prossimit� Piazzale XXV Marzo 1957;Scontro frontale/laterale DX fra veicoli in marcia;Curva a visuale libera;Due carreggiate;Asciutto;Asfaltata;Verticale ed orizzontale;Sereno;Normale;Buona;;0;0;0;2;12.4637;41.8184;-1;2;Autovettura privata;In marcia / fermata / arresto;Conducente;F;Illeso;0;;Non accertato;Inesploso