Protocollo;Gruppo;DataOraIncidente;Localizzazione1;STRADA1;Localizzazione2;STRADA2;Strada02;Chilometrica;DaSpecificare;NaturaIncidente;particolaritastrade;TipoStrada;FondoStradale;Pavimentazione;Segnaletica;CondizioneAtmosferica;Traffico;Visibilita;Illuminazione;NUM_FERITI;NUM_RISERVATA;NUM_MORTI;NUM_ILLESI;Longitudine;Latitudine;Confermato;Progressivo;TipoVeicolo;StatoVeicolo;TipoPersona;Sesso;Tipolesione;Deceduto;DecedutoDopo;CinturaCascoUtilizzato;Airbag;
5562291;13;25/08/2021 18:20:00;Strada Urbana;VIA DEL CASTELLO;da specificare;;;;prox. via a. bartoli;Veicolo in marcia contro veicolo in sosta;Rettilineo;Una carreggiata a senso unico di marcia;Asciutto;Asfaltata;Verticale;Sereno;Scarso;Buona;;0;0;0;1;12.3007;41.762;-1;1;Autovettura privata;In marcia / fermata / arresto;Conducente;F;Illeso;0;;Non accertato;Inesploso
5562291;13;25/08/2021 18:20:00;Strada Urbana;VIA DEL CASTELLO;da specificare;;;;prox. via a. bartoli;Veicolo in marcia contro veicolo in sosta;Rettilineo;Una carreggiata a senso unico di marcia;Asciutto;Asfaltata;Verticale;Sereno;Scarso;Buona;;0;0;0;1;12.3007;41.762;-1;2;Autovettura privata;Sosta;;;;;;;
5562299;2;25/08/2021 14:25:00;Strada Urbana;VIA GIACOMO PUCCINI;in prossimit�;;del civico n.;10b;;Veicolo in marcia contro ostacolo accidentale;Rettilineo;Una carreggiata a senso unico di marcia;Asciutto;Asfaltata;Verticale ed orizzontale;Sereno;Normale;Buona;;0;0;0;1;12.4925;41.9119;-1;1;Autovettura privata;In marcia / fermata / arresto;Conducente;M;Illeso;0;;;
5562330;12;26/08/2021 08:20:00;Strada Urbana;VIA CRISTOFORO COLOMBO;all'intersezione semaforizzata con;VIALE DELL'UMANESIMO;VIALE DELL'UMANESIMO;;;Scontro laterale fra veicoli in marcia;Intersezione semaforizzata;Una carreggiata a senso unico di marcia;Asciutto;Asfaltata;Verticale ed orizzontale;Sereno;Normale;Buona;;1;0;0;1;12.4646;41.8246;-1;1;Autovettura privata;In marcia / fermata / arresto;Conducente;F;Rimandato;0;NON DECEDUTO;Non accertato;Inesploso
5562330;12;26/08/2021 08:20:00;Strada Urbana;VIA CRISTOFORO COLOMBO;all'intersezione semaforizzata con;VIALE DELL'UMANESIMO;VIALE DELL'UMANESIMO;;;Scontro laterale fra veicoli in marcia;Intersezione semaforizzata;Una carreggiata a senso unico di marcia;Asciutto;Asfaltata;Verticale ed orizzontale;Sereno;Normale;Buona;;1;0;0;1;12.4646;41.8246;-1;2;Autovettura privata;In marcia / fermata / arresto;Conducente;F;Illeso;0;;Non accertato;Esploso
5562331;1;25/08/2021 22:15:00;Strada Urbana;VIALE DELLE TERME DI CARACALLA;in corrispondenza;;del palo luce n.;7;;Veicolo in marcia contro ostacolo fisso;Rettilineo;Una carreggiata a senso unico di marcia;Asciutto;Asfaltata;Verticale ed orizzontale;Sereno;Scarso;Buona;;0;0;0;2;12.4952;41.8789;-1;1;Autovettura privata;In marcia / fermata / arresto;Conducente;M;Illeso;0;;;
5562331;1;25/08/2021 22:15:00;Strada Urbana;VIALE DELLE TERME DI CARACALLA;in corrispondenza;;del palo luce n.;7;;Veicolo in marcia contro ostacolo fisso;Rettilineo;Una carreggiata a senso unico di marcia;Asciutto;Asfaltata;Verticale ed orizzontale;Sereno;Scarso;Buona;;0;0;0;2;12.4952;41.8789;-1;1;Autovettura privata;In marcia / fermata / arresto;Passeggero;M;Illeso;0;;;
5562363;9;26/08/2021 10:54:00;Strada Urbana;VIA APPIA NUOVA;all'intersezione semaforizzata con;PIAZZA CESARE CANTU';PIAZZA CESARE CANTU';;;Scontro laterale fra veicoli in marcia;Intersezione semaforizzata;Due carreggiate;Asciutto;Asfaltata;Verticale ed orizzontale;Sereno;Normale;Buona;;1;0;0;1;12.5269;41.8715;-1;1;Motociclo a solo;In marcia / fermata / arresto;Conducente;M;Rimandato;0;NON DECEDUTO;Non accertato;
5562363;9;26/08/2021 10:54:00;Strada Urbana;VIA APPIA NUOVA;all'intersezione semaforizzata con;PIAZZA CESARE CANTU';PIAZZA CESARE CANTU';;;Scontro laterale fra veicoli in marcia;Intersezione semaforizzata;Due carreggiate;Asciutto;Asfaltata;Verticale ed orizzontale;Sereno;Normale;Buona;;1;0;0;1;12.5269;41.8715;-1;2;Autovettura privata;In marcia / fermata / arresto;Conducente;F;Illeso;0;;Non accertato;Inesploso
5562367;2;26/08/2021 11:10:00;Strada Urbana;VIA PO;all'intersezione con;VIA GIOVANNI SGAMBATI;VIA GIOVANNI SGAMBATI;;;Scontro frontale/laterale DX fra veicoli in marcia;Incrocio;Una carreggiata a doppio senso;Asciutto;Asfaltata;Verticale ed orizzontale;Sereno;Normale;Buona;;1;0;0;2;12.4959;41.9151;-1;1;Autovettura privata;In marcia / fermata / arresto;Conducente;M;Illeso;0;;Non accertato;Inesploso
5562367;2;26/08/2021 11:10:00;Strada Urbana;VIA PO;all'intersezione con;VIA GIOVANNI SGAMBATI;VIA GIOVANNI SGAMBATI;;;Scontro frontale/laterale DX fra veicoli in marcia;Incrocio;Una carreggiata a doppio senso;Asciutto;Asfaltata;Verticale ed orizzontale;Sereno;Normale;Buona;;1;0;0;2;12.4959;41.9151;-1;1;Autovettura privata;In marcia / fermata / arresto;Passeggero;M;Illeso;0;;Non accertato;Inesploso
5562367;2;26/08/2021 11:10:00;Strada Urbana;VIA PO;all'intersezione con;VIA GIOVANNI SGAMBATI;VIA GIOVANNI SGAMBATI;;;Scontro frontale/laterale DX fra veicoli in marcia;Incrocio;Una carreggiata a doppio senso;Asciutto;Asfaltata;Verticale ed orizzontale;Sereno;Normale;Buona;;1;0;0;2;12.4959;41.9151;-1;2;Autovettura privata;In marcia / fermata / arresto;Conducente;M;Rimandato;0;NON DECEDUTO;Non accertato;Inesploso
5562369;13;18/08/2021 16:38:00;Strada Urbana;VIA GIOVANNI BOLDINI;all'intersezione con;VIA FRANCESCO INGOLI;VIA FRANCESCO INGOLI;;;Scontro frontale/laterale DX fra veicoli in marcia;Incrocio;Una carreggiata a senso unico di marcia;Asciutto;Asfaltata;Assente;Sereno;Intenso;Buona;;0;0;0;2;12.3631;41.7821;-1;1;Autovettura privata;In marcia / fermata / arresto;Conducente;F;Illeso;0;;Non accertato;Inesploso
5562369;13;18/08/2021 16:38:00;Strada Urbana;VIA GIOVANNI BOLDINI;all'intersezione con;VIA FRANCESCO INGOLI;VIA FRANCESCO INGOLI;;;Scontro frontale/laterale DX fra veicoli in marcia;Incrocio;Una carreggiata a senso unico di marcia;Asciutto;Asfaltata;Assente;Sereno;Intenso;Buona;;0;0;0;2;12.3631;41.7821;-1;2;Autovettura privata;In marcia / fermata / arresto;Conducente;M;Illeso;0;;Non accertato;Inesploso
5562398;12;26/08/2021 09:20:00;Provinciale entro l'abitato;VIA PONTINA  (CARREGGIATA COMPLANARE);in corrispondenza;;del civico n.;350;;Investimento di pedone;Pianeggiante;Una carreggiata a doppio senso;Asciutto;Asfaltata;Assente;Sereno;Normale;Buona;;1;0;0;1;12.4515;41.7938;-1;;;;Pedone;M;Rimandato;0;NON DECEDUTO;;
5562398;12;26/08/2021 09:20:00;Provinciale entro l'abitato;VIA PONTINA  (CARREGGIATA COMPLANARE);in corrispondenza;;del civico n.;350;;Investimento di pedone;Pianeggiante;Una carreggiata a doppio senso;Asciutto;Asfaltata;Assente;Sereno;Normale;Buona;;1;0;0;1;12.4515;41.7938;-1;1;Autovettura privata;In marcia / fermata / arresto;Conducente;F;Illeso;0;;Non accertato;Inesploso
5562400;15;25/08/2021 17:35:00;Strada Urbana;VIA DELLA MAGLIANA;in corrispondenza;;del civico n.;195;;Scontro laterale fra veicoli in marcia;Rettilineo;Una carreggiata a doppio senso;Asciutto;Asfaltata;Assente;Sereno;Normale;Buona;;0;0;0;2;12.4592;41.85;-1;1;Autovettura privata;In marcia / fermata / arresto;Conducente;F;Illeso;0;;Non accertato;
5562400;15;25/08/2021 17:35:00;Strada Urbana;VIA DELLA MAGLIANA;in corrispondenza;;del civico n.;195;;Scontro laterale fra veicoli in marcia;Rettilineo;Una carreggiata a doppio senso;Asciutto;Asfaltata;Assente;Sereno;Normale;Buona;;0;0;0;2;12.4592;41.85;-1;2;Autocarro inferiore 35 q.;In marcia / fermata / arresto;Conducente;M;Illeso;0;;Non accertato;
5562409;13;25/08/2021 21:10:00;Strada Urbana;VIA DI PRATO CORNELIO;all'intersezione con;VIA CESARE MACCARI;VIA CESARE MACCARI;;;Scontro frontale/laterale DX fra veicoli in marcia;Incrocio;Una carreggiata a doppio senso;Asciutto;Asfaltata;Verticale ed orizzontale;Sereno;Normale;Buona;;1;0;0;3;12.3589;41.7723;-1;1;Autovettura privata;In marcia / fermata / arresto;Conducente;M;Illeso;0;;Non accertato;Esploso
5562409;13;25/08/2021 21:10:00;Strada Urbana;VIA DI PRATO CORNELIO;all'intersezione con;VIA CESARE MACCARI;VIA CESARE MACCARI;;;Scontro frontale/laterale DX fra veicoli in marcia;Incrocio;Una carreggiata a doppio senso;Asciutto;Asfaltata;Verticale ed orizzontale;Sereno;Normale;Buona;;1;0;0;3;12.3589;41.7723;-1;1;Autovettura privata;In marcia / fermata / arresto;Passeggero;F;Rimandato;0;NON DECEDUTO;Non accertato;Inesploso
5562409;13;25/08/2021 21:10:00;Strada Urbana;VIA DI PRATO CORNELIO;all'intersezione con;VIA CESARE MACCARI;VIA CESARE MACCARI;;;Scontro frontale/laterale DX fra veicoli in marcia;Incrocio;Una carreggiata a doppio senso;Asciutto;Asfaltata;Verticale ed orizzontale;Sereno;Normale;Buona;;1;0;0;3;12.3589;41.7723;-1;2;Autovettura privata;In marcia / fermata / arresto;Conducente;F;Illeso;0;;Non accertato;Inesploso
5562409;13;25/08/2021 21:10:00;Strada Urbana;VIA DI PRATO CORNELIO;all'intersezione con;VIA CESARE MACCARI;VIA CESARE MACCARI;;;Scontro frontale/laterale DX fra veicoli in marcia;Incrocio;Una carreggiata a doppio senso;Asciutto;Asfaltata;Verticale ed orizzontale;Sereno;Normale;Buona;;1;0;0;3;12.3589;41.7723;-1;2;Autovettura privata;In marcia / fermata / arresto;Passeggero;F;Illeso;0;;Non accertato;Inesploso
5562445;1;26/08/2021 09:46:00;Strada Urbana;LUNGOTEVERE RAFFAELLO SANZIO;in corrispondenza;;del civico n.;14;;Tamponamento;Rettilineo;Una carreggiata a senso unico di marcia;Asciutto;Asfaltata;Verticale ed orizzontale;Sereno;Normale;Buona;;1;0;0;3;12.4733;41.8903;-1;1;Autovettura privata;In marcia / fermata / arresto;Conducente;M;Illeso;0;;;
5562445;1;26/08/2021 09:46:00;Strada Urbana;LUNGOTEVERE RAFFAELLO SANZIO;in corrispondenza;;del civico n.;14;;Tamponamento;Rettilineo;Una carreggiata a senso unico di marcia;Asciutto;Asfaltata;Verticale ed orizzontale;Sereno;Normale;Buona;;1;0;0;3;12.4733;41.8903;-1;2;Autovettura privata;In marcia / fermata / arresto;Conducente;M;Illeso;0;;;
5562445;1;26/08/2021 09:46:00;Strada Urbana;LUNGOTEVERE RAFFAELLO SANZIO;in corrispondenza;;del civico n.;14;;Tamponamento;Rettilineo;Una carreggiata a senso unico di marcia;Asciutto;Asfaltata;Verticale ed orizzontale;Sereno;Normale;Buona;;1;0;0;3;12.4733;41.8903;-1;2;Autovettura privata;In marcia / fermata / arresto;Passeggero;M;Illeso;0;;;
5562445;1;26/08/2021 09:46:00;Strada Urbana;LUNGOTEVERE RAFFAELLO SANZIO;in corrispondenza;;del civico n.;14;;Tamponamento;Rettilineo;Una carreggiata a senso unico di marcia;Asciutto;Asfaltata;Verticale ed orizzontale;Sereno;Normale;Buona;;1;0;0;3;12.4733;41.8903;-1;2;Autovettura privata;In marcia / fermata / arresto;Passeggero;M;Rimandato;0;NON DECEDUTO;;
5562502;1;26/08/2021 08:30:00;Strada Urbana;VIA DELL'AMBA ARADAM;in prossimit�;;del civico n.;6;;Tamponamento Multiplo;Rettilineo;Una carreggiata a doppio senso;Asciutto;Asfaltata;Verticale ed orizzontale;Sereno;Normale;Buona;;0;0;0;2;12.5006;41.8841;-1;1;Autovettura privata;In marcia / fermata / arresto;Conducente;M;Illeso;0;;;
5562502;1;26/08/2021 08:30:00;Strada Urbana;VIA DELL'AMBA ARADAM;in prossimit�;;del civico n.;6;;Tamponamento Multiplo;Rettilineo;Una carreggiata a doppio senso;Asciutto;Asfaltata;Verticale ed orizzontale;Sereno;Normale;Buona;;0;0;0;2;12.5006;41.8841;-1;2;Autovettura privata;In marcia / fermata / arresto;Conducente;M;Illeso;0;;;
5562502;1;26/08/2021 08:30:00;Strada Urbana;VIA DELL'AMBA ARADAM;in prossimit�;;del civico n.;6;;Tamponamento Multiplo;Rettilineo;Una carreggiata a doppio senso;Asciutto;Asfaltata;Verticale ed orizzontale;Sereno;Normale;Buona;;0;0;0;2;12.5006;41.8841;-1;3;Autovettura privata;Allontanatosi;;;;;;;
5562514;10;26/08/2021 12:30:00;Strada Urbana;VIA APPIA PIGNATELLI;all'intersezione semaforizzata con;VIA ERODE ATTICO;VIA ERODE ATTICO;;;Scontro frontale/laterale SX fra veicoli in marcia;Intersezione semaforizzata;Pi� di due carreggiate;Asciutto;Asfaltata;Verticale ed orizzontale;Sereno;Normale;Buona;;1;0;0;2;12.5457;41.8395;-1;1;Motociclo con passeggero;Allontanatosi;Conducente;M;Rimandato;0;NON DECEDUTO;Non accertato;
5562514;10;26/08/2021 12:30:00;Strada Urbana;VIA APPIA PIGNATELLI;all'intersezione semaforizzata con;VIA ERODE ATTICO;VIA ERODE ATTICO;;;Scontro frontale/laterale SX fra veicoli in marcia;Intersezione semaforizzata;Pi� di due carreggiate;Asciutto;Asfaltata;Verticale ed orizzontale;Sereno;Normale;Buona;;1;0;0;2;12.5457;41.8395;-1;2;Autovettura privata;Allontanatosi;Conducente;M;Illeso;0;;;
5562514;10;26/08/2021 12:30:00;Strada Urbana;VIA APPIA PIGNATELLI;all'intersezione semaforizzata con;VIA ERODE ATTICO;VIA ERODE ATTICO;;;Scontro frontale/laterale SX fra veicoli in marcia;Intersezione semaforizzata;Pi� di due carreggiate;Asciutto;Asfaltata;Verticale ed orizzontale;Sereno;Normale;Buona;;1;0;0;2;12.5457;41.8395;-1;2;Autovettura privata;Allontanatosi;Passeggero;M;Illeso;0;;Non accertato;Inesploso
5562520;19;26/08/2021 08:00:00;Strada Urbana;VIA DELL'ACQUEDOTTO DEL PESCHIERA;in prossimit�;;del civico n.;108;;Investimento di pedone;Rettilineo;Una carreggiata a senso unico di marcia;Asciutto;Asfaltata;Verticale ed orizzontale;Sereno;Normale;Buona;;1;0;0;0;12.4241;41.9387;0;;;;Pedone;M;Rimandato;0;NON DECEDUTO;;
5562520;19;26/08/2021 08:00:00;Strada Urbana;VIA DELL'ACQUEDOTTO DEL PESCHIERA;in prossimit�;;del civico n.;108;;Investimento di pedone;Rettilineo;Una carreggiata a senso unico di marcia;Asciutto;Asfaltata;Verticale ed orizzontale;Sereno;Normale;Buona;;1;0;0;0;12.4241;41.9387;0;1;Motociclo a solo;Allontanatosi;;;;;;;
5562541;19;26/08/2021 09:05:00;Strada Urbana;VIA DI TORREVECCHIA;all'intersezione con;VIA GAETANO PERUSINI;VIA GAETANO PERUSINI;;;Scontro frontale/laterale DX fra veicoli in marcia;Incrocio;Una carreggiata a doppio senso;Asciutto;Asfaltata;Assente;Sereno;Normale;Buona;;0;0;0;3;12.417;41.9286;-1;1;Autocarro inferiore 35 q.;In marcia / fermata / arresto;Conducente;M;Illeso;0;;;
5562541;19;26/08/2021 09:05:00;Strada Urbana;VIA DI TORREVECCHIA;all'intersezione con;VIA GAETANO PERUSINI;VIA GAETANO PERUSINI;;;Scontro frontale/laterale DX fra veicoli in marcia;Incrocio;Una carreggiata a doppio senso;Asciutto;Asfaltata;Assente;Sereno;Normale;Buona;;0;0;0;3;12.417;41.9286;-1;1;Autocarro inferiore 35 q.;In marcia / fermata / arresto;Passeggero;M;Illeso;0;;Non accertato;
5562541;19;26/08/2021 09:05:00;Strada Urbana;VIA DI TORREVECCHIA;all'intersezione con;VIA GAETANO PERUSINI;VIA GAETANO PERUSINI;;;Scontro frontale/laterale DX fra veicoli in marcia;Incrocio;Una carreggiata a doppio senso;Asciutto;Asfaltata;Assente;Sereno;Normale;Buona;;0;0;0;3;12.417;41.9286;-1;2;Autovettura privata;In marcia / fermata / arresto;Conducente;M;Illeso;0;;Non accertato;
5562610;10;26/08/2021 15:10:00;Strada Urbana;VIA TUSCOLANA;in prossimit�;;del civico n.;1376;;Scontro laterale fra veicoli in marcia;Rettilineo;Due carreggiate;Asciutto;Asfaltata;Verticale ed orizzontale;Sereno;Normale;Buona;;0;0;0;4;12.565;41.8551;-1;1;Autovettura privata;In marcia / fermata / arresto;Conducente;F;Illeso;0;;Non accertato;Inesploso
5562610;10;26/08/2021 15:10:00;Strada Urbana;VIA TUSCOLANA;in prossimit�;;del civico n.;1376;;Scontro laterale fra veicoli in marcia;Rettilineo;Due carreggiate;Asciutto;Asfaltata;Verticale ed orizzontale;Sereno;Normale;Buona;;0;0;0;4;12.565;41.8551;-1;1;Autovettura privata;In marcia / fermata / arresto;Passeggero;F;Illeso;0;;Non accertato;Inesploso
5562610;10;26/08/2021 15:10:00;Strada Urbana;VIA TUSCOLANA;in prossimit�;;del civico n.;1376;;Scontro laterale fra veicoli in marcia;Rettilineo;Due carreggiate;Asciutto;Asfaltata;Verticale ed orizzontale;Sereno;Normale;Buona;;0;0;0;4;12.565;41.8551;-1;2;Autovettura privata;In marcia / fermata / arresto;Conducente;M;Illeso;0;;Non accertato;Inesploso
5562610;10;26/08/2021 15:10:00;Strada Urbana;VIA TUSCOLANA;in prossimit�;;del civico n.;1376;;Scontro laterale fra veicoli in marcia;Rettilineo;Due carreggiate;Asciutto;Asfaltata;Verticale ed orizzontale;Sereno;Normale;Buona;;0;0;0;4;12.565;41.8551;-1;2;Autovettura privata;In marcia / fermata / arresto;Passeggero;M;Illeso;0;;Non accertato;Inesploso
5562612;12;26/08/2021 13:20:00;Strada Urbana;VIALE DELLA TECNICA;all'intersezione con;VIALE DEL CICLISMO;VIALE DEL CICLISMO;;;Scontro frontale/laterale SX fra veicoli in marcia;Intersezione stradale segnalata;Due carreggiate;Asciutto;Asfaltata;Verticale ed orizzontale;Sereno;Scarso;Buona;;2;0;0;4;12.4591;41.8269;-1;1;Autovettura privata;In marcia / fermata / arresto;Conducente;M;Illeso;0;;Non accertato;
5562612;12;26/08/2021 13:20:00;Strada Urbana;VIALE DELLA TECNICA;all'intersezione con;VIALE DEL CICLISMO;VIALE DEL CICLISMO;;;Scontro frontale/laterale SX fra veicoli in marcia;Intersezione stradale segnalata;Due carreggiate;Asciutto;Asfaltata;Verticale ed orizzontale;Sereno;Scarso;Buona;;2;0;0;4;12.4591;41.8269;-1;1;Autovettura privata;In marcia / fermata / arresto;Passeggero;F;Illeso;0;;;
5562612;12;26/08/2021 13:20:00;Strada Urbana;VIALE DELLA TECNICA;all'intersezione con;VIALE DEL CICLISMO;VIALE DEL CICLISMO;;;Scontro frontale/laterale SX fra veicoli in marcia;Intersezione stradale segnalata;Due carreggiate;Asciutto;Asfaltata;Verticale ed orizzontale;Sereno;Scarso;Buona;;2;0;0;4;12.4591;41.8269;-1;1;Autovettura privata;In marcia / fermata / arresto;Passeggero;M;Illeso;0;;;
5562612;12;26/08/2021 13:20:00;Strada Urbana;VIALE DELLA TECNICA;all'intersezione con;VIALE DEL CICLISMO;VIALE DEL CICLISMO;;;Scontro frontale/laterale SX fra veicoli in marcia;Intersezione stradale segnalata;Due carreggiate;Asciutto;Asfaltata;Verticale ed orizzontale;Sereno;Scarso;Buona;;2;0;0;4;12.4591;41.8269;-1;1;Autovettura privata;In marcia / fermata / arresto;Passeggero;M;Illeso;0;;;Esploso
5562612;12;26/08/2021 13:20:00;Strada Urbana;VIALE DELLA TECNICA;all'intersezione con;VIALE DEL CICLISMO;VIALE DEL CICLISMO;;;Scontro frontale/laterale SX fra veicoli in marcia;Intersezione stradale segnalata;Due carreggiate;Asciutto;Asfaltata;Verticale ed orizzontale;Sereno;Scarso;Buona;;2;0;0;4;12.4591;41.8269;-1;2;Autovettura privata;In marcia / fermata / arresto;Conducente;M;Rimandato;0;NON DECEDUTO;Non accertato;Esploso
5562612;12;26/08/2021 13:20:00;Strada Urbana;VIALE DELLA TECNICA;all'intersezione con;VIALE DEL CICLISMO;VIALE DEL CICLISMO;;;Scontro frontale/laterale SX fra veicoli in marcia;Intersezione stradale segnalata;Due carreggiate;Asciutto;Asfaltata;Verticale ed orizzontale;Sereno;Scarso;Buona;;2;0;0;4;12.4591;41.8269;-1;2;Autovettura privata;In marcia / fermata / arresto;Passeggero;F;Rimandato;0;NON DECEDUTO;Non accertato;
5562643;1;26/08/2021 13:15:00;Strada Urbana;VIALE DELLE CAVE ARDEATINE;in corrispondenza;;del palo luce n.;17;;Scontro laterale fra veicoli in marcia;Rettilineo;Una carreggiata a doppio senso;Asciutto;Asfaltata;Verticale ed orizzontale;Sereno;Normale;Buona;;0;0;0;2;12.4833;41.875;-1;1;Autobus urbano;In marcia / fermata / arresto;Conducente;M;Illeso;0;;;
5562643;1;26/08/2021 13:15:00;Strada Urbana;VIALE DELLE CAVE ARDEATINE;in corrispondenza;;del palo luce n.;17;;Scontro laterale fra veicoli in marcia;Rettilineo;Una carreggiata a doppio senso;Asciutto;Asfaltata;Verticale ed orizzontale;Sereno;Normale;Buona;;0;0;0;2;12.4833;41.875;-1;2;Autovettura privata;In marcia / fermata / arresto;Conducente;M;Illeso;0;;;
5562667;1;26/08/2021 14:30:00;Strada Urbana;PIAZZA DEI CINQUECENTO;all'intersezione semaforizzata con;VIA CAVOUR;VIA CAVOUR;;;Infortunio per caduta del veicolo;Intersezione semaforizzata;Una carreggiata a doppio senso;Asciutto;Asfaltata;Verticale ed orizzontale;Sereno;Normale;;;1;0;0;0;;;0;1;Motociclo a solo;In marcia / fermata / arresto;Conducente;M;Rimandato;0;NON DECEDUTO;;
5563022;11;26/08/2021 10:15:00;Strada Urbana;VIA ARDEATINA;in prossimit�;;del civico n.;306;;Scontro frontale/laterale DX fra veicoli in marcia;Curva a visuale libera;Una carreggiata a doppio senso;Asciutto;Asfaltata;Verticale ed orizzontale;Sereno;Normale;Buona;;1;0;0;1;12.5161;41.8421;-1;1;Autovettura privata;In marcia / fermata / arresto;Conducente;M;Illeso;0;;;
5563022;11;26/08/2021 10:15:00;Strada Urbana;VIA ARDEATINA;in prossimit�;;del civico n.;306;;Scontro frontale/laterale DX fra veicoli in marcia;Curva a visuale libera;Una carreggiata a doppio senso;Asciutto;Asfaltata;Verticale ed orizzontale;Sereno;Normale;Buona;;1;0;0;1;12.5161;41.8421;-1;2;Motociclo a solo;In marcia / fermata / arresto;Conducente;M;Rimandato;0;NON DECEDUTO;;
5563023;11;26/08/2021 11:30:00;Strada Urbana;VIALE DEL TINTORETTO;in corrispondenza;;del civico n.;88;;Veicolo in marcia contro veicolo arresto;Rettilineo;Due carreggiate;Asciutto;Asfaltata;Verticale ed orizzontale;Sereno;Scarso;Buona;;0;0;0;2;12.4842;41.8375;-1;1;Autovettura privata;In marcia / fermata / arresto;Conducente;F;Illeso;0;;;
5563023;11;26/08/2021 11:30:00;Strada Urbana;VIALE DEL TINTORETTO;in corrispondenza;;del civico n.;88;;Veicolo in marcia contro veicolo arresto;Rettilineo;Due carreggiate;Asciutto;Asfaltata;Verticale ed orizzontale;Sereno;Scarso;Buona;;0;0;0;2;12.4842;41.8375;-1;2;Autovettura privata;In marcia / fermata / arresto;Conducente;M;Illeso;0;;;
5563026;8;26/08/2021 19:50:00;Strada Urbana;VIA DI TORRENOVA;in corrispondenza;;del civico n.;445;;Veicolo in marcia contro veicoli in sosta;Rettilineo;Una carreggiata a doppio senso;Asciutto;Asfaltata;Verticale ed orizzontale;Sereno;Normale;Buona;;0;0;0;1;12.6193;41.8855;-1;1;Autocarro inferiore 35 q.;Sosta;;;;;;;
5563026;8;26/08/2021 19:50:00;Strada Urbana;VIA DI TORRENOVA;in corrispondenza;;del civico n.;445;;Veicolo in marcia contro veicoli in sosta;Rettilineo;Una carreggiata a doppio senso;Asciutto;Asfaltata;Verticale ed orizzontale;Sereno;Normale;Buona;;0;0;0;1;12.6193;41.8855;-1;2;Motociclo con passeggero;In marcia / fermata / arresto;Conducente;M;Illeso;0;;;
5563027;8;26/08/2021 08:15:00;Strada Urbana;VIA MARIO PASTORE;da specificare;;;;alt. cavalcavia Fontanile di Carcaricola;Tamponamento Multiplo;Rettilineo;Una carreggiata a senso unico di marcia;Asciutto;Asfaltata;Orizzontale;Sereno;Normale;Buona;;1;0;0;2;12.6157;41.8468;-1;1;Autovettura privata;In marcia / fermata / arresto;Conducente;M;Rimandato;0;NON DECEDUTO;Non accertato;Inesploso
5563027;8;26/08/2021 08:15:00;Strada Urbana;VIA MARIO PASTORE;da specificare;;;;alt. cavalcavia Fontanile di Carcaricola;Tamponamento Multiplo;Rettilineo;Una carreggiata a senso unico di marcia;Asciutto;Asfaltata;Orizzontale;Sereno;Normale;Buona;;1;0;0;2;12.6157;41.8468;-1;2;Autovettura privata;In marcia / fermata / arresto;Conducente;M;Illeso;0;;Non accertato;Esploso
5563027;8;26/08/2021 08:15:00;Strada Urbana;VIA MARIO PASTORE;da specificare;;;;alt. cavalcavia Fontanile di Carcaricola;Tamponamento Multiplo;Rettilineo;Una carreggiata a senso unico di marcia;Asciutto;Asfaltata;Orizzontale;Sereno;Normale;Buona;;1;0;0;2;12.6157;41.8468;-1;3;Autocarro inferiore 35 q.;In marcia / fermata / arresto;Conducente;M;Illeso;0;;Non accertato;Inesploso
5563033;8;26/08/2021 17:45:00;Strada Urbana;VIA ALBEROBELLO;da specificare;;;;fronte civ. 2;Veicolo in marcia contro veicolo in sosta;Rettilineo;Una carreggiata a doppio senso;Asciutto;Asfaltata;Verticale ed orizzontale;Sereno;Normale;Buona;;0;0;0;1;12.6168;41.8844;-1;1;Autovettura privata;Sosta;;;;;;;
5563033;8;26/08/2021 17:45:00;Strada Urbana;VIA ALBEROBELLO;da specificare;;;;fronte civ. 2;Veicolo in marcia contro veicolo in sosta;Rettilineo;Una carreggiata a doppio senso;Asciutto;Asfaltata;Verticale ed orizzontale;Sereno;Normale;Buona;;0;0;0;1;12.6168;41.8844;-1;2;Autovettura privata;In marcia / fermata / arresto;Conducente;M;Illeso;0;;Non accertato;Inesploso
5563035;8;26/08/2021 15:30:00;Strada Urbana;VIA CASARANO;da specificare;;;;altezza palo Acea n. 4;Tamponamento;Rettilineo;Una carreggiata a doppio senso;Asciutto;Asfaltata;Verticale;Sereno;Normale;Buona;;0;0;0;3;12.6136;41.8857;-1;1;Autovettura privata;In marcia / fermata / arresto;Conducente;M;Illeso;0;;Non accertato;Inesploso