Protocollo;Gruppo;DataOraIncidente;Localizzazione1;STRADA1;Localizzazione2;STRADA2;Strada02;Chilometrica;DaSpecificare;NaturaIncidente;particolaritastrade;TipoStrada;FondoStradale;Pavimentazione;Segnaletica;CondizioneAtmosferica;Traffico;Visibilita;Illuminazione;NUM_FERITI;NUM_RISERVATA;NUM_MORTI;NUM_ILLESI;Longitudine;Latitudine;Confermato;Progressivo;TipoVeicolo;StatoVeicolo;TipoPersona;Sesso;Tipolesione;Deceduto;DecedutoDopo;CinturaCascoUtilizzato;Airbag;
5563245;18;26/08/2021 12:00:00;Strada Urbana;PIAZZALE GREGORIO VII;da specificare;;;;in prossimit� di Via Sergio I;Investimento di pedone;Rettilineo;Pi� di due carreggiate;Asciutto;Asfaltata;Verticale ed orizzontale;Sereno;Normale;Buona;;1;0;0;1;12.4514;41.8989;-1;;;;Pedone;M;Rimandato;0;NON DECEDUTO;;
5563245;18;26/08/2021 12:00:00;Strada Urbana;PIAZZALE GREGORIO VII;da specificare;;;;in prossimit� di Via Sergio I;Investimento di pedone;Rettilineo;Pi� di due carreggiate;Asciutto;Asfaltata;Verticale ed orizzontale;Sereno;Normale;Buona;;1;0;0;1;12.4514;41.8989;-1;1;Autovettura privata;In marcia / fermata / arresto;Conducente;M;Illeso;0;;;
5563246;4;26/08/2021 21:10:00;Strada Urbana;VIA PASQUALE II;all'intersezione con;VIA PIETRO BEMBO;VIA PIETRO BEMBO;;;Scontro frontale fra veicoli in marcia;Incrocio;Una carreggiata a doppio senso;Asciutto;Asfaltata;Verticale ed orizzontale;Sereno;Normale;Sufficiente;;0;1;0;1;12.4109;41.9118;-1;1;Autovettura privata;In marcia / fermata / arresto;Conducente;M;Illeso;0;;;
5563246;4;26/08/2021 21:10:00;Strada Urbana;VIA PASQUALE II;all'intersezione con;VIA PIETRO BEMBO;VIA PIETRO BEMBO;;;Scontro frontale fra veicoli in marcia;Incrocio;Una carreggiata a doppio senso;Asciutto;Asfaltata;Verticale ed orizzontale;Sereno;Normale;Sufficiente;;0;1;0;1;12.4109;41.9118;-1;2;Motociclo a solo;In marcia / fermata / arresto;Conducente;M;Prognosi riservata;0;NON DECEDUTO;Non accertato;
5563259;7;26/08/2021 11:40:00;Strada Urbana;VIA DELLE NESPOLE;in corrispondenza;;del civico n.;31;;Scontro frontale/laterale DX fra veicoli in marcia;Rettilineo;Una carreggiata a senso unico di marcia;Asciutto;Asfaltata;Verticale ed orizzontale;Sereno;Normale;Buona;;0;0;0;4;12.5807;41.8783;-1;1;Autovettura privata;In marcia / fermata / arresto;Conducente;M;Illeso;0;;Non accertato;Inesploso
5563259;7;26/08/2021 11:40:00;Strada Urbana;VIA DELLE NESPOLE;in corrispondenza;;del civico n.;31;;Scontro frontale/laterale DX fra veicoli in marcia;Rettilineo;Una carreggiata a senso unico di marcia;Asciutto;Asfaltata;Verticale ed orizzontale;Sereno;Normale;Buona;;0;0;0;4;12.5807;41.8783;-1;1;Autovettura privata;In marcia / fermata / arresto;Passeggero;M;Illeso;0;;Non accertato;Inesploso
5563259;7;26/08/2021 11:40:00;Strada Urbana;VIA DELLE NESPOLE;in corrispondenza;;del civico n.;31;;Scontro frontale/laterale DX fra veicoli in marcia;Rettilineo;Una carreggiata a senso unico di marcia;Asciutto;Asfaltata;Verticale ed orizzontale;Sereno;Normale;Buona;;0;0;0;4;12.5807;41.8783;-1;2;Autocaravan;In marcia / fermata / arresto;Conducente;M;Illeso;0;;Non accertato;Inesploso
5563259;7;26/08/2021 11:40:00;Strada Urbana;VIA DELLE NESPOLE;in corrispondenza;;del civico n.;31;;Scontro frontale/laterale DX fra veicoli in marcia;Rettilineo;Una carreggiata a senso unico di marcia;Asciutto;Asfaltata;Verticale ed orizzontale;Sereno;Normale;Buona;;0;0;0;4;12.5807;41.8783;-1;2;Autocaravan;In marcia / fermata / arresto;Passeggero;F;Illeso;0;;Non accertato;Inesploso
5563262;18;26/08/2021 10:30:00;Strada Urbana;PIAZZA IRNERIO;in corrispondenza;;del civico n.;18;;Veicolo in marcia contro veicolo arresto;Rettilineo;Una carreggiata a doppio senso;Asciutto;Asfaltata;Verticale ed orizzontale;Sereno;Normale;Buona;;0;0;0;2;12.4294;41.8989;-1;1;Motociclo a solo;In marcia / fermata / arresto;Conducente;M;Illeso;0;;Non accertato;
5563262;18;26/08/2021 10:30:00;Strada Urbana;PIAZZA IRNERIO;in corrispondenza;;del civico n.;18;;Veicolo in marcia contro veicolo arresto;Rettilineo;Una carreggiata a doppio senso;Asciutto;Asfaltata;Verticale ed orizzontale;Sereno;Normale;Buona;;0;0;0;2;12.4294;41.8989;-1;2;Autovettura privata;In marcia / fermata / arresto;Conducente;M;Illeso;0;;Non accertato;Inesploso
5563291;15;25/08/2021 14:00:00;Strada Urbana;VIA QUIRINO MAJORANA;in corrispondenza;;del civico n.;223;;Veicolo in marcia contro ostacolo fisso;Rettilineo;Due carreggiate;Asciutto;Asfaltata;Orizzontale;Nuvoloso;Normale;Buona;;0;0;0;1;12.4612;41.8694;-1;1;Motociclo a solo;In marcia / fermata / arresto;Conducente;M;Illeso;0;;;
5563341;1;27/08/2021 06:15:00;Strada Urbana;VIA DEL VIMINALE;all'intersezione con;VIA TORINO;VIA TORINO;;;Scontro frontale/laterale SX fra veicoli in marcia;Intersezione stradale segnalata;Una carreggiata a senso unico di marcia;Asciutto;Asfaltata;Verticale ed orizzontale;Sereno;Normale;Sufficiente;;0;0;0;2;12.4963;41.9006;-1;1;Autovettura pubblica;In marcia / fermata / arresto;Conducente;M;Illeso;0;;Non accertato;Inesploso
5563341;1;27/08/2021 06:15:00;Strada Urbana;VIA DEL VIMINALE;all'intersezione con;VIA TORINO;VIA TORINO;;;Scontro frontale/laterale SX fra veicoli in marcia;Intersezione stradale segnalata;Una carreggiata a senso unico di marcia;Asciutto;Asfaltata;Verticale ed orizzontale;Sereno;Normale;Sufficiente;;0;0;0;2;12.4963;41.9006;-1;2;Autovettura privata;In marcia / fermata / arresto;Conducente;M;Illeso;0;;Non accertato;Inesploso
5563424;7;26/08/2021 22:30:00;Strada Urbana;VIA FRANCESCO TOVAGLIERI;da specificare;;;;IN PROSSIMITA' DI VIA GAETANO ERMOLI;Veicolo in marcia contro ostacolo accidentale;Curva senza visuale libera;Una carreggiata a doppio senso;Asciutto;Asfaltata;Verticale ed orizzontale;Sereno;Normale;Buona;;1;0;0;1;12.5887;41.8828;-1;1;Motociclo con passeggero;In marcia / fermata / arresto;Conducente;M;Illeso;0;;Non accertato;
5563424;7;26/08/2021 22:30:00;Strada Urbana;VIA FRANCESCO TOVAGLIERI;da specificare;;;;IN PROSSIMITA' DI VIA GAETANO ERMOLI;Veicolo in marcia contro ostacolo accidentale;Curva senza visuale libera;Una carreggiata a doppio senso;Asciutto;Asfaltata;Verticale ed orizzontale;Sereno;Normale;Buona;;1;0;0;1;12.5887;41.8828;-1;1;Motociclo con passeggero;In marcia / fermata / arresto;Passeggero;F;Rimandato;0;NON DECEDUTO;Non accertato;
5563426;18;26/08/2021 07:55:00;Strada Urbana;VIA GREGORIO VII;da specificare;;;;fronte civico 61;Scontro frontale/laterale DX fra veicoli in marcia;Rettilineo;Pi� di due carreggiate;Asciutto;Asfaltata;Verticale ed orizzontale;Sereno;Normale;Buona;;0;0;0;4;12.4401;41.8959;-1;1;Autovettura privata;In marcia / fermata / arresto;Conducente;F;Illeso;0;;;
5563426;18;26/08/2021 07:55:00;Strada Urbana;VIA GREGORIO VII;da specificare;;;;fronte civico 61;Scontro frontale/laterale DX fra veicoli in marcia;Rettilineo;Pi� di due carreggiate;Asciutto;Asfaltata;Verticale ed orizzontale;Sereno;Normale;Buona;;0;0;0;4;12.4401;41.8959;-1;2;Autovettura privata;In marcia / fermata / arresto;Conducente;M;Illeso;0;;;
5563426;18;26/08/2021 07:55:00;Strada Urbana;VIA GREGORIO VII;da specificare;;;;fronte civico 61;Scontro frontale/laterale DX fra veicoli in marcia;Rettilineo;Pi� di due carreggiate;Asciutto;Asfaltata;Verticale ed orizzontale;Sereno;Normale;Buona;;0;0;0;4;12.4401;41.8959;-1;2;Autovettura privata;In marcia / fermata / arresto;Passeggero;F;Illeso;0;;;
5563426;18;26/08/2021 07:55:00;Strada Urbana;VIA GREGORIO VII;da specificare;;;;fronte civico 61;Scontro frontale/laterale DX fra veicoli in marcia;Rettilineo;Pi� di due carreggiate;Asciutto;Asfaltata;Verticale ed orizzontale;Sereno;Normale;Buona;;0;0;0;4;12.4401;41.8959;-1;2;Autovettura privata;In marcia / fermata / arresto;Passeggero;F;Illeso;0;;;
5563432;12;27/08/2021 10:00:00;Strada Urbana;VIA DELLA DIVISIONE TORINO;all'intersezione con;VIA MATTEO BARTOLI;VIA MATTEO BARTOLI;;;Scontro frontale/laterale DX fra veicoli in marcia;Intersezione stradale segnalata;Due carreggiate;Asciutto;Asfaltata;Verticale ed orizzontale;Nuvoloso;Scarso;Buona;;1;0;0;1;12.4889;41.8184;-1;1;Autovettura privata;In marcia / fermata / arresto;Conducente;M;Illeso;0;;Non accertato;Esploso
5563432;12;27/08/2021 10:00:00;Strada Urbana;VIA DELLA DIVISIONE TORINO;all'intersezione con;VIA MATTEO BARTOLI;VIA MATTEO BARTOLI;;;Scontro frontale/laterale DX fra veicoli in marcia;Intersezione stradale segnalata;Due carreggiate;Asciutto;Asfaltata;Verticale ed orizzontale;Nuvoloso;Scarso;Buona;;1;0;0;1;12.4889;41.8184;-1;2;Autovettura privata;In marcia / fermata / arresto;Conducente;M;Rimandato;0;NON DECEDUTO;Non accertato;Esploso
5563446;16;26/08/2021 14:00:00;Strada Urbana;VIALE DI TRASTEVERE;all'intersezione con;VIA AMBROGIO TRAVERSARI;VIA AMBROGIO TRAVERSARI;;;Investimento di pedone;Intersezione stradale segnalata;Pi� di due carreggiate;Asciutto;Asfaltata;Verticale ed orizzontale;Sereno;Scarso;Buona;;1;0;0;2;12.4679;41.8817;-1;;;;Pedone;M;Illeso;0;;;
5563446;16;26/08/2021 14:00:00;Strada Urbana;VIALE DI TRASTEVERE;all'intersezione con;VIA AMBROGIO TRAVERSARI;VIA AMBROGIO TRAVERSARI;;;Investimento di pedone;Intersezione stradale segnalata;Pi� di due carreggiate;Asciutto;Asfaltata;Verticale ed orizzontale;Sereno;Scarso;Buona;;1;0;0;2;12.4679;41.8817;-1;1;Velocipede;In marcia / fermata / arresto;Conducente;F;Ricoverato;0;NON DECEDUTO;Esente;
5563446;16;26/08/2021 14:00:00;Strada Urbana;VIALE DI TRASTEVERE;all'intersezione con;VIA AMBROGIO TRAVERSARI;VIA AMBROGIO TRAVERSARI;;;Investimento di pedone;Intersezione stradale segnalata;Pi� di due carreggiate;Asciutto;Asfaltata;Verticale ed orizzontale;Sereno;Scarso;Buona;;1;0;0;2;12.4679;41.8817;-1;2;Autovettura privata;In marcia / fermata / arresto;Conducente;M;Illeso;0;;Non accertato;Inesploso
5563446;16;26/08/2021 14:00:00;Strada Urbana;VIALE DI TRASTEVERE;all'intersezione con;VIA AMBROGIO TRAVERSARI;VIA AMBROGIO TRAVERSARI;;;Investimento di pedone;Intersezione stradale segnalata;Pi� di due carreggiate;Asciutto;Asfaltata;Verticale ed orizzontale;Sereno;Scarso;Buona;;1;0;0;2;12.4679;41.8817;-1;3;Autovettura privata;Allontanatosi;;;;;;;
5563451;18;27/08/2021 11:30:00;Strada Urbana;VIA AURELIA;in prossimit�;;del civico n.;791;;Tamponamento Multiplo;Curva a visuale libera;Due carreggiate;Asciutto;Asfaltata;Verticale ed orizzontale;Nuvoloso;Normale;Buona;;0;0;0;6;12.4088;41.8893;-1;1;Autovettura privata;In marcia / fermata / arresto;Conducente;F;Illeso;0;;Non accertato;Inesploso
5563451;18;27/08/2021 11:30:00;Strada Urbana;VIA AURELIA;in prossimit�;;del civico n.;791;;Tamponamento Multiplo;Curva a visuale libera;Due carreggiate;Asciutto;Asfaltata;Verticale ed orizzontale;Nuvoloso;Normale;Buona;;0;0;0;6;12.4088;41.8893;-1;2;Autovettura privata;In marcia / fermata / arresto;Conducente;M;Illeso;0;;Non accertato;Inesploso
5563451;18;27/08/2021 11:30:00;Strada Urbana;VIA AURELIA;in prossimit�;;del civico n.;791;;Tamponamento Multiplo;Curva a visuale libera;Due carreggiate;Asciutto;Asfaltata;Verticale ed orizzontale;Nuvoloso;Normale;Buona;;0;0;0;6;12.4088;41.8893;-1;2;Autovettura privata;In marcia / fermata / arresto;Passeggero;M;Illeso;0;;Non accertato;Inesploso
5563451;18;27/08/2021 11:30:00;Strada Urbana;VIA AURELIA;in prossimit�;;del civico n.;791;;Tamponamento Multiplo;Curva a visuale libera;Due carreggiate;Asciutto;Asfaltata;Verticale ed orizzontale;Nuvoloso;Normale;Buona;;0;0;0;6;12.4088;41.8893;-1;3;Autovettura privata;In marcia / fermata / arresto;Conducente;M;Illeso;0;;Non accertato;Inesploso
5563451;18;27/08/2021 11:30:00;Strada Urbana;VIA AURELIA;in prossimit�;;del civico n.;791;;Tamponamento Multiplo;Curva a visuale libera;Due carreggiate;Asciutto;Asfaltata;Verticale ed orizzontale;Nuvoloso;Normale;Buona;;0;0;0;6;12.4088;41.8893;-1;3;Autovettura privata;In marcia / fermata / arresto;Passeggero;F;Illeso;0;;Non accertato;Inesploso
5563451;18;27/08/2021 11:30:00;Strada Urbana;VIA AURELIA;in prossimit�;;del civico n.;791;;Tamponamento Multiplo;Curva a visuale libera;Due carreggiate;Asciutto;Asfaltata;Verticale ed orizzontale;Nuvoloso;Normale;Buona;;0;0;0;6;12.4088;41.8893;-1;3;Autovettura privata;In marcia / fermata / arresto;Passeggero;F;Illeso;0;;Non accertato;Inesploso
5563477;1;27/08/2021 10:10:00;Strada Urbana;VIA DEL CORSO;in corrispondenza;;del civico n.;321;;Infortunio per caduta del veicolo;Rettilineo;Una carreggiata a doppio senso;Asciutto;Asfaltata;Verticale ed orizzontale;Sereno;Scarso;Buona;;1;0;0;0;;;0;1;Monopattino elettrico;In marcia / fermata / arresto;Conducente;M;Rimandato;0;NON DECEDUTO;;
5563513;12;26/08/2021 10:00:00;Altra strada;VIA PONTINA;in corrispondenza;;della chilometrica;16;;Veicolo in marcia contro ostacolo fisso;Rettilineo;Due carreggiate;Asciutto;Asfaltata;Orizzontale;Sereno;Intenso;Buona;;0;0;0;1;12.4522;41.794;-1;1;Autovettura privata;In marcia / fermata / arresto;Conducente;M;Illeso;0;;Utilizzato;Inesploso
5563662;9;26/08/2021 11:30:00;;VIA ENNA;in prossimit�;;del civico n.;21/D;;Investimento di pedone;;;;;;;;;;1;0;0;1;12.5232;41.8829;0;;;;Pedone;M;Ricoverato;0;NON DECEDUTO;;
5563662;9;26/08/2021 11:30:00;;VIA ENNA;in prossimit�;;del civico n.;21/D;;Investimento di pedone;;;;;;;;;;1;0;0;1;12.5232;41.8829;0;1;Motociclo a solo;In marcia / fermata / arresto;Conducente;M;Illeso;0;;;
5563673;9;26/08/2021 13:30:00;Strada Urbana;VIA CASILINA;in corrispondenza;;del civico n.;67;;Tamponamento Multiplo;Rettilineo;Una carreggiata a senso unico di marcia;Asciutto;Asfaltata;Verticale ed orizzontale;Sereno;Normale;Buona;;0;0;0;7;12.5212;41.8885;-1;1;Autovettura privata;In marcia / fermata / arresto;Conducente;M;Illeso;0;;Non accertato;Inesploso
5563673;9;26/08/2021 13:30:00;Strada Urbana;VIA CASILINA;in corrispondenza;;del civico n.;67;;Tamponamento Multiplo;Rettilineo;Una carreggiata a senso unico di marcia;Asciutto;Asfaltata;Verticale ed orizzontale;Sereno;Normale;Buona;;0;0;0;7;12.5212;41.8885;-1;2;Autovettura privata;In marcia / fermata / arresto;Conducente;M;Illeso;0;;Non accertato;Inesploso
5563673;9;26/08/2021 13:30:00;Strada Urbana;VIA CASILINA;in corrispondenza;;del civico n.;67;;Tamponamento Multiplo;Rettilineo;Una carreggiata a senso unico di marcia;Asciutto;Asfaltata;Verticale ed orizzontale;Sereno;Normale;Buona;;0;0;0;7;12.5212;41.8885;-1;2;Autovettura privata;In marcia / fermata / arresto;Passeggero;M;Illeso;0;;Non accertato;Inesploso
5563673;9;26/08/2021 13:30:00;Strada Urbana;VIA CASILINA;in corrispondenza;;del civico n.;67;;Tamponamento Multiplo;Rettilineo;Una carreggiata a senso unico di marcia;Asciutto;Asfaltata;Verticale ed orizzontale;Sereno;Normale;Buona;;0;0;0;7;12.5212;41.8885;-1;3;Autovettura privata;In marcia / fermata / arresto;Conducente;M;Illeso;0;;Non accertato;Inesploso
5563673;9;26/08/2021 13:30:00;Strada Urbana;VIA CASILINA;in corrispondenza;;del civico n.;67;;Tamponamento Multiplo;Rettilineo;Una carreggiata a senso unico di marcia;Asciutto;Asfaltata;Verticale ed orizzontale;Sereno;Normale;Buona;;0;0;0;7;12.5212;41.8885;-1;3;Autovettura privata;In marcia / fermata / arresto;Passeggero;M;Illeso;0;;Non accertato;Inesploso
5563673;9;26/08/2021 13:30:00;Strada Urbana;VIA CASILINA;in corrispondenza;;del civico n.;67;;Tamponamento Multiplo;Rettilineo;Una carreggiata a senso unico di marcia;Asciutto;Asfaltata;Verticale ed orizzontale;Sereno;Normale;Buona;;0;0;0;7;12.5212;41.8885;-1;3;Autovettura privata;In marcia / fermata / arresto;Passeggero;F;Illeso;0;;Non accertato;Inesploso
5563673;9;26/08/2021 13:30:00;Strada Urbana;VIA CASILINA;in corrispondenza;;del civico n.;67;;Tamponamento Multiplo;Rettilineo;Una carreggiata a senso unico di marcia;Asciutto;Asfaltata;Verticale ed orizzontale;Sereno;Normale;Buona;;0;0;0;7;12.5212;41.8885;-1;3;Autovettura privata;In marcia / fermata / arresto;Passeggero;M;Illeso;0;;Non accertato;Inesploso
5563695;15;27/08/2021 12:40:00;Strada Urbana;VIALE GUGLIELMO MARCONI;all'intersezione semaforizzata con;VIA ANTONIO ROITI;VIA ANTONIO ROITI;;;Scontro frontale/laterale SX fra veicoli in marcia;Intersezione semaforizzata;Due carreggiate;Asciutto;Asfaltata;Verticale ed orizzontale;Nuvoloso;Normale;Buona;;1;0;0;1;12.4713;41.8573;-1;1;Autovettura privata;In marcia / fermata / arresto;Conducente;M;Rifiuta cure immediate;0;NON DECEDUTO;Non accertato;Inesploso
5563695;15;27/08/2021 12:40:00;Strada Urbana;VIALE GUGLIELMO MARCONI;all'intersezione semaforizzata con;VIA ANTONIO ROITI;VIA ANTONIO ROITI;;;Scontro frontale/laterale SX fra veicoli in marcia;Intersezione semaforizzata;Due carreggiate;Asciutto;Asfaltata;Verticale ed orizzontale;Nuvoloso;Normale;Buona;;1;0;0;1;12.4713;41.8573;-1;2;Autovettura privata;In marcia / fermata / arresto;Conducente;M;Illeso;0;;Non accertato;Inesploso
5563701;9;26/08/2021 14:40:00;Strada Urbana;VIA BRITANNIA;da specificare;;;;prossimit� PIAZZA TUSCOLO;Tamponamento;Rettilineo;Una carreggiata a doppio senso;Asciutto;Asfaltata;Verticale ed orizzontale;Sereno;Scarso;Buona;;0;0;0;2;12.5081;41.8806;-1;1;Autovettura privata;In marcia / fermata / arresto;Conducente;M;Illeso;0;;Non accertato;Inesploso
5563701;9;26/08/2021 14:40:00;Strada Urbana;VIA BRITANNIA;da specificare;;;;prossimit� PIAZZA TUSCOLO;Tamponamento;Rettilineo;Una carreggiata a doppio senso;Asciutto;Asfaltata;Verticale ed orizzontale;Sereno;Scarso;Buona;;0;0;0;2;12.5081;41.8806;-1;2;Autovettura privata;In marcia / fermata / arresto;Conducente;F;Illeso;0;;Non accertato;Inesploso
5563709;9;26/08/2021 16:15:00;Strada Urbana;VIA VOGHERA;all'intersezione con;VIA FOLIGNO;VIA FOLIGNO;;;Scontro frontale/laterale DX fra veicoli in marcia;Intersezione stradale segnalata;Una carreggiata a doppio senso;Asciutto;Asfaltata;Verticale ed orizzontale;Sereno;Normale;Buona;;1;0;0;4;12.5189;41.8861;-1;1;Autovettura privata;In marcia / fermata / arresto;Conducente;M;Illeso;0;;Non accertato;Esploso
5563709;9;26/08/2021 16:15:00;Strada Urbana;VIA VOGHERA;all'intersezione con;VIA FOLIGNO;VIA FOLIGNO;;;Scontro frontale/laterale DX fra veicoli in marcia;Intersezione stradale segnalata;Una carreggiata a doppio senso;Asciutto;Asfaltata;Verticale ed orizzontale;Sereno;Normale;Buona;;1;0;0;4;12.5189;41.8861;-1;1;Autovettura privata;In marcia / fermata / arresto;Passeggero;F;Illeso;0;;Non accertato;Esploso
5563709;9;26/08/2021 16:15:00;Strada Urbana;VIA VOGHERA;all'intersezione con;VIA FOLIGNO;VIA FOLIGNO;;;Scontro frontale/laterale DX fra veicoli in marcia;Intersezione stradale segnalata;Una carreggiata a doppio senso;Asciutto;Asfaltata;Verticale ed orizzontale;Sereno;Normale;Buona;;1;0;0;4;12.5189;41.8861;-1;1;Autovettura privata;In marcia / fermata / arresto;Passeggero;F;Illeso;0;;Non accertato;Inesploso
5563709;9;26/08/2021 16:15:00;Strada Urbana;VIA VOGHERA;all'intersezione con;VIA FOLIGNO;VIA FOLIGNO;;;Scontro frontale/laterale DX fra veicoli in marcia;Intersezione stradale segnalata;Una carreggiata a doppio senso;Asciutto;Asfaltata;Verticale ed orizzontale;Sereno;Normale;Buona;;1;0;0;4;12.5189;41.8861;-1;1;Autovettura privata;In marcia / fermata / arresto;Passeggero;M;Illeso;0;;Non accertato;Inesploso
5563709;9;26/08/2021 16:15:00;Strada Urbana;VIA VOGHERA;all'intersezione con;VIA FOLIGNO;VIA FOLIGNO;;;Scontro frontale/laterale DX fra veicoli in marcia;Intersezione stradale segnalata;Una carreggiata a doppio senso;Asciutto;Asfaltata;Verticale ed orizzontale;Sereno;Normale;Buona;;1;0;0;4;12.5189;41.8861;-1;2;Autovettura privata;In marcia / fermata / arresto;Conducente;M;Rimandato;0;NON DECEDUTO;Non accertato;Esploso
5563724;12;26/08/2021 11:30:00;Provinciale entro l'abitato;VIA ARDEATINA;da specificare;;;;direzione Falcognana prossimit via della Raganella;Scontro laterale fra veicoli in marcia;Curva a visuale libera;Una carreggiata a doppio senso;Asciutto;Strada pavimentata dissestata;Verticale ed orizzontale;Sereno;Normale;Buona;;0;0;0;3;12.5368;41.7952;-1;1;Autocarro inferiore 35 q.;In marcia / fermata / arresto;Conducente;M;Illeso;0;;;
5563724;12;26/08/2021 11:30:00;Provinciale entro l'abitato;VIA ARDEATINA;da specificare;;;;direzione Falcognana prossimit via della Raganella;Scontro laterale fra veicoli in marcia;Curva a visuale libera;Una carreggiata a doppio senso;Asciutto;Strada pavimentata dissestata;Verticale ed orizzontale;Sereno;Normale;Buona;;0;0;0;3;12.5368;41.7952;-1;2;Autovettura privata;In marcia / fermata / arresto;Conducente;M;Illeso;0;;;
5563724;12;26/08/2021 11:30:00;Provinciale entro l'abitato;VIA ARDEATINA;da specificare;;;;direzione Falcognana prossimit via della Raganella;Scontro laterale fra veicoli in marcia;Curva a visuale libera;Una carreggiata a doppio senso;Asciutto;Strada pavimentata dissestata;Verticale ed orizzontale;Sereno;Normale;Buona;;0;0;0;3;12.5368;41.7952;-1;3;Autoarticolato;In marcia / fermata / arresto;Conducente;M;Illeso;0;;Non accertato;
5563730;12;26/08/2021 03:40:00;Comunale extraurbana;VIA CRISTOFORO COLOMBO;in corrispondenza;;della chilometrica;16.4;;Tamponamento Multiplo;Curva a visuale libera;Due carreggiate;Bagnato (umidit� in atto);Asfaltata;Verticale ed orizzontale;Nuvoloso;Scarso;Insufficiente;;1;0;0;4;12.4536;41.8089;-1;1;Autovettura privata;In marcia / fermata / arresto;Conducente;M;Illeso;0;;Utilizzato;Inesploso
5563730;12;26/08/2021 03:40:00;Comunale extraurbana;VIA CRISTOFORO COLOMBO;in corrispondenza;;della chilometrica;16.4;;Tamponamento Multiplo;Curva a visuale libera;Due carreggiate;Bagnato (umidit� in atto);Asfaltata;Verticale ed orizzontale;Nuvoloso;Scarso;Insufficiente;;1;0;0;4;12.4536;41.8089;-1;1;Autovettura privata;In marcia / fermata / arresto;Passeggero;M;Illeso;0;;Utilizzato;Inesploso
5563730;12;26/08/2021 03:40:00;Comunale extraurbana;VIA CRISTOFORO COLOMBO;in corrispondenza;;della chilometrica;16.4;;Tamponamento Multiplo;Curva a visuale libera;Due carreggiate;Bagnato (umidit� in atto);Asfaltata;Verticale ed orizzontale;Nuvoloso;Scarso;Insufficiente;;1;0;0;4;12.4536;41.8089;-1;2;Autovettura privata;In marcia / fermata / arresto;Conducente;M;Illeso;0;;Utilizzato;Inesploso
5563730;12;26/08/2021 03:40:00;Comunale extraurbana;VIA CRISTOFORO COLOMBO;in corrispondenza;;della chilometrica;16.4;;Tamponamento Multiplo;Curva a visuale libera;Due carreggiate;Bagnato (umidit� in atto);Asfaltata;Verticale ed orizzontale;Nuvoloso;Scarso;Insufficiente;;1;0;0;4;12.4536;41.8089;-1;2;Autovettura privata;In marcia / fermata / arresto;Passeggero;F;Rimandato;0;NON DECEDUTO;Utilizzato;Inesploso
5563730;12;26/08/2021 03:40:00;Comunale extraurbana;VIA CRISTOFORO COLOMBO;in corrispondenza;;della chilometrica;16.4;;Tamponamento Multiplo;Curva a visuale libera;Due carreggiate;Bagnato (umidit� in atto);Asfaltata;Verticale ed orizzontale;Nuvoloso;Scarso;Insufficiente;;1;0;0;4;12.4536;41.8089;-1;3;Autovettura privata;In marcia / fermata / arresto;Conducente;M;Illeso;0;;Utilizzato;Inesploso
5563737;9;26/08/2021 22:30:00;Strada Urbana;VIA APPIA NUOVA;all'intersezione semaforizzata con;VIA MONTE ALBINO;VIA MONTE ALBINO;;;Tamponamento;Intersezione semaforizzata;Due carreggiate;Asciutto;Asfaltata;Verticale ed orizzontale;Sereno;Normale;Sufficiente;;0;0;0;2;12.5368;41.8572;-1;1;Autovettura privata;In marcia / fermata / arresto;Conducente;M;Illeso;0;;Non accertato;Esploso
5563737;9;26/08/2021 22:30:00;Strada Urbana;VIA APPIA NUOVA;all'intersezione semaforizzata con;VIA MONTE ALBINO;VIA MONTE ALBINO;;;Tamponamento;Intersezione semaforizzata;Due carreggiate;Asciutto;Asfaltata;Verticale ed orizzontale;Sereno;Normale;Sufficiente;;0;0;0;2;12.5368;41.8572;-1;2;Autovettura privata;In marcia / fermata / arresto;Conducente;M;Illeso;0;;Non accertato;Inesploso
5563746;12;27/08/2021 08:45:00;Strada Urbana;VIALE CITTA' D'EUROPA;all'intersezione con;VIALE DELL'OCEANO PACIFICO;VIALE DELL'OCEANO PACIFICO;;;Scontro frontale/laterale DX fra veicoli in marcia;Incrocio;Una carreggiata a doppio senso;Asciutto;Asfaltata;Verticale ed orizzontale;Sereno;Normale;Buona;;0;0;0;2;12.4596;41.8171;-1;1;Motociclo con passeggero;In marcia / fermata / arresto;Conducente;M;Illeso;0;;Utilizzato;
5563746;12;27/08/2021 08:45:00;Strada Urbana;VIALE CITTA' D'EUROPA;all'intersezione con;VIALE DELL'OCEANO PACIFICO;VIALE DELL'OCEANO PACIFICO;;;Scontro frontale/laterale DX fra veicoli in marcia;Incrocio;Una carreggiata a doppio senso;Asciutto;Asfaltata;Verticale ed orizzontale;Sereno;Normale;Buona;;0;0;0;2;12.4596;41.8171;-1;2;Altro;In marcia / fermata / arresto;Conducente;M;Illeso;0;;Utilizzato;Inesploso