Protocollo;Gruppo;DataOraIncidente;Localizzazione1;STRADA1;Localizzazione2;STRADA2;Strada02;Chilometrica;DaSpecificare;NaturaIncidente;particolaritastrade;TipoStrada;FondoStradale;Pavimentazione;Segnaletica;CondizioneAtmosferica;Traffico;Visibilita;Illuminazione;NUM_FERITI;NUM_RISERVATA;NUM_MORTI;NUM_ILLESI;Longitudine;Latitudine;Confermato;Progressivo;TipoVeicolo;StatoVeicolo;TipoPersona;Sesso;Tipolesione;Deceduto;DecedutoDopo;CinturaCascoUtilizzato;Airbag;
5564423;11;28/08/2021 05:00:00;Strada Urbana;VIA OSTIENSE;all'intersezione semaforizzata con;CIRCONVALLAZIONE OSTIENSE;CIRCONVALLAZIONE OSTIENSE;;;Scontro frontale/laterale DX fra veicoli in marcia;Intersezione semaforizzata;Pi� di due carreggiate;Asciutto;Asfaltata;Verticale ed orizzontale;Sereno;Scarso;Sufficiente;;4;0;1;0;12.4796;41.8678;0;1;Autovettura privata;In marcia / fermata / arresto;Passeggero;F;Rifiuta cure immediate;0;NON DECEDUTO;;
5564423;11;28/08/2021 05:00:00;Strada Urbana;VIA OSTIENSE;all'intersezione semaforizzata con;CIRCONVALLAZIONE OSTIENSE;CIRCONVALLAZIONE OSTIENSE;;;Scontro frontale/laterale DX fra veicoli in marcia;Intersezione semaforizzata;Pi� di due carreggiate;Asciutto;Asfaltata;Verticale ed orizzontale;Sereno;Scarso;Sufficiente;;4;0;1;0;12.4796;41.8678;0;1;Autovettura privata;In marcia / fermata / arresto;Passeggero;F;Rifiuta cure immediate;0;NON DECEDUTO;;
5564423;11;28/08/2021 05:00:00;Strada Urbana;VIA OSTIENSE;all'intersezione semaforizzata con;CIRCONVALLAZIONE OSTIENSE;CIRCONVALLAZIONE OSTIENSE;;;Scontro frontale/laterale DX fra veicoli in marcia;Intersezione semaforizzata;Pi� di due carreggiate;Asciutto;Asfaltata;Verticale ed orizzontale;Sereno;Scarso;Sufficiente;;4;0;1;0;12.4796;41.8678;0;2;Ciclomotore;In marcia / fermata / arresto;Conducente;M;Deceduto sul posto;-1;;;
5564461;15;27/08/2021 16:20:00;Comunale extraurbana;VIA DELLA PISANA;in corrispondenza;;del palo luce n.;275;;Scontro laterale fra veicoli in marcia;Rettilineo;Una carreggiata a doppio senso;Asciutto;Asfaltata;Orizzontale;Sereno;Normale;Buona;;0;0;0;2;12.389;41.8577;-1;1;Autocarro inferiore 35 q.;In marcia / fermata / arresto;Conducente;M;Illeso;0;;Non accertato;Inesploso
5564461;15;27/08/2021 16:20:00;Comunale extraurbana;VIA DELLA PISANA;in corrispondenza;;del palo luce n.;275;;Scontro laterale fra veicoli in marcia;Rettilineo;Una carreggiata a doppio senso;Asciutto;Asfaltata;Orizzontale;Sereno;Normale;Buona;;0;0;0;2;12.389;41.8577;-1;2;Autovettura privata;In marcia / fermata / arresto;Conducente;F;Illeso;0;;Non accertato;Inesploso
5564574;7;28/08/2021 13:45:00;Strada Urbana;VIA PRENESTINA;all'intersezione semaforizzata con;VIALE PALMIRO TOGLIATTI;VIALE PALMIRO TOGLIATTI;;;Scontro frontale/laterale DX fra veicoli in marcia;Intersezione semaforizzata;Due carreggiate;Asciutto;Asfaltata;Verticale ed orizzontale;Nuvoloso;Scarso;Buona;;1;0;0;1;12.575;41.8949;-1;1;Ciclomotore;In marcia / fermata / arresto;Conducente;M;Rimandato;0;NON DECEDUTO;;
5564574;7;28/08/2021 13:45:00;Strada Urbana;VIA PRENESTINA;all'intersezione semaforizzata con;VIALE PALMIRO TOGLIATTI;VIALE PALMIRO TOGLIATTI;;;Scontro frontale/laterale DX fra veicoli in marcia;Intersezione semaforizzata;Due carreggiate;Asciutto;Asfaltata;Verticale ed orizzontale;Nuvoloso;Scarso;Buona;;1;0;0;1;12.575;41.8949;-1;2;Autovettura privata;In marcia / fermata / arresto;Conducente;F;Illeso;0;;Non accertato;Inesploso
5564600;18;28/08/2021 14:45:00;Strada Urbana;VIA DI BOCCEA;in corrispondenza;;del civico n.;250;;Veicolo in marcia contro veicoli in sosta;Pendenza;Una carreggiata a doppio senso;Asciutto;Asfaltata;Verticale ed orizzontale;Sereno;Normale;Buona;;0;0;0;1;12.4196;41.9036;-1;1;Autovettura privata;Allontanatosi;;;;;;;
5564600;18;28/08/2021 14:45:00;Strada Urbana;VIA DI BOCCEA;in corrispondenza;;del civico n.;250;;Veicolo in marcia contro veicoli in sosta;Pendenza;Una carreggiata a doppio senso;Asciutto;Asfaltata;Verticale ed orizzontale;Sereno;Normale;Buona;;0;0;0;1;12.4196;41.9036;-1;2;Ciclomotore;In marcia / fermata / arresto;Conducente;M;Illeso;0;;Non accertato;
5564600;18;28/08/2021 14:45:00;Strada Urbana;VIA DI BOCCEA;in corrispondenza;;del civico n.;250;;Veicolo in marcia contro veicoli in sosta;Pendenza;Una carreggiata a doppio senso;Asciutto;Asfaltata;Verticale ed orizzontale;Sereno;Normale;Buona;;0;0;0;1;12.4196;41.9036;-1;3;Autovettura privata;Sosta;;;;;;;
5564633;15;28/08/2021 13:30:00;Strada Urbana;VIA DEL MONTE DELLE CAPRE;in prossimit�;;del civico n.;57;;Tamponamento;Rettilineo;Una carreggiata a doppio senso;Asciutto;Asfaltata;Verticale;Sereno;Scarso;Buona;;0;0;0;2;12.4289;41.8449;-1;1;Autovettura privata;In marcia / fermata / arresto;Conducente;M;Illeso;0;;Non accertato;Inesploso
5564633;15;28/08/2021 13:30:00;Strada Urbana;VIA DEL MONTE DELLE CAPRE;in prossimit�;;del civico n.;57;;Tamponamento;Rettilineo;Una carreggiata a doppio senso;Asciutto;Asfaltata;Verticale;Sereno;Scarso;Buona;;0;0;0;2;12.4289;41.8449;-1;2;Motociclo a solo;In marcia / fermata / arresto;Conducente;M;Illeso;0;;Non accertato;
5564665;10;28/08/2021 01:05:00;Strada Urbana;VIA TORRE DI MEZZAVIA;in corrispondenza;;del civico n.;39;;Investimento di pedone;Rettilineo;Una carreggiata a doppio senso;Asciutto;Asfaltata;Verticale ed orizzontale;Sereno;Scarso;Sufficiente;;4;0;0;1;12.5946;41.8381;-1;;;;Pedone;F;Rimandato;0;NON DECEDUTO;;
5564665;10;28/08/2021 01:05:00;Strada Urbana;VIA TORRE DI MEZZAVIA;in corrispondenza;;del civico n.;39;;Investimento di pedone;Rettilineo;Una carreggiata a doppio senso;Asciutto;Asfaltata;Verticale ed orizzontale;Sereno;Scarso;Sufficiente;;4;0;0;1;12.5946;41.8381;-1;;;;Pedone;F;Rimandato;0;NON DECEDUTO;;
5564665;10;28/08/2021 01:05:00;Strada Urbana;VIA TORRE DI MEZZAVIA;in corrispondenza;;del civico n.;39;;Investimento di pedone;Rettilineo;Una carreggiata a doppio senso;Asciutto;Asfaltata;Verticale ed orizzontale;Sereno;Scarso;Sufficiente;;4;0;0;1;12.5946;41.8381;-1;;;;Pedone;F;Ricoverato;0;NON DECEDUTO;;
5564665;10;28/08/2021 01:05:00;Strada Urbana;VIA TORRE DI MEZZAVIA;in corrispondenza;;del civico n.;39;;Investimento di pedone;Rettilineo;Una carreggiata a doppio senso;Asciutto;Asfaltata;Verticale ed orizzontale;Sereno;Scarso;Sufficiente;;4;0;0;1;12.5946;41.8381;-1;;;;Pedone;F;Rimandato;0;NON DECEDUTO;;
5564665;10;28/08/2021 01:05:00;Strada Urbana;VIA TORRE DI MEZZAVIA;in corrispondenza;;del civico n.;39;;Investimento di pedone;Rettilineo;Una carreggiata a doppio senso;Asciutto;Asfaltata;Verticale ed orizzontale;Sereno;Scarso;Sufficiente;;4;0;0;1;12.5946;41.8381;-1;1;Autovettura privata;In marcia / fermata / arresto;Conducente;M;Illeso;0;;Non accertato;Inesploso
5564676;10;27/08/2021 17:45:00;Strada Urbana;VIA APPIA PIGNATELLI;all'intersezione con;VIA ERODE ATTICO;VIA ERODE ATTICO;;;Scontro laterale fra veicoli in marcia;Intersezione semaforizzata;Una carreggiata a doppio senso;Asciutto;Asfaltata;Verticale ed orizzontale;Sereno;Normale;Buona;;1;0;0;1;12.5457;41.8396;-1;1;Autovettura privata;In marcia / fermata / arresto;Conducente;M;Illeso;0;;Non accertato;Inesploso
5564676;10;27/08/2021 17:45:00;Strada Urbana;VIA APPIA PIGNATELLI;all'intersezione con;VIA ERODE ATTICO;VIA ERODE ATTICO;;;Scontro laterale fra veicoli in marcia;Intersezione semaforizzata;Una carreggiata a doppio senso;Asciutto;Asfaltata;Verticale ed orizzontale;Sereno;Normale;Buona;;1;0;0;1;12.5457;41.8396;-1;2;Motociclo a solo;In marcia / fermata / arresto;Conducente;M;Rimandato;0;NON DECEDUTO;Non accertato;
5564757;9;28/08/2021 02:30:00;Strada Urbana;VIA APPIA NUOVA;da specificare;;;;fronte VIA PIZZO DI CALABRIA;Veicolo in marcia contro ostacolo fisso;Rettilineo;Pi� di due carreggiate;Asciutto;Asfaltata;Verticale ed orizzontale;Sereno;Scarso;Buona;;1;0;0;0;12.5613;41.825;-1;1;Autovettura privata;In marcia / fermata / arresto;Conducente;M;Rimandato;0;NON DECEDUTO;Non accertato;Inesploso
5564765;9;28/08/2021 06:30:00;Strada Urbana;PIAZZA DI PONTE LUNGO;in prossimit�;;del civico n.;2;;Scontro laterale fra veicoli in marcia;Rettilineo;Due carreggiate;Asciutto;Asfaltata;Verticale ed orizzontale;Sereno;Scarso;Buona;;0;0;0;3;12.519;41.8772;-1;1;Autocarro inferiore 35 q.;In marcia / fermata / arresto;Conducente;M;Illeso;0;;Non accertato;Inesploso
5564765;9;28/08/2021 06:30:00;Strada Urbana;PIAZZA DI PONTE LUNGO;in prossimit�;;del civico n.;2;;Scontro laterale fra veicoli in marcia;Rettilineo;Due carreggiate;Asciutto;Asfaltata;Verticale ed orizzontale;Sereno;Scarso;Buona;;0;0;0;3;12.519;41.8772;-1;1;Autocarro inferiore 35 q.;In marcia / fermata / arresto;Passeggero;M;Illeso;0;;Non accertato;Inesploso
5564765;9;28/08/2021 06:30:00;Strada Urbana;PIAZZA DI PONTE LUNGO;in prossimit�;;del civico n.;2;;Scontro laterale fra veicoli in marcia;Rettilineo;Due carreggiate;Asciutto;Asfaltata;Verticale ed orizzontale;Sereno;Scarso;Buona;;0;0;0;3;12.519;41.8772;-1;2;Autovettura privata;In marcia / fermata / arresto;Conducente;M;Illeso;0;;Non accertato;Inesploso
5564806;18;28/08/2021 18:20:00;Strada Urbana;CIRCONVALLAZIONE CORNELIA;in corrispondenza;;del civico n.;129;;Veicolo in marcia contro veicolo in sosta;Rettilineo;Due carreggiate;Asciutto;Asfaltata;Verticale ed orizzontale;Sereno;Normale;Buona;;1;0;0;0;12.4251;41.9031;-1;1;Autovettura privata;In marcia / fermata / arresto;Conducente;M;Rimandato;0;NON DECEDUTO;Non accertato;Inesploso
5564806;18;28/08/2021 18:20:00;Strada Urbana;CIRCONVALLAZIONE CORNELIA;in corrispondenza;;del civico n.;129;;Veicolo in marcia contro veicolo in sosta;Rettilineo;Due carreggiate;Asciutto;Asfaltata;Verticale ed orizzontale;Sereno;Normale;Buona;;1;0;0;0;12.4251;41.9031;-1;2;Autovettura privata;Sosta;;;;;;;
5565042;1;28/08/2021 03:05:00;Strada Urbana;VIA BONCOMPAGNI;all'intersezione con;VIA PIEMONTE;VIA PIEMONTE;;;Scontro laterale fra veicoli in marcia;Intersezione semaforizzata;Una carreggiata a doppio senso;Asciutto;Asfaltata;Verticale ed orizzontale;Sereno;Scarso;Buona;;2;0;0;0;12.4936;41.9083;0;1;Monopattino elettrico;In marcia / fermata / arresto;Conducente;M;Rimandato;0;NON DECEDUTO;;
5565042;1;28/08/2021 03:05:00;Strada Urbana;VIA BONCOMPAGNI;all'intersezione con;VIA PIEMONTE;VIA PIEMONTE;;;Scontro laterale fra veicoli in marcia;Intersezione semaforizzata;Una carreggiata a doppio senso;Asciutto;Asfaltata;Verticale ed orizzontale;Sereno;Scarso;Buona;;2;0;0;0;12.4936;41.9083;0;1;Monopattino elettrico;In marcia / fermata / arresto;Passeggero;F;Rimandato;0;NON DECEDUTO;;
5565042;1;28/08/2021 03:05:00;Strada Urbana;VIA BONCOMPAGNI;all'intersezione con;VIA PIEMONTE;VIA PIEMONTE;;;Scontro laterale fra veicoli in marcia;Intersezione semaforizzata;Una carreggiata a doppio senso;Asciutto;Asfaltata;Verticale ed orizzontale;Sereno;Scarso;Buona;;2;0;0;0;12.4936;41.9083;0;2;Autovettura privata;Allontanatosi;;;;;;;
5565114;1;28/08/2021 15:25:00;Strada Urbana;PIAZZA DI SPAGNA;in prossimit�;;del civico n.;57;;Investimento di pedone;Rettilineo;Una carreggiata a doppio senso;Asciutto;In cubetti di porfido;Verticale ed orizzontale;Nuvoloso;Normale;Buona;;0;0;0;2;12.483;41.9049;-1;;;;Pedone;F;Illeso;0;;;
5565114;1;28/08/2021 15:25:00;Strada Urbana;PIAZZA DI SPAGNA;in prossimit�;;del civico n.;57;;Investimento di pedone;Rettilineo;Una carreggiata a doppio senso;Asciutto;In cubetti di porfido;Verticale ed orizzontale;Nuvoloso;Normale;Buona;;0;0;0;2;12.483;41.9049;-1;1;Monopattino elettrico;In marcia / fermata / arresto;Conducente;M;Illeso;0;;;
5565121;13;28/08/2021 09:25:00;Strada Urbana;VIA DI ACILIA;all'intersezione con;PIAZZA S. LEONARDO DA PORTO MAURIZIO;PIAZZA S. LEONARDO DA PORTO MAURIZIO;;;Scontro laterale fra veicoli in marcia;Incrocio;Una carreggiata a doppio senso;Asciutto;Asfaltata;Verticale;Nebbia;Intenso;Buona;;0;0;0;3;12.368;41.7792;0;1;Autovettura privata;In marcia / fermata / arresto;Conducente;F;Illeso;0;;;
5565121;13;28/08/2021 09:25:00;Strada Urbana;VIA DI ACILIA;all'intersezione con;PIAZZA S. LEONARDO DA PORTO MAURIZIO;PIAZZA S. LEONARDO DA PORTO MAURIZIO;;;Scontro laterale fra veicoli in marcia;Incrocio;Una carreggiata a doppio senso;Asciutto;Asfaltata;Verticale;Nebbia;Intenso;Buona;;0;0;0;3;12.368;41.7792;0;2;Autovettura privata;In marcia / fermata / arresto;Conducente;M;Illeso;0;;;
5565121;13;28/08/2021 09:25:00;Strada Urbana;VIA DI ACILIA;all'intersezione con;PIAZZA S. LEONARDO DA PORTO MAURIZIO;PIAZZA S. LEONARDO DA PORTO MAURIZIO;;;Scontro laterale fra veicoli in marcia;Incrocio;Una carreggiata a doppio senso;Asciutto;Asfaltata;Verticale;Nebbia;Intenso;Buona;;0;0;0;3;12.368;41.7792;0;2;Autovettura privata;In marcia / fermata / arresto;Passeggero;F;Illeso;0;;Non accertato;Inesploso
5565122;1;28/08/2021 23:20:00;Strada Urbana;VIA FILIPPO TURATI;in corrispondenza;;del civico n.;114;;Scontro laterale fra veicoli in marcia;Rettilineo;Una carreggiata a senso unico di marcia;Asciutto;Asfaltata;Verticale ed orizzontale;Sereno;Scarso;Sufficiente;;0;0;0;2;12.5046;41.8971;-1;1;Autovettura privata;In marcia / fermata / arresto;Conducente;M;Illeso;0;;;
5565122;1;28/08/2021 23:20:00;Strada Urbana;VIA FILIPPO TURATI;in corrispondenza;;del civico n.;114;;Scontro laterale fra veicoli in marcia;Rettilineo;Una carreggiata a senso unico di marcia;Asciutto;Asfaltata;Verticale ed orizzontale;Sereno;Scarso;Sufficiente;;0;0;0;2;12.5046;41.8971;-1;2;Autovettura privata;In marcia / fermata / arresto;Conducente;M;Illeso;0;;;
5565128;13;28/08/2021 11:25:00;Strada Urbana;VIA DI CASAL PALOCCO;da specificare;;;;altezza palo acea 96 dir via dei pescatori;Veicolo in marcia contro ostacolo fisso;Rettilineo;Due carreggiate;Asciutto;Asfaltata;Verticale ed orizzontale;Sereno;Normale;Buona;;1;0;0;0;12.3508;41.7541;-1;1;Autovettura privata;In marcia / fermata / arresto;Conducente;F;Rimandato;0;NON DECEDUTO;;
5565137;13;28/08/2021 11:45:00;;VIALE CAPITAN CASELLA;all'intersezione con;VIA ALESSANDRO D'ASTE;VIA ALESSANDRO D'ASTE;;;Scontro laterale fra veicoli in marcia;;;;;;;;;;0;0;0;3;;;0;1;Autovettura privata;In marcia / fermata / arresto;Conducente;M;Illeso;0;;;
5565137;13;28/08/2021 11:45:00;;VIALE CAPITAN CASELLA;all'intersezione con;VIA ALESSANDRO D'ASTE;VIA ALESSANDRO D'ASTE;;;Scontro laterale fra veicoli in marcia;;;;;;;;;;0;0;0;3;;;0;1;Autovettura privata;In marcia / fermata / arresto;Passeggero;F;Illeso;0;;;
5565137;13;28/08/2021 11:45:00;;VIALE CAPITAN CASELLA;all'intersezione con;VIA ALESSANDRO D'ASTE;VIA ALESSANDRO D'ASTE;;;Scontro laterale fra veicoli in marcia;;;;;;;;;;0;0;0;3;;;0;1;Autovettura privata;In marcia / fermata / arresto;Passeggero;F;Illeso;0;;;
5565137;13;28/08/2021 11:45:00;;VIALE CAPITAN CASELLA;all'intersezione con;VIA ALESSANDRO D'ASTE;VIA ALESSANDRO D'ASTE;;;Scontro laterale fra veicoli in marcia;;;;;;;;;;0;0;0;3;;;0;2;Autovettura privata;Allontanatosi;;;;;;;
5565155;23;29/08/2021 03:40:00;Strada Urbana;VIA DI ACILIA;all'intersezione con;VIA ANGELO CANEVARI;VIA ANGELO CANEVARI;;;Veicolo in marcia contro ostacolo fisso;Incrocio;Una carreggiata a doppio senso;Asciutto;Asfaltata;Verticale ed orizzontale;Sereno;Scarso;Buona;;0;0;0;1;12.3714;41.7737;-1;1;Autovettura privata;In marcia / fermata / arresto;Conducente;M;Illeso;0;;Non accertato;Esploso
5565159;13;28/08/2021 12:00:00;Strada Urbana;PIAZZA S. LEONARDO DA PORTO MAURIZIO;all'intersezione con;VIA DI ACILIA;VIA DI ACILIA;;;Scontro laterale fra veicoli in marcia;Incrocio;Una carreggiata a doppio senso;Asciutto;Asfaltata;Verticale;Sereno;Normale;Buona;;0;0;0;2;12.3653;41.7832;-1;1;Autovettura privata;In marcia / fermata / arresto;Conducente;M;Illeso;0;;;
5565159;13;28/08/2021 12:00:00;Strada Urbana;PIAZZA S. LEONARDO DA PORTO MAURIZIO;all'intersezione con;VIA DI ACILIA;VIA DI ACILIA;;;Scontro laterale fra veicoli in marcia;Incrocio;Una carreggiata a doppio senso;Asciutto;Asfaltata;Verticale;Sereno;Normale;Buona;;0;0;0;2;12.3653;41.7832;-1;2;Autovettura privata;In marcia / fermata / arresto;Conducente;M;Illeso;0;;Non accertato;Inesploso
5565175;11;29/08/2021 06:40:00;Strada Urbana;VIA OSTIENSE;all'intersezione semaforizzata con;VIA DEL PORTO FLUVIALE;VIA DEL PORTO FLUVIALE;;;Scontro laterale fra veicoli in marcia;Intersezione semaforizzata;Pi� di due carreggiate;Asciutto;Asfaltata;Verticale ed orizzontale;Sereno;Scarso;Buona;;0;0;0;5;12.4229;41.8109;-1;1;Autovettura privata;In marcia / fermata / arresto;Conducente;M;Illeso;0;;;
5565175;11;29/08/2021 06:40:00;Strada Urbana;VIA OSTIENSE;all'intersezione semaforizzata con;VIA DEL PORTO FLUVIALE;VIA DEL PORTO FLUVIALE;;;Scontro laterale fra veicoli in marcia;Intersezione semaforizzata;Pi� di due carreggiate;Asciutto;Asfaltata;Verticale ed orizzontale;Sereno;Scarso;Buona;;0;0;0;5;12.4229;41.8109;-1;1;Autovettura privata;In marcia / fermata / arresto;Passeggero;M;Illeso;0;;;
5565175;11;29/08/2021 06:40:00;Strada Urbana;VIA OSTIENSE;all'intersezione semaforizzata con;VIA DEL PORTO FLUVIALE;VIA DEL PORTO FLUVIALE;;;Scontro laterale fra veicoli in marcia;Intersezione semaforizzata;Pi� di due carreggiate;Asciutto;Asfaltata;Verticale ed orizzontale;Sereno;Scarso;Buona;;0;0;0;5;12.4229;41.8109;-1;2;Autovettura privata;In marcia / fermata / arresto;Conducente;M;Illeso;0;;;
5565175;11;29/08/2021 06:40:00;Strada Urbana;VIA OSTIENSE;all'intersezione semaforizzata con;VIA DEL PORTO FLUVIALE;VIA DEL PORTO FLUVIALE;;;Scontro laterale fra veicoli in marcia;Intersezione semaforizzata;Pi� di due carreggiate;Asciutto;Asfaltata;Verticale ed orizzontale;Sereno;Scarso;Buona;;0;0;0;5;12.4229;41.8109;-1;2;Autovettura privata;In marcia / fermata / arresto;Passeggero;M;Illeso;0;;;
5565175;11;29/08/2021 06:40:00;Strada Urbana;VIA OSTIENSE;all'intersezione semaforizzata con;VIA DEL PORTO FLUVIALE;VIA DEL PORTO FLUVIALE;;;Scontro laterale fra veicoli in marcia;Intersezione semaforizzata;Pi� di due carreggiate;Asciutto;Asfaltata;Verticale ed orizzontale;Sereno;Scarso;Buona;;0;0;0;5;12.4229;41.8109;-1;2;Autovettura privata;In marcia / fermata / arresto;Passeggero;M;Illeso;0;;;
5565190;1;16/08/2021 17:25:00;Strada Urbana;VIALE DI TRASTEVERE;all'intersezione con;VIA CARLO PORTA;VIA CARLO PORTA;;;Scontro frontale/laterale DX fra veicoli in marcia;Incrocio;Una carreggiata a doppio senso;Asciutto;Asfaltata;Verticale ed orizzontale;Sereno;Normale;Sufficiente;;1;0;0;3;12.4659;41.8757;-1;1;Autovettura privata;In marcia / fermata / arresto;Conducente;F;Illeso;0;;;
5565190;1;16/08/2021 17:25:00;Strada Urbana;VIALE DI TRASTEVERE;all'intersezione con;VIA CARLO PORTA;VIA CARLO PORTA;;;Scontro frontale/laterale DX fra veicoli in marcia;Incrocio;Una carreggiata a doppio senso;Asciutto;Asfaltata;Verticale ed orizzontale;Sereno;Normale;Sufficiente;;1;0;0;3;12.4659;41.8757;-1;1;Autovettura privata;In marcia / fermata / arresto;Passeggero;F;Illeso;0;;;
5565190;1;16/08/2021 17:25:00;Strada Urbana;VIALE DI TRASTEVERE;all'intersezione con;VIA CARLO PORTA;VIA CARLO PORTA;;;Scontro frontale/laterale DX fra veicoli in marcia;Incrocio;Una carreggiata a doppio senso;Asciutto;Asfaltata;Verticale ed orizzontale;Sereno;Normale;Sufficiente;;1;0;0;3;12.4659;41.8757;-1;2;Monopattino elettrico;In marcia / fermata / arresto;Conducente;F;Rimandato;0;NON DECEDUTO;;
5565190;1;16/08/2021 17:25:00;Strada Urbana;VIALE DI TRASTEVERE;all'intersezione con;VIA CARLO PORTA;VIA CARLO PORTA;;;Scontro frontale/laterale DX fra veicoli in marcia;Incrocio;Una carreggiata a doppio senso;Asciutto;Asfaltata;Verticale ed orizzontale;Sereno;Normale;Sufficiente;;1;0;0;3;12.4659;41.8757;-1;2;Monopattino elettrico;In marcia / fermata / arresto;Passeggero;F;Illeso;0;;;
5565211;13;28/08/2021 17:20:00;Strada Urbana;VIA OSTIENSE;in corrispondenza;;del civico n.;2189;;Scontro frontale/laterale SX fra veicoli in marcia;Rettilineo;Una carreggiata a doppio senso;Asciutto;Asfaltata;Verticale ed orizzontale;Sereno;Normale;Buona;;1;0;0;1;12.3227;41.7689;-1;1;Autovettura privata;In marcia / fermata / arresto;Conducente;M;Illeso;0;;Non accertato;Inesploso
5565211;13;28/08/2021 17:20:00;Strada Urbana;VIA OSTIENSE;in corrispondenza;;del civico n.;2189;;Scontro frontale/laterale SX fra veicoli in marcia;Rettilineo;Una carreggiata a doppio senso;Asciutto;Asfaltata;Verticale ed orizzontale;Sereno;Normale;Buona;;1;0;0;1;12.3227;41.7689;-1;2;Motociclo a solo;In marcia / fermata / arresto;Conducente;M;Rimandato;0;NON DECEDUTO;Non accertato;
5565223;13;28/08/2021 22:15:00;Strada Urbana;VIA OSTIENSE;da specificare;;;;altezza ingresso Chiesa Ortodossa;Scontro laterale fra veicoli in marcia;Rettilineo;Una carreggiata a doppio senso;Asciutto;Asfaltata;Verticale ed orizzontale;Sereno;Normale;Insufficiente;;0;0;0;5;12.3906;41.7932;-1;1;Autovettura privata;In marcia / fermata / arresto;Conducente;M;Illeso;0;;;
5565223;13;28/08/2021 22:15:00;Strada Urbana;VIA OSTIENSE;da specificare;;;;altezza ingresso Chiesa Ortodossa;Scontro laterale fra veicoli in marcia;Rettilineo;Una carreggiata a doppio senso;Asciutto;Asfaltata;Verticale ed orizzontale;Sereno;Normale;Insufficiente;;0;0;0;5;12.3906;41.7932;-1;1;Autovettura privata;In marcia / fermata / arresto;Passeggero;F;Illeso;0;;;
5565223;13;28/08/2021 22:15:00;Strada Urbana;VIA OSTIENSE;da specificare;;;;altezza ingresso Chiesa Ortodossa;Scontro laterale fra veicoli in marcia;Rettilineo;Una carreggiata a doppio senso;Asciutto;Asfaltata;Verticale ed orizzontale;Sereno;Normale;Insufficiente;;0;0;0;5;12.3906;41.7932;-1;1;Autovettura privata;In marcia / fermata / arresto;Passeggero;F;Illeso;0;;;
5565223;13;28/08/2021 22:15:00;Strada Urbana;VIA OSTIENSE;da specificare;;;;altezza ingresso Chiesa Ortodossa;Scontro laterale fra veicoli in marcia;Rettilineo;Una carreggiata a doppio senso;Asciutto;Asfaltata;Verticale ed orizzontale;Sereno;Normale;Insufficiente;;0;0;0;5;12.3906;41.7932;-1;2;Autovettura privata;In marcia / fermata / arresto;Conducente;M;Illeso;0;;;
5565223;13;28/08/2021 22:15:00;Strada Urbana;VIA OSTIENSE;da specificare;;;;altezza ingresso Chiesa Ortodossa;Scontro laterale fra veicoli in marcia;Rettilineo;Una carreggiata a doppio senso;Asciutto;Asfaltata;Verticale ed orizzontale;Sereno;Normale;Insufficiente;;0;0;0;5;12.3906;41.7932;-1;2;Autovettura privata;In marcia / fermata / arresto;Passeggero;M;Illeso;0;;;
5565240;13;28/08/2021 15:45:00;Strada Urbana;VIA COSTANZO CASANA;in corrispondenza;;del civico n.;200;;Tamponamento;Rettilineo;Una carreggiata a doppio senso;Asciutto;Asfaltata;Verticale ed orizzontale;Sereno;Normale;Buona;;1;0;0;1;12.2681;41.739;-1;1;Motociclo a solo;In marcia / fermata / arresto;Conducente;M;Rimandato;0;NON DECEDUTO;;
5565240;13;28/08/2021 15:45:00;Strada Urbana;VIA COSTANZO CASANA;in corrispondenza;;del civico n.;200;;Tamponamento;Rettilineo;Una carreggiata a doppio senso;Asciutto;Asfaltata;Verticale ed orizzontale;Sereno;Normale;Buona;;1;0;0;1;12.2681;41.739;-1;2;Autovettura privata;In marcia / fermata / arresto;Conducente;M;Illeso;0;;;
5565248;13;28/08/2021 14:20:00;Strada Urbana;VIA DI SAPONARA;in corrispondenza;;del civico n.;709;;Scontro laterale fra veicoli in marcia;Rettilineo;Una carreggiata a doppio senso;Asciutto;Asfaltata;Orizzontale;Sereno;Normale;Sufficiente;;0;0;0;2;12.3323;41.7695;-1;1;Autovettura privata;In marcia / fermata / arresto;Conducente;F;Illeso;0;;;
5565248;13;28/08/2021 14:20:00;Strada Urbana;VIA DI SAPONARA;in corrispondenza;;del civico n.;709;;Scontro laterale fra veicoli in marcia;Rettilineo;Una carreggiata a doppio senso;Asciutto;Asfaltata;Orizzontale;Sereno;Normale;Sufficiente;;0;0;0;2;12.3323;41.7695;-1;2;Autovettura privata;In marcia / fermata / arresto;Conducente;F;Illeso;0;;;
5565255;13;29/08/2021 00:40:00;Strada Urbana;VIA ISOLE SALOMONE;da specificare;;;;prossimit� via delle Azzorre;Scontro laterale fra veicoli in marcia;Rettilineo;Una carreggiata a doppio senso;Asciutto;Asfaltata;Orizzontale;Sereno;Scarso;Buona;;0;0;0;3;12.2759;41.7417;-1;1;Autovettura privata;In marcia / fermata / arresto;Conducente;M;Illeso;0;;;
5565255;13;29/08/2021 00:40:00;Strada Urbana;VIA ISOLE SALOMONE;da specificare;;;;prossimit� via delle Azzorre;Scontro laterale fra veicoli in marcia;Rettilineo;Una carreggiata a doppio senso;Asciutto;Asfaltata;Orizzontale;Sereno;Scarso;Buona;;0;0;0;3;12.2759;41.7417;-1;2;Autovettura privata;In marcia / fermata / arresto;Conducente;M;Illeso;0;;;