Protocollo;Gruppo;DataOraIncidente;Localizzazione1;STRADA1;Localizzazione2;STRADA2;Strada02;Chilometrica;DaSpecificare;NaturaIncidente;particolaritastrade;TipoStrada;FondoStradale;Pavimentazione;Segnaletica;CondizioneAtmosferica;Traffico;Visibilita;Illuminazione;NUM_FERITI;NUM_RISERVATA;NUM_MORTI;NUM_ILLESI;Longitudine;Latitudine;Confermato;Progressivo;TipoVeicolo;StatoVeicolo;TipoPersona;Sesso;Tipolesione;Deceduto;DecedutoDopo;CinturaCascoUtilizzato;Airbag;
5565900;13;29/08/2021 08:50:00;Strada Urbana;VIA MARCELLO PUCCI BONCAMBI;all'intersezione con;VIA ARDUINO FORGIARINI;VIA ARDUINO FORGIARINI;;;Investimento di pedone;Incrocio;Una carreggiata a doppio senso;Asciutto;Asfaltata;Verticale ed orizzontale;Sereno;Normale;Sufficiente;;1;0;0;1;12.2659;41.7365;-1;;;;Pedone;F;Rimandato;0;NON DECEDUTO;;
5565900;13;29/08/2021 08:50:00;Strada Urbana;VIA MARCELLO PUCCI BONCAMBI;all'intersezione con;VIA ARDUINO FORGIARINI;VIA ARDUINO FORGIARINI;;;Investimento di pedone;Incrocio;Una carreggiata a doppio senso;Asciutto;Asfaltata;Verticale ed orizzontale;Sereno;Normale;Sufficiente;;1;0;0;1;12.2659;41.7365;-1;1;Autovettura privata;In marcia / fermata / arresto;Conducente;M;Illeso;0;;Utilizzato;Inesploso
5565905;11;29/08/2021 15:25:00;Strada Urbana;VIA CRISTOFORO COLOMBO;da specificare;;;;prossimit� Piazza dei Navigatori;Veicolo in marcia contro ostacolo fisso;Rettilineo;Pi� di due carreggiate;Asciutto;Asfaltata;Verticale ed orizzontale;Sereno;Normale;Buona;;0;0;0;1;12.4985;41.8606;-1;1;Autovettura privata;In marcia / fermata / arresto;Conducente;F;Illeso;0;;;
5565913;19;29/08/2021 13:00:00;Strada Urbana;VIA DIANO MARINA;da specificare;;;;prossimit� di Via Cogoleto;Scontro frontale fra veicoli in marcia;Rettilineo;Una carreggiata a senso unico di marcia;Asciutto;Asfaltata;Verticale ed orizzontale;Sereno;Scarso;Buona;;0;0;0;2;12.423;41.927;-1;1;Autovettura privata;In marcia / fermata / arresto;Conducente;M;Illeso;0;;Non accertato;Inesploso
5565913;19;29/08/2021 13:00:00;Strada Urbana;VIA DIANO MARINA;da specificare;;;;prossimit� di Via Cogoleto;Scontro frontale fra veicoli in marcia;Rettilineo;Una carreggiata a senso unico di marcia;Asciutto;Asfaltata;Verticale ed orizzontale;Sereno;Scarso;Buona;;0;0;0;2;12.423;41.927;-1;2;Autovettura privata;In marcia / fermata / arresto;Conducente;M;Illeso;0;;Non accertato;Inesploso
5565916;8;27/08/2021 07:55:00;Strada Urbana;VIA PRENESTINA;in prossimit�;;del civico n.;1089 D;;Investimento di pedone;Rettilineo;Una carreggiata a doppio senso;Asciutto;Asfaltata;Verticale ed orizzontale;Sereno;Normale;Buona;;2;0;0;0;12.6174;41.8934;-1;;;;Pedone;M;Rifiuta cure immediate;0;NON DECEDUTO;;
5565916;8;27/08/2021 07:55:00;Strada Urbana;VIA PRENESTINA;in prossimit�;;del civico n.;1089 D;;Investimento di pedone;Rettilineo;Una carreggiata a doppio senso;Asciutto;Asfaltata;Verticale ed orizzontale;Sereno;Normale;Buona;;2;0;0;0;12.6174;41.8934;-1;1;Motociclo a solo;In marcia / fermata / arresto;Conducente;M;Rimandato;0;NON DECEDUTO;Non accertato;
5565917;13;28/08/2021 01:45:00;Strada Urbana;VIA CRISTOFORO COLOMBO;da specificare;;;;corsia laterale altezza Km 24,900 ;Fuoriuscita dalla sede stradale;Rettilineo;Una carreggiata a senso unico di marcia;Asciutto;Asfaltata;Verticale ed orizzontale;Sereno;Normale;Insufficiente;;2;0;0;0;12.4536;41.8089;-1;1;Motociclo con passeggero;In marcia / fermata / arresto;Conducente;M;Rimandato;0;NON DECEDUTO;Non accertato;
5565917;13;28/08/2021 01:45:00;Strada Urbana;VIA CRISTOFORO COLOMBO;da specificare;;;;corsia laterale altezza Km 24,900 ;Fuoriuscita dalla sede stradale;Rettilineo;Una carreggiata a senso unico di marcia;Asciutto;Asfaltata;Verticale ed orizzontale;Sereno;Normale;Insufficiente;;2;0;0;0;12.4536;41.8089;-1;1;Motociclo con passeggero;In marcia / fermata / arresto;Passeggero;M;Rimandato;0;NON DECEDUTO;Non accertato;
5565918;17;29/08/2021 14:05:00;Strada Urbana;PONTE UMBERTO I;da specificare;;;;in prossimit� di Lungotevere Marzio;Tamponamento Multiplo;Rettilineo;Due carreggiate;Asciutto;Asfaltata;Verticale ed orizzontale;Sereno;Normale;Buona;;1;0;0;2;12.4714;41.9025;-1;1;Autovettura privata;In marcia / fermata / arresto;Conducente;M;Illeso;0;;Non accertato;Inesploso
5565918;17;29/08/2021 14:05:00;Strada Urbana;PONTE UMBERTO I;da specificare;;;;in prossimit� di Lungotevere Marzio;Tamponamento Multiplo;Rettilineo;Due carreggiate;Asciutto;Asfaltata;Verticale ed orizzontale;Sereno;Normale;Buona;;1;0;0;2;12.4714;41.9025;-1;2;Autovettura pubblica;In marcia / fermata / arresto;Conducente;F;Rimandato;0;NON DECEDUTO;Non accertato;Inesploso
5565918;17;29/08/2021 14:05:00;Strada Urbana;PONTE UMBERTO I;da specificare;;;;in prossimit� di Lungotevere Marzio;Tamponamento Multiplo;Rettilineo;Due carreggiate;Asciutto;Asfaltata;Verticale ed orizzontale;Sereno;Normale;Buona;;1;0;0;2;12.4714;41.9025;-1;3;Autovettura privata;In marcia / fermata / arresto;Conducente;F;Illeso;0;;Non accertato;Inesploso
5565919;8;27/08/2021 18:00:00;Strada Urbana;VIA SANT'ELPIDIO A MARE;in prossimit�;;del civico n.;90;;Investimento di pedone;Rettilineo;Una carreggiata a doppio senso;Asciutto;Asfaltata;Orizzontale;Nuvoloso;Normale;Buona;;2;0;0;0;12.7272;41.9173;-1;;;;Pedone;M;Rimandato;0;NON DECEDUTO;;
5565919;8;27/08/2021 18:00:00;Strada Urbana;VIA SANT'ELPIDIO A MARE;in prossimit�;;del civico n.;90;;Investimento di pedone;Rettilineo;Una carreggiata a doppio senso;Asciutto;Asfaltata;Orizzontale;Nuvoloso;Normale;Buona;;2;0;0;0;12.7272;41.9173;-1;1;Autovettura privata;In marcia / fermata / arresto;Conducente;M;Rifiuta cure immediate;0;NON DECEDUTO;Non accertato;Inesploso
5565922;4;28/08/2021 13:20:00;Strada Urbana;VIA FRANCO SACCHETTI;in corrispondenza;;del civico n.;40;;Scontro laterale fra veicoli in marcia;Rettilineo;Una carreggiata a doppio senso;Bagnato (umidit� in atto);Asfaltata;Orizzontale;Nuvoloso;Normale;Buona;;0;0;0;2;12.5456;41.9492;-1;1;Autovettura privata;In marcia / fermata / arresto;Conducente;F;Illeso;0;;;
5565922;4;28/08/2021 13:20:00;Strada Urbana;VIA FRANCO SACCHETTI;in corrispondenza;;del civico n.;40;;Scontro laterale fra veicoli in marcia;Rettilineo;Una carreggiata a doppio senso;Bagnato (umidit� in atto);Asfaltata;Orizzontale;Nuvoloso;Normale;Buona;;0;0;0;2;12.5456;41.9492;-1;2;Autovettura privata;In marcia / fermata / arresto;Conducente;M;Illeso;0;;;
5565925;4;29/08/2021 09:55:00;Strada Urbana;VIA DEI PRATI FISCALI;all'intersezione con;VIA CAVRIGLIA;VIA CAVRIGLIA;;;Scontro frontale/laterale DX fra veicoli in marcia;Intersezione semaforizzata;Due carreggiate;Asciutto;Asfaltata;Verticale ed orizzontale;Sereno;Normale;Buona;;0;0;0;1;12.517;41.9464;-1;1;Motociclo a solo;In marcia / fermata / arresto;Conducente;M;Illeso;0;;Non accertato;
5565925;4;29/08/2021 09:55:00;Strada Urbana;VIA DEI PRATI FISCALI;all'intersezione con;VIA CAVRIGLIA;VIA CAVRIGLIA;;;Scontro frontale/laterale DX fra veicoli in marcia;Intersezione semaforizzata;Due carreggiate;Asciutto;Asfaltata;Verticale ed orizzontale;Sereno;Normale;Buona;;0;0;0;1;12.517;41.9464;-1;2;Autovettura privata;In marcia / fermata / arresto;;;;;;;
5565926;15;29/08/2021 13:15:00;Strada Urbana;VIA DELLA MAGLIANA;in corrispondenza;;del civico n.;254;;Investimento di pedone;Rettilineo;Una carreggiata a doppio senso;Asciutto;Asfaltata;Verticale ed orizzontale;Sereno;Scarso;Buona;;1;0;0;1;12.4572;41.8472;-1;;;;Pedone;M;Rimandato;0;NON DECEDUTO;;
5565926;15;29/08/2021 13:15:00;Strada Urbana;VIA DELLA MAGLIANA;in corrispondenza;;del civico n.;254;;Investimento di pedone;Rettilineo;Una carreggiata a doppio senso;Asciutto;Asfaltata;Verticale ed orizzontale;Sereno;Scarso;Buona;;1;0;0;1;12.4572;41.8472;-1;1;Autovettura privata;In marcia / fermata / arresto;Conducente;M;Illeso;0;;Non accertato;Inesploso
5565928;1;29/08/2021 20:10:00;Strada Urbana;PIAZZA DI S. PANTALEO;in prossimit�;;del civico n.;2;;Investimento di pedone;Rettilineo;Una carreggiata a senso unico di marcia;Asciutto;Asfaltata;Verticale ed orizzontale;Sereno;Scarso;Buona;;1;0;0;1;12.4726;41.8971;0;;;;Pedone;F;Rifiuta cure immediate;0;NON DECEDUTO;;
5565928;1;29/08/2021 20:10:00;Strada Urbana;PIAZZA DI S. PANTALEO;in prossimit�;;del civico n.;2;;Investimento di pedone;Rettilineo;Una carreggiata a senso unico di marcia;Asciutto;Asfaltata;Verticale ed orizzontale;Sereno;Scarso;Buona;;1;0;0;1;12.4726;41.8971;0;1;Ciclomotore;In marcia / fermata / arresto;Conducente;M;Illeso;0;;Non accertato;
5565929;20;29/08/2021 18:30:00;Strada Urbana;VIA CASSIA;da specificare;;;;altezza VIA GRADOLI;Scontro frontale/laterale SX fra veicoli in marcia;Rettilineo;Una carreggiata a doppio senso;Asciutto;Asfaltata;Orizzontale;Sereno;Normale;Buona;;0;0;0;2;12.4137;41.9828;-1;1;Autovettura privata;In marcia / fermata / arresto;Conducente;M;Illeso;0;;;
5565929;20;29/08/2021 18:30:00;Strada Urbana;VIA CASSIA;da specificare;;;;altezza VIA GRADOLI;Scontro frontale/laterale SX fra veicoli in marcia;Rettilineo;Una carreggiata a doppio senso;Asciutto;Asfaltata;Orizzontale;Sereno;Normale;Buona;;0;0;0;2;12.4137;41.9828;-1;2;Autovettura privata;In marcia / fermata / arresto;Conducente;M;Illeso;0;;;
5565946;10;28/08/2021 18:20:00;Strada Urbana;VIALE MARCO FULVIO NOBILIORE;all'intersezione con;VIA GIUSEPPE SALVIOLI;VIA GIUSEPPE SALVIOLI;;;Scontro frontale/laterale DX fra veicoli in marcia;Incrocio;Una carreggiata a senso unico di marcia;Asciutto;Asfaltata;Verticale ed orizzontale;Sereno;Normale;Buona;;3;0;0;2;12.5662;41.8607;-1;1;Autovettura privata;In marcia / fermata / arresto;Conducente;F;Rimandato;0;NON DECEDUTO;Non accertato;Inesploso
5565946;10;28/08/2021 18:20:00;Strada Urbana;VIALE MARCO FULVIO NOBILIORE;all'intersezione con;VIA GIUSEPPE SALVIOLI;VIA GIUSEPPE SALVIOLI;;;Scontro frontale/laterale DX fra veicoli in marcia;Incrocio;Una carreggiata a senso unico di marcia;Asciutto;Asfaltata;Verticale ed orizzontale;Sereno;Normale;Buona;;3;0;0;2;12.5662;41.8607;-1;1;Autovettura privata;In marcia / fermata / arresto;Passeggero;F;Illeso;0;;Non accertato;Inesploso
5565946;10;28/08/2021 18:20:00;Strada Urbana;VIALE MARCO FULVIO NOBILIORE;all'intersezione con;VIA GIUSEPPE SALVIOLI;VIA GIUSEPPE SALVIOLI;;;Scontro frontale/laterale DX fra veicoli in marcia;Incrocio;Una carreggiata a senso unico di marcia;Asciutto;Asfaltata;Verticale ed orizzontale;Sereno;Normale;Buona;;3;0;0;2;12.5662;41.8607;-1;1;Autovettura privata;In marcia / fermata / arresto;Passeggero;M;Illeso;0;;Non accertato;Inesploso
5565946;10;28/08/2021 18:20:00;Strada Urbana;VIALE MARCO FULVIO NOBILIORE;all'intersezione con;VIA GIUSEPPE SALVIOLI;VIA GIUSEPPE SALVIOLI;;;Scontro frontale/laterale DX fra veicoli in marcia;Incrocio;Una carreggiata a senso unico di marcia;Asciutto;Asfaltata;Verticale ed orizzontale;Sereno;Normale;Buona;;3;0;0;2;12.5662;41.8607;-1;2;Autovettura privata;In marcia / fermata / arresto;Conducente;M;Rimandato;0;NON DECEDUTO;Non accertato;Esploso
5565946;10;28/08/2021 18:20:00;Strada Urbana;VIALE MARCO FULVIO NOBILIORE;all'intersezione con;VIA GIUSEPPE SALVIOLI;VIA GIUSEPPE SALVIOLI;;;Scontro frontale/laterale DX fra veicoli in marcia;Incrocio;Una carreggiata a senso unico di marcia;Asciutto;Asfaltata;Verticale ed orizzontale;Sereno;Normale;Buona;;3;0;0;2;12.5662;41.8607;-1;2;Autovettura privata;In marcia / fermata / arresto;Passeggero;F;Rimandato;0;NON DECEDUTO;Non accertato;Esploso
5565947;20;28/08/2021 05:50:00;Regionale entro l'abitato;VIA CASSIA;in corrispondenza;;del civico n.;1747;;Veicolo in marcia contro veicolo in sosta;Rettilineo;Una carreggiata a doppio senso;Asciutto;Asfaltata;Orizzontale;Sereno;Scarso;Sufficiente;;0;0;0;3;12.3789;42.0086;-1;1;Autovettura privata;In marcia / fermata / arresto;Conducente;M;Illeso;0;;Non accertato;Esploso
5565947;20;28/08/2021 05:50:00;Regionale entro l'abitato;VIA CASSIA;in corrispondenza;;del civico n.;1747;;Veicolo in marcia contro veicolo in sosta;Rettilineo;Una carreggiata a doppio senso;Asciutto;Asfaltata;Orizzontale;Sereno;Scarso;Sufficiente;;0;0;0;3;12.3789;42.0086;-1;1;Autovettura privata;In marcia / fermata / arresto;Passeggero;M;Illeso;0;;Non accertato;Inesploso
5565947;20;28/08/2021 05:50:00;Regionale entro l'abitato;VIA CASSIA;in corrispondenza;;del civico n.;1747;;Veicolo in marcia contro veicolo in sosta;Rettilineo;Una carreggiata a doppio senso;Asciutto;Asfaltata;Orizzontale;Sereno;Scarso;Sufficiente;;0;0;0;3;12.3789;42.0086;-1;1;Autovettura privata;In marcia / fermata / arresto;Passeggero;M;Illeso;0;;Non accertato;Inesploso
5565947;20;28/08/2021 05:50:00;Regionale entro l'abitato;VIA CASSIA;in corrispondenza;;del civico n.;1747;;Veicolo in marcia contro veicolo in sosta;Rettilineo;Una carreggiata a doppio senso;Asciutto;Asfaltata;Orizzontale;Sereno;Scarso;Sufficiente;;0;0;0;3;12.3789;42.0086;-1;2;Autovettura privata;Sosta;;;;;;;
5565947;20;28/08/2021 05:50:00;Regionale entro l'abitato;VIA CASSIA;in corrispondenza;;del civico n.;1747;;Veicolo in marcia contro veicolo in sosta;Rettilineo;Una carreggiata a doppio senso;Asciutto;Asfaltata;Orizzontale;Sereno;Scarso;Sufficiente;;0;0;0;3;12.3789;42.0086;-1;3;Autovettura privata;Sosta;;;;;;;
5565956;20;28/08/2021 03:50:00;Strada Urbana;VIALE DI TOR DI QUINTO;in prossimit�;;del civico n.;118;;Veicolo in marcia contro ostacolo fisso;Curva a visuale libera;Due carreggiate;Asciutto;Asfaltata;Verticale ed orizzontale;Sereno;Scarso;Buona;;2;0;0;0;12.4885;41.9455;-1;1;Autovettura privata;In marcia / fermata / arresto;Conducente;M;Rimandato;0;NON DECEDUTO;;
5565956;20;28/08/2021 03:50:00;Strada Urbana;VIALE DI TOR DI QUINTO;in prossimit�;;del civico n.;118;;Veicolo in marcia contro ostacolo fisso;Curva a visuale libera;Due carreggiate;Asciutto;Asfaltata;Verticale ed orizzontale;Sereno;Scarso;Buona;;2;0;0;0;12.4885;41.9455;-1;1;Autovettura privata;In marcia / fermata / arresto;Passeggero;M;Rimandato;0;NON DECEDUTO;Non accertato;Esploso
5565963;13;29/08/2021 18:00:00;Strada Urbana;VIALE CRISTOFORO COLOMBO;in prossimit�;;della chilometrica;19.8;;Tamponamento Multiplo;Rettilineo;Due carreggiate;Asciutto;Asfaltata;Verticale ed orizzontale;Sereno;Intenso;Buona;;1;0;0;10;12.3925;41.7708;-1;1;Autovettura privata;In marcia / fermata / arresto;Conducente;M;Illeso;0;;;
5565963;13;29/08/2021 18:00:00;Strada Urbana;VIALE CRISTOFORO COLOMBO;in prossimit�;;della chilometrica;19.8;;Tamponamento Multiplo;Rettilineo;Due carreggiate;Asciutto;Asfaltata;Verticale ed orizzontale;Sereno;Intenso;Buona;;1;0;0;10;12.3925;41.7708;-1;2;Autovettura privata;In marcia / fermata / arresto;Conducente;M;Rimandato;0;NON DECEDUTO;;
5565963;13;29/08/2021 18:00:00;Strada Urbana;VIALE CRISTOFORO COLOMBO;in prossimit�;;della chilometrica;19.8;;Tamponamento Multiplo;Rettilineo;Due carreggiate;Asciutto;Asfaltata;Verticale ed orizzontale;Sereno;Intenso;Buona;;1;0;0;10;12.3925;41.7708;-1;2;Autovettura privata;In marcia / fermata / arresto;Passeggero;F;Illeso;0;;;
5565963;13;29/08/2021 18:00:00;Strada Urbana;VIALE CRISTOFORO COLOMBO;in prossimit�;;della chilometrica;19.8;;Tamponamento Multiplo;Rettilineo;Due carreggiate;Asciutto;Asfaltata;Verticale ed orizzontale;Sereno;Intenso;Buona;;1;0;0;10;12.3925;41.7708;-1;3;Autovettura privata;In marcia / fermata / arresto;Conducente;M;Illeso;0;;;
5565963;13;29/08/2021 18:00:00;Strada Urbana;VIALE CRISTOFORO COLOMBO;in prossimit�;;della chilometrica;19.8;;Tamponamento Multiplo;Rettilineo;Due carreggiate;Asciutto;Asfaltata;Verticale ed orizzontale;Sereno;Intenso;Buona;;1;0;0;10;12.3925;41.7708;-1;3;Autovettura privata;In marcia / fermata / arresto;Passeggero;F;Illeso;0;;;
5565963;13;29/08/2021 18:00:00;Strada Urbana;VIALE CRISTOFORO COLOMBO;in prossimit�;;della chilometrica;19.8;;Tamponamento Multiplo;Rettilineo;Due carreggiate;Asciutto;Asfaltata;Verticale ed orizzontale;Sereno;Intenso;Buona;;1;0;0;10;12.3925;41.7708;-1;4;Autovettura privata;In marcia / fermata / arresto;Conducente;M;Illeso;0;;;
5565963;13;29/08/2021 18:00:00;Strada Urbana;VIALE CRISTOFORO COLOMBO;in prossimit�;;della chilometrica;19.8;;Tamponamento Multiplo;Rettilineo;Due carreggiate;Asciutto;Asfaltata;Verticale ed orizzontale;Sereno;Intenso;Buona;;1;0;0;10;12.3925;41.7708;-1;4;Autovettura privata;In marcia / fermata / arresto;Passeggero;M;Illeso;0;;;
5565963;13;29/08/2021 18:00:00;Strada Urbana;VIALE CRISTOFORO COLOMBO;in prossimit�;;della chilometrica;19.8;;Tamponamento Multiplo;Rettilineo;Due carreggiate;Asciutto;Asfaltata;Verticale ed orizzontale;Sereno;Intenso;Buona;;1;0;0;10;12.3925;41.7708;-1;4;Autovettura privata;In marcia / fermata / arresto;Passeggero;M;Illeso;0;;;
5565963;13;29/08/2021 18:00:00;Strada Urbana;VIALE CRISTOFORO COLOMBO;in prossimit�;;della chilometrica;19.8;;Tamponamento Multiplo;Rettilineo;Due carreggiate;Asciutto;Asfaltata;Verticale ed orizzontale;Sereno;Intenso;Buona;;1;0;0;10;12.3925;41.7708;-1;5;Autovettura privata;In marcia / fermata / arresto;Conducente;M;Illeso;0;;;
5565963;13;29/08/2021 18:00:00;Strada Urbana;VIALE CRISTOFORO COLOMBO;in prossimit�;;della chilometrica;19.8;;Tamponamento Multiplo;Rettilineo;Due carreggiate;Asciutto;Asfaltata;Verticale ed orizzontale;Sereno;Intenso;Buona;;1;0;0;10;12.3925;41.7708;-1;5;Autovettura privata;In marcia / fermata / arresto;Passeggero;F;Illeso;0;;;
5565963;13;29/08/2021 18:00:00;Strada Urbana;VIALE CRISTOFORO COLOMBO;in prossimit�;;della chilometrica;19.8;;Tamponamento Multiplo;Rettilineo;Due carreggiate;Asciutto;Asfaltata;Verticale ed orizzontale;Sereno;Intenso;Buona;;1;0;0;10;12.3925;41.7708;-1;5;Autovettura privata;In marcia / fermata / arresto;Passeggero;M;Illeso;0;;;
5565972;13;29/08/2021 21:40:00;;VIA GUIDO CALZA;in prossimit�;;della chilometrica;5.3;;Veicolo in marcia contro ostacolo fisso;;;;;;;;;;0;0;0;2;;;0;1;Autovettura privata;In marcia / fermata / arresto;Conducente;M;Illeso;0;;;
5565972;13;29/08/2021 21:40:00;;VIA GUIDO CALZA;in prossimit�;;della chilometrica;5.3;;Veicolo in marcia contro ostacolo fisso;;;;;;;;;;0;0;0;2;;;0;1;Autovettura privata;In marcia / fermata / arresto;Passeggero;F;Illeso;0;;;
5565974;4;28/08/2021 18:05:00;Strada Urbana;VIA ERNESTO CALINDRI;in prossimit�;;del civico n.;7;;Scontro frontale fra veicoli in marcia;Rettilineo;Una carreggiata a doppio senso;Asciutto;Asfaltata;Verticale ed orizzontale;Sereno;Normale;Buona;;1;0;0;1;12.5292;41.9781;-1;1;Autovettura privata;In marcia / fermata / arresto;Conducente;M;Illeso;0;;;
5565974;4;28/08/2021 18:05:00;Strada Urbana;VIA ERNESTO CALINDRI;in prossimit�;;del civico n.;7;;Scontro frontale fra veicoli in marcia;Rettilineo;Una carreggiata a doppio senso;Asciutto;Asfaltata;Verticale ed orizzontale;Sereno;Normale;Buona;;1;0;0;1;12.5292;41.9781;-1;2;Autovettura privata;In marcia / fermata / arresto;Conducente;M;Rimandato;0;NON DECEDUTO;Non accertato;Esploso
5565975;1;29/08/2021 21:30:00;Strada Urbana;LUNGOTEVERE RAFFAELLO SANZIO;in prossimit�;;del civico n.;8;;Tamponamento;Rettilineo;Una carreggiata a senso unico di marcia;Asciutto;Asfaltata;Verticale ed orizzontale;Sereno;Normale;Buona;;0;0;0;1;12.4713;41.8912;0;1;Autovettura privata;In marcia / fermata / arresto;Conducente;M;Illeso;0;;Non accertato;Inesploso
5565975;1;29/08/2021 21:30:00;Strada Urbana;LUNGOTEVERE RAFFAELLO SANZIO;in prossimit�;;del civico n.;8;;Tamponamento;Rettilineo;Una carreggiata a senso unico di marcia;Asciutto;Asfaltata;Verticale ed orizzontale;Sereno;Normale;Buona;;0;0;0;1;12.4713;41.8912;0;2;Autovettura privata;Allontanatosi;;;;;;;
5565982;6;28/08/2021 17:00:00;Strada Urbana;VIA ALBERTO DA GIUSSANO;all'intersezione con;VIA AMICO DA VENAFRO;VIA AMICO DA VENAFRO;;;Scontro laterale fra veicoli in marcia;Incrocio;Una carreggiata a senso unico di marcia;Asciutto;Asfaltata;Verticale ed orizzontale;Nuvoloso;Scarso;Buona;;1;0;0;1;12.5344;41.8913;-1;1;Autovettura privata;In marcia / fermata / arresto;Conducente;F;Illeso;0;;;
5565982;6;28/08/2021 17:00:00;Strada Urbana;VIA ALBERTO DA GIUSSANO;all'intersezione con;VIA AMICO DA VENAFRO;VIA AMICO DA VENAFRO;;;Scontro laterale fra veicoli in marcia;Incrocio;Una carreggiata a senso unico di marcia;Asciutto;Asfaltata;Verticale ed orizzontale;Nuvoloso;Scarso;Buona;;1;0;0;1;12.5344;41.8913;-1;2;Motociclo a solo;In marcia / fermata / arresto;Conducente;M;Rifiuta cure immediate;0;NON DECEDUTO;;
5565983;2;27/08/2021 11:10:00;Strada Urbana;VIA GIACOMO PUCCINI;all'intersezione semaforizzata con;VIA PINCIANA;VIA PINCIANA;;;Scontro laterale fra veicoli in marcia;Intersezione semaforizzata;Una carreggiata a doppio senso;Asciutto;Asfaltata;Verticale ed orizzontale;Sereno;Normale;Buona;;0;0;0;2;12.4927;41.9115;-1;1;Autobus urbano;In marcia / fermata / arresto;Conducente;M;Illeso;0;;Non accertato;Inesploso
5565983;2;27/08/2021 11:10:00;Strada Urbana;VIA GIACOMO PUCCINI;all'intersezione semaforizzata con;VIA PINCIANA;VIA PINCIANA;;;Scontro laterale fra veicoli in marcia;Intersezione semaforizzata;Una carreggiata a doppio senso;Asciutto;Asfaltata;Verticale ed orizzontale;Sereno;Normale;Buona;;0;0;0;2;12.4927;41.9115;-1;2;Autovettura privata;In marcia / fermata / arresto;Conducente;F;Illeso;0;;Non accertato;Inesploso
5565986;13;30/08/2021 10:35:00;Strada Urbana;LUNGOMARE LUTAZIO CATULO;da specificare;;;;alt. via belvedere carosio;Tamponamento;Rettilineo;Una carreggiata a senso unico di marcia;Asciutto;Asfaltata;Verticale ed orizzontale;Sereno;Normale;Buona;;0;0;0;6;12.31;41.7169;-1;1;Autovettura privata;In marcia / fermata / arresto;Conducente;M;Illeso;0;;Non accertato;Inesploso
5565986;13;30/08/2021 10:35:00;Strada Urbana;LUNGOMARE LUTAZIO CATULO;da specificare;;;;alt. via belvedere carosio;Tamponamento;Rettilineo;Una carreggiata a senso unico di marcia;Asciutto;Asfaltata;Verticale ed orizzontale;Sereno;Normale;Buona;;0;0;0;6;12.31;41.7169;-1;1;Autovettura privata;In marcia / fermata / arresto;Passeggero;F;Illeso;0;;Non accertato;Inesploso
5565986;13;30/08/2021 10:35:00;Strada Urbana;LUNGOMARE LUTAZIO CATULO;da specificare;;;;alt. via belvedere carosio;Tamponamento;Rettilineo;Una carreggiata a senso unico di marcia;Asciutto;Asfaltata;Verticale ed orizzontale;Sereno;Normale;Buona;;0;0;0;6;12.31;41.7169;-1;1;Autovettura privata;In marcia / fermata / arresto;Passeggero;M;Illeso;0;;;
5565986;13;30/08/2021 10:35:00;Strada Urbana;LUNGOMARE LUTAZIO CATULO;da specificare;;;;alt. via belvedere carosio;Tamponamento;Rettilineo;Una carreggiata a senso unico di marcia;Asciutto;Asfaltata;Verticale ed orizzontale;Sereno;Normale;Buona;;0;0;0;6;12.31;41.7169;-1;1;Autovettura privata;In marcia / fermata / arresto;Passeggero;F;Illeso;0;;;
5565986;13;30/08/2021 10:35:00;Strada Urbana;LUNGOMARE LUTAZIO CATULO;da specificare;;;;alt. via belvedere carosio;Tamponamento;Rettilineo;Una carreggiata a senso unico di marcia;Asciutto;Asfaltata;Verticale ed orizzontale;Sereno;Normale;Buona;;0;0;0;6;12.31;41.7169;-1;1;Autovettura privata;In marcia / fermata / arresto;Passeggero;M;Illeso;0;;Non accertato;Inesploso
5565986;13;30/08/2021 10:35:00;Strada Urbana;LUNGOMARE LUTAZIO CATULO;da specificare;;;;alt. via belvedere carosio;Tamponamento;Rettilineo;Una carreggiata a senso unico di marcia;Asciutto;Asfaltata;Verticale ed orizzontale;Sereno;Normale;Buona;;0;0;0;6;12.31;41.7169;-1;2;Autovettura privata;In marcia / fermata / arresto;Conducente;F;Illeso;0;;Non accertato;Inesploso
5565987;2;28/08/2021 03:30:00;Strada Urbana;VIALE DEL MURO TORTO;da specificare;;;;dir. p.le Brasile I curva a destra;Ribaltamento senza urto contro ostacolo fisso;Curva senza visuale libera;Due carreggiate;Asciutto;Asfaltata;Verticale ed orizzontale;Sereno;Normale;Sufficiente;;2;0;0;0;12.4817;41.9107;-1;1;Ciclomotore;In marcia / fermata / arresto;Conducente;M;Rimandato;0;NON DECEDUTO;;
5565987;2;28/08/2021 03:30:00;Strada Urbana;VIALE DEL MURO TORTO;da specificare;;;;dir. p.le Brasile I curva a destra;Ribaltamento senza urto contro ostacolo fisso;Curva senza visuale libera;Due carreggiate;Asciutto;Asfaltata;Verticale ed orizzontale;Sereno;Normale;Sufficiente;;2;0;0;0;12.4817;41.9107;-1;1;Ciclomotore;In marcia / fermata / arresto;Passeggero;F;Rimandato;0;NON DECEDUTO;;
5565992;4;29/08/2021 10:25:00;Statale entro l'abitato;VIA SALARIA;da specificare;;;;altezza G.R.A. (A90), dir.ne Rieti;Tamponamento;Rettilineo;Due carreggiate;Asciutto;Asfaltata;Verticale ed orizzontale;Sereno;Normale;Buona;;1;0;0;2;12.5115;41.9873;-1;1;Velocipede;In marcia / fermata / arresto;Conducente;M;Rimandato;0;NON DECEDUTO;Esente;