Protocollo;Gruppo;DataOraIncidente;Localizzazione1;STRADA1;Localizzazione2;STRADA2;Strada02;Chilometrica;DaSpecificare;NaturaIncidente;particolaritastrade;TipoStrada;FondoStradale;Pavimentazione;Segnaletica;CondizioneAtmosferica;Traffico;Visibilita;Illuminazione;NUM_FERITI;NUM_RISERVATA;NUM_MORTI;NUM_ILLESI;Longitudine;Latitudine;Confermato;Progressivo;TipoVeicolo;StatoVeicolo;TipoPersona;Sesso;Tipolesione;Deceduto;DecedutoDopo;CinturaCascoUtilizzato;Airbag;
5566241;15;29/08/2021 18:45:00;Strada Urbana;PIAZZA ANTONIO MEUCCI;all'intersezione semaforizzata con;LUNGOTEVERE DEGLI INVENTORI;LUNGOTEVERE DEGLI INVENTORI;;;Tamponamento;Incrocio;Una carreggiata a doppio senso;Asciutto;Asfaltata;Verticale ed orizzontale;Sereno;Normale;Buona;;0;0;0;5;12.4631;41.8618;-1;2;Autovettura privata;In marcia / fermata / arresto;Passeggero;F;Illeso;0;;Non accertato;Inesploso
5566249;1;25/08/2021 16:20:00;Strada Urbana;VIA GIROLAMO INDUNO;da specificare;;;;prossimit� via di san michele;Veicolo in marcia che urta buche nella carreggiata;Curva a visuale libera;Una carreggiata a senso unico di marcia;Asciutto;Asfaltata;Verticale ed orizzontale;Sereno;Intenso;Buona;;1;0;0;0;12.4719;41.8849;-1;1;Monopattino elettrico;In marcia / fermata / arresto;Conducente;M;Rimandato;0;NON DECEDUTO;;
5566254;12;29/08/2021 03:05:00;Strada Urbana;VIALE EUROPA;all'intersezione semaforizzata con;VIALE BEETHOVEN;VIALE BEETHOVEN;;;Scontro frontale/laterale SX fra veicoli in marcia;Intersezione semaforizzata;Una carreggiata a doppio senso;Asciutto;Asfaltata;Verticale ed orizzontale;Sereno;Scarso;Sufficiente;;0;0;0;2;12.4685;41.831;-1;1;Autovettura privata;In marcia / fermata / arresto;Conducente;M;Illeso;0;;Utilizzato;Inesploso
5566254;12;29/08/2021 03:05:00;Strada Urbana;VIALE EUROPA;all'intersezione semaforizzata con;VIALE BEETHOVEN;VIALE BEETHOVEN;;;Scontro frontale/laterale SX fra veicoli in marcia;Intersezione semaforizzata;Una carreggiata a doppio senso;Asciutto;Asfaltata;Verticale ed orizzontale;Sereno;Scarso;Sufficiente;;0;0;0;2;12.4685;41.831;-1;2;Autobus di linea;In marcia / fermata / arresto;Conducente;M;Illeso;0;;Utilizzato;Inesploso
5566260;2;29/08/2021 02:45:00;Strada Urbana;VIA CHIANA;in prossimit�;;del civico n.;66;;Veicolo in marcia contro veicoli in sosta;Rettilineo;Due carreggiate;Asciutto;Asfaltata;Verticale ed orizzontale;Sereno;Scarso;Buona;;2;0;0;0;12.5057;41.9214;-1;1;Autovettura privata;In marcia / fermata / arresto;Conducente;M;Ricoverato;0;NON DECEDUTO;;
5566260;2;29/08/2021 02:45:00;Strada Urbana;VIA CHIANA;in prossimit�;;del civico n.;66;;Veicolo in marcia contro veicoli in sosta;Rettilineo;Due carreggiate;Asciutto;Asfaltata;Verticale ed orizzontale;Sereno;Scarso;Buona;;2;0;0;0;12.5057;41.9214;-1;1;Autovettura privata;In marcia / fermata / arresto;Passeggero;F;Rifiuta cure immediate;0;NON DECEDUTO;;
5566260;2;29/08/2021 02:45:00;Strada Urbana;VIA CHIANA;in prossimit�;;del civico n.;66;;Veicolo in marcia contro veicoli in sosta;Rettilineo;Due carreggiate;Asciutto;Asfaltata;Verticale ed orizzontale;Sereno;Scarso;Buona;;2;0;0;0;12.5057;41.9214;-1;2;Autovettura privata;Sosta;;;;;;;
5566260;2;29/08/2021 02:45:00;Strada Urbana;VIA CHIANA;in prossimit�;;del civico n.;66;;Veicolo in marcia contro veicoli in sosta;Rettilineo;Due carreggiate;Asciutto;Asfaltata;Verticale ed orizzontale;Sereno;Scarso;Buona;;2;0;0;0;12.5057;41.9214;-1;3;Autovettura privata;Sosta;;;;;;;
5566260;2;29/08/2021 02:45:00;Strada Urbana;VIA CHIANA;in prossimit�;;del civico n.;66;;Veicolo in marcia contro veicoli in sosta;Rettilineo;Due carreggiate;Asciutto;Asfaltata;Verticale ed orizzontale;Sereno;Scarso;Buona;;2;0;0;0;12.5057;41.9214;-1;4;Autovettura privata;Sosta;;;;;;;
5566260;2;29/08/2021 02:45:00;Strada Urbana;VIA CHIANA;in prossimit�;;del civico n.;66;;Veicolo in marcia contro veicoli in sosta;Rettilineo;Due carreggiate;Asciutto;Asfaltata;Verticale ed orizzontale;Sereno;Scarso;Buona;;2;0;0;0;12.5057;41.9214;-1;5;Autovettura privata;Sosta;;;;;;;
5566260;2;29/08/2021 02:45:00;Strada Urbana;VIA CHIANA;in prossimit�;;del civico n.;66;;Veicolo in marcia contro veicoli in sosta;Rettilineo;Due carreggiate;Asciutto;Asfaltata;Verticale ed orizzontale;Sereno;Scarso;Buona;;2;0;0;0;12.5057;41.9214;-1;6;Autovettura privata;Sosta;;;;;;;
5566261;2;28/08/2021 21:30:00;Strada Urbana;VIA SALARIA;in prossimit�;;del civico n.;253;;Tamponamento Multiplo;Rettilineo;Due carreggiate;Asciutto;Asfaltata;Verticale ed orizzontale;Sereno;Normale;Buona;;1;0;0;6;12.5023;41.9232;-1;1;Autovettura privata;In marcia / fermata / arresto;Conducente;F;Illeso;0;;;
5566261;2;28/08/2021 21:30:00;Strada Urbana;VIA SALARIA;in prossimit�;;del civico n.;253;;Tamponamento Multiplo;Rettilineo;Due carreggiate;Asciutto;Asfaltata;Verticale ed orizzontale;Sereno;Normale;Buona;;1;0;0;6;12.5023;41.9232;-1;1;Autovettura privata;In marcia / fermata / arresto;Passeggero;F;Illeso;0;;;
5566261;2;28/08/2021 21:30:00;Strada Urbana;VIA SALARIA;in prossimit�;;del civico n.;253;;Tamponamento Multiplo;Rettilineo;Due carreggiate;Asciutto;Asfaltata;Verticale ed orizzontale;Sereno;Normale;Buona;;1;0;0;6;12.5023;41.9232;-1;2;Autovettura privata;In marcia / fermata / arresto;Conducente;M;Illeso;0;;;
5566261;2;28/08/2021 21:30:00;Strada Urbana;VIA SALARIA;in prossimit�;;del civico n.;253;;Tamponamento Multiplo;Rettilineo;Due carreggiate;Asciutto;Asfaltata;Verticale ed orizzontale;Sereno;Normale;Buona;;1;0;0;6;12.5023;41.9232;-1;2;Autovettura privata;In marcia / fermata / arresto;Passeggero;F;Rimandato;0;NON DECEDUTO;;
5566261;2;28/08/2021 21:30:00;Strada Urbana;VIA SALARIA;in prossimit�;;del civico n.;253;;Tamponamento Multiplo;Rettilineo;Due carreggiate;Asciutto;Asfaltata;Verticale ed orizzontale;Sereno;Normale;Buona;;1;0;0;6;12.5023;41.9232;-1;2;Autovettura privata;In marcia / fermata / arresto;Passeggero;M;Illeso;0;;;
5566261;2;28/08/2021 21:30:00;Strada Urbana;VIA SALARIA;in prossimit�;;del civico n.;253;;Tamponamento Multiplo;Rettilineo;Due carreggiate;Asciutto;Asfaltata;Verticale ed orizzontale;Sereno;Normale;Buona;;1;0;0;6;12.5023;41.9232;-1;3;Autovettura privata;In marcia / fermata / arresto;Conducente;F;Illeso;0;;;
5566261;2;28/08/2021 21:30:00;Strada Urbana;VIA SALARIA;in prossimit�;;del civico n.;253;;Tamponamento Multiplo;Rettilineo;Due carreggiate;Asciutto;Asfaltata;Verticale ed orizzontale;Sereno;Normale;Buona;;1;0;0;6;12.5023;41.9232;-1;3;Autovettura privata;In marcia / fermata / arresto;Passeggero;M;Illeso;0;;;
5566341;12;27/08/2021 20:10:00;Strada Urbana;VIA DEL PONTE DI PISCINA CUPA;in prossimit�;;del civico n.;116;;Investimento di pedone;Rettilineo;Una carreggiata a doppio senso;Asciutto;Asfaltata;Verticale ed orizzontale;Sereno;Normale;Buona;;0;0;0;2;12.4478;41.7183;-1;;;;Pedone;M;Illeso;0;;;
5566341;12;27/08/2021 20:10:00;Strada Urbana;VIA DEL PONTE DI PISCINA CUPA;in prossimit�;;del civico n.;116;;Investimento di pedone;Rettilineo;Una carreggiata a doppio senso;Asciutto;Asfaltata;Verticale ed orizzontale;Sereno;Normale;Buona;;0;0;0;2;12.4478;41.7183;-1;1;Autovettura privata;In marcia / fermata / arresto;Conducente;M;Illeso;0;;;
5566358;7;30/08/2021 00:30:00;Strada Urbana;VIA DEL PIGNETO;all'intersezione con;VIA CASTRUCCIO CASTRACANE;VIA CASTRUCCIO CASTRACANE;;;Scontro frontale/laterale SX fra veicoli in marcia;Incrocio;Una carreggiata a doppio senso;Asciutto;Asfaltata;Verticale ed orizzontale;Sereno;Normale;Buona;;1;0;0;1;12.5297;41.8882;-1;1;Motociclo con passeggero;In marcia / fermata / arresto;Conducente;M;Rimandato;0;NON DECEDUTO;Non accertato;
5566358;7;30/08/2021 00:30:00;Strada Urbana;VIA DEL PIGNETO;all'intersezione con;VIA CASTRUCCIO CASTRACANE;VIA CASTRUCCIO CASTRACANE;;;Scontro frontale/laterale SX fra veicoli in marcia;Incrocio;Una carreggiata a doppio senso;Asciutto;Asfaltata;Verticale ed orizzontale;Sereno;Normale;Buona;;1;0;0;1;12.5297;41.8882;-1;2;Autovettura privata;In marcia / fermata / arresto;Conducente;M;Illeso;0;;Non accertato;Inesploso
5566406;16;27/08/2021 14:54:00;;VIA ARTURO COLAUTTI;in corrispondenza;;del civico n.;16a;;Veicolo in marcia contro veicolo in sosta;;;;;;;;;;0;0;0;1;12.4602;41.8812;0;1;Autovettura privata;Sosta;;;;;;;
5566406;16;27/08/2021 14:54:00;;VIA ARTURO COLAUTTI;in corrispondenza;;del civico n.;16a;;Veicolo in marcia contro veicolo in sosta;;;;;;;;;;0;0;0;1;12.4602;41.8812;0;2;Autovettura privata;In marcia / fermata / arresto;Conducente;F;Illeso;0;;;
5566409;7;27/08/2021 21:15:00;;VIA PIETRO ROMANO;in corrispondenza;;del civico n.;33;;Scontro frontale/laterale DX fra veicoli in marcia;;;;;;;;;;1;0;0;2;12.5769;41.8699;0;1;Motociclo con passeggero;In marcia / fermata / arresto;Conducente;M;Illeso;0;;Non accertato;
5566409;7;27/08/2021 21:15:00;;VIA PIETRO ROMANO;in corrispondenza;;del civico n.;33;;Scontro frontale/laterale DX fra veicoli in marcia;;;;;;;;;;1;0;0;2;12.5769;41.8699;0;1;Motociclo con passeggero;In marcia / fermata / arresto;Passeggero;M;Rimandato;0;NON DECEDUTO;Non accertato;
5566409;7;27/08/2021 21:15:00;;VIA PIETRO ROMANO;in corrispondenza;;del civico n.;33;;Scontro frontale/laterale DX fra veicoli in marcia;;;;;;;;;;1;0;0;2;12.5769;41.8699;0;2;Autovettura privata;In marcia / fermata / arresto;Conducente;M;Illeso;0;;Non accertato;Inesploso
5566418;16;28/08/2021 17:30:00;Strada Urbana;VIA ILDEBRANDO DELLA GIOVANNA;in prossimit�;;del civico n.;79;;Veicolo in marcia contro veicoli in sosta;Rettilineo;Una carreggiata a doppio senso;Asciutto;Asfaltata;Verticale;Sereno;Normale;Buona;;0;0;0;2;12.3453;41.8777;0;1;Autovettura privata;In marcia / fermata / arresto;Conducente;M;Illeso;0;;Non accertato;
5566418;16;28/08/2021 17:30:00;Strada Urbana;VIA ILDEBRANDO DELLA GIOVANNA;in prossimit�;;del civico n.;79;;Veicolo in marcia contro veicoli in sosta;Rettilineo;Una carreggiata a doppio senso;Asciutto;Asfaltata;Verticale;Sereno;Normale;Buona;;0;0;0;2;12.3453;41.8777;0;2;Autovettura privata;In marcia / fermata / arresto;Conducente;M;Illeso;0;;Non accertato;
5566420;19;30/08/2021 11:50:00;Strada Urbana;VIA TRIONFALE;da specificare;;;;in prossimita via Accumoli;Scontro laterale fra veicoli in marcia;Rettilineo;Una carreggiata a senso unico di marcia;Asciutto;Asfaltata;Verticale ed orizzontale;Sereno;Normale;Buona;;0;0;0;2;12.4095;41.9676;-1;1;Autovettura privata;In marcia / fermata / arresto;Conducente;F;Illeso;0;;Non accertato;Inesploso
5566420;19;30/08/2021 11:50:00;Strada Urbana;VIA TRIONFALE;da specificare;;;;in prossimita via Accumoli;Scontro laterale fra veicoli in marcia;Rettilineo;Una carreggiata a senso unico di marcia;Asciutto;Asfaltata;Verticale ed orizzontale;Sereno;Normale;Buona;;0;0;0;2;12.4095;41.9676;-1;2;Autovettura privata;In marcia / fermata / arresto;Conducente;M;Illeso;0;;Non accertato;Inesploso
5566427;16;28/08/2021 18:33:00;Strada Urbana;VIALE DEI COLLI PORTUENSI;in prossimit�;;del civico n.;102;;Scontro frontale/laterale SX fra veicoli in marcia;Rettilineo;Due carreggiate;Asciutto;Asfaltata;Verticale ed orizzontale;Sereno;Normale;Buona;;1;0;0;6;12.4429;41.8726;-1;1;Autovettura privata;In marcia / fermata / arresto;Conducente;M;Illeso;0;;Non accertato;
5566427;16;28/08/2021 18:33:00;Strada Urbana;VIALE DEI COLLI PORTUENSI;in prossimit�;;del civico n.;102;;Scontro frontale/laterale SX fra veicoli in marcia;Rettilineo;Due carreggiate;Asciutto;Asfaltata;Verticale ed orizzontale;Sereno;Normale;Buona;;1;0;0;6;12.4429;41.8726;-1;1;Autovettura privata;In marcia / fermata / arresto;Passeggero;F;Illeso;0;;Non accertato;
5566427;16;28/08/2021 18:33:00;Strada Urbana;VIALE DEI COLLI PORTUENSI;in prossimit�;;del civico n.;102;;Scontro frontale/laterale SX fra veicoli in marcia;Rettilineo;Due carreggiate;Asciutto;Asfaltata;Verticale ed orizzontale;Sereno;Normale;Buona;;1;0;0;6;12.4429;41.8726;-1;1;Autovettura privata;In marcia / fermata / arresto;Passeggero;F;Illeso;0;;Non accertato;
5566427;16;28/08/2021 18:33:00;Strada Urbana;VIALE DEI COLLI PORTUENSI;in prossimit�;;del civico n.;102;;Scontro frontale/laterale SX fra veicoli in marcia;Rettilineo;Due carreggiate;Asciutto;Asfaltata;Verticale ed orizzontale;Sereno;Normale;Buona;;1;0;0;6;12.4429;41.8726;-1;1;Autovettura privata;In marcia / fermata / arresto;Passeggero;M;Illeso;0;;Non accertato;
5566427;16;28/08/2021 18:33:00;Strada Urbana;VIALE DEI COLLI PORTUENSI;in prossimit�;;del civico n.;102;;Scontro frontale/laterale SX fra veicoli in marcia;Rettilineo;Due carreggiate;Asciutto;Asfaltata;Verticale ed orizzontale;Sereno;Normale;Buona;;1;0;0;6;12.4429;41.8726;-1;1;Autovettura privata;In marcia / fermata / arresto;Passeggero;M;Illeso;0;;Non accertato;
5566427;16;28/08/2021 18:33:00;Strada Urbana;VIALE DEI COLLI PORTUENSI;in prossimit�;;del civico n.;102;;Scontro frontale/laterale SX fra veicoli in marcia;Rettilineo;Due carreggiate;Asciutto;Asfaltata;Verticale ed orizzontale;Sereno;Normale;Buona;;1;0;0;6;12.4429;41.8726;-1;1;Autovettura privata;In marcia / fermata / arresto;Passeggero;M;Illeso;0;;Non accertato;
5566427;16;28/08/2021 18:33:00;Strada Urbana;VIALE DEI COLLI PORTUENSI;in prossimit�;;del civico n.;102;;Scontro frontale/laterale SX fra veicoli in marcia;Rettilineo;Due carreggiate;Asciutto;Asfaltata;Verticale ed orizzontale;Sereno;Normale;Buona;;1;0;0;6;12.4429;41.8726;-1;2;Motociclo con passeggero;In marcia / fermata / arresto;Conducente;M;Ricoverato;0;NON DECEDUTO;Non accertato;
5566427;16;28/08/2021 18:33:00;Strada Urbana;VIALE DEI COLLI PORTUENSI;in prossimit�;;del civico n.;102;;Scontro frontale/laterale SX fra veicoli in marcia;Rettilineo;Due carreggiate;Asciutto;Asfaltata;Verticale ed orizzontale;Sereno;Normale;Buona;;1;0;0;6;12.4429;41.8726;-1;3;Autovettura privata;Sosta;;;;;;;
5566440;16;29/08/2021 13:00:00;Strada Urbana;VIALE DEI QUATTRO VENTI;in corrispondenza;;del civico n.;73/a;;Tamponamento Multiplo;Rettilineo;Una carreggiata a doppio senso;Asciutto;Asfaltata;Assente;Sereno;Scarso;Buona;;0;0;0;6;12.4589;41.8825;-1;1;Autovettura privata;In marcia / fermata / arresto;Conducente;M;Illeso;0;;Non accertato;Inesploso
5566440;16;29/08/2021 13:00:00;Strada Urbana;VIALE DEI QUATTRO VENTI;in corrispondenza;;del civico n.;73/a;;Tamponamento Multiplo;Rettilineo;Una carreggiata a doppio senso;Asciutto;Asfaltata;Assente;Sereno;Scarso;Buona;;0;0;0;6;12.4589;41.8825;-1;2;Autovettura privata;In marcia / fermata / arresto;Conducente;M;Illeso;0;;Non accertato;Inesploso
5566440;16;29/08/2021 13:00:00;Strada Urbana;VIALE DEI QUATTRO VENTI;in corrispondenza;;del civico n.;73/a;;Tamponamento Multiplo;Rettilineo;Una carreggiata a doppio senso;Asciutto;Asfaltata;Assente;Sereno;Scarso;Buona;;0;0;0;6;12.4589;41.8825;-1;2;Autovettura privata;In marcia / fermata / arresto;Passeggero;F;Illeso;0;;Non accertato;Inesploso
5566440;16;29/08/2021 13:00:00;Strada Urbana;VIALE DEI QUATTRO VENTI;in corrispondenza;;del civico n.;73/a;;Tamponamento Multiplo;Rettilineo;Una carreggiata a doppio senso;Asciutto;Asfaltata;Assente;Sereno;Scarso;Buona;;0;0;0;6;12.4589;41.8825;-1;2;Autovettura privata;In marcia / fermata / arresto;Passeggero;F;Illeso;0;;Non accertato;Inesploso
5566440;16;29/08/2021 13:00:00;Strada Urbana;VIALE DEI QUATTRO VENTI;in corrispondenza;;del civico n.;73/a;;Tamponamento Multiplo;Rettilineo;Una carreggiata a doppio senso;Asciutto;Asfaltata;Assente;Sereno;Scarso;Buona;;0;0;0;6;12.4589;41.8825;-1;3;Autovettura privata;In marcia / fermata / arresto;Conducente;M;Illeso;0;;Non accertato;Inesploso
5566440;16;29/08/2021 13:00:00;Strada Urbana;VIALE DEI QUATTRO VENTI;in corrispondenza;;del civico n.;73/a;;Tamponamento Multiplo;Rettilineo;Una carreggiata a doppio senso;Asciutto;Asfaltata;Assente;Sereno;Scarso;Buona;;0;0;0;6;12.4589;41.8825;-1;3;Autovettura privata;In marcia / fermata / arresto;Passeggero;M;Illeso;0;;Non accertato;Inesploso
5566443;1;30/08/2021 11:05:00;Strada Urbana;LUNGOTEVERE DEI SANGALLO;all'intersezione con;VICOLO DEL CEFALO;VICOLO DEL CEFALO;;;Scontro frontale/laterale SX fra veicoli in marcia;Incrocio;Una carreggiata a senso unico di marcia;Asciutto;Asfaltata;Verticale ed orizzontale;Sereno;Normale;Buona;;0;0;0;3;12.4652;41.8981;-1;1;Autovettura privata;In marcia / fermata / arresto;Conducente;M;Illeso;0;;Non accertato;Inesploso
5566443;1;30/08/2021 11:05:00;Strada Urbana;LUNGOTEVERE DEI SANGALLO;all'intersezione con;VICOLO DEL CEFALO;VICOLO DEL CEFALO;;;Scontro frontale/laterale SX fra veicoli in marcia;Incrocio;Una carreggiata a senso unico di marcia;Asciutto;Asfaltata;Verticale ed orizzontale;Sereno;Normale;Buona;;0;0;0;3;12.4652;41.8981;-1;2;Motociclo con passeggero;In marcia / fermata / arresto;Conducente;M;Illeso;0;;Non accertato;
5566443;1;30/08/2021 11:05:00;Strada Urbana;LUNGOTEVERE DEI SANGALLO;all'intersezione con;VICOLO DEL CEFALO;VICOLO DEL CEFALO;;;Scontro frontale/laterale SX fra veicoli in marcia;Incrocio;Una carreggiata a senso unico di marcia;Asciutto;Asfaltata;Verticale ed orizzontale;Sereno;Normale;Buona;;0;0;0;3;12.4652;41.8981;-1;2;Motociclo con passeggero;In marcia / fermata / arresto;Passeggero;F;Illeso;0;;Non accertato;
5566454;9;29/08/2021 11:55:00;Strada Urbana;VIA APPIA NUOVA;in prossimit�;;del civico n.;520;;Tamponamento Multiplo;Rettilineo;Due carreggiate;Asciutto;Asfaltata;Verticale ed orizzontale;Sereno;Scarso;Buona;;0;0;0;5;12.5245;41.8732;-1;1;Autovettura privata;In marcia / fermata / arresto;Conducente;M;Illeso;0;;Non accertato;Inesploso
5566454;9;29/08/2021 11:55:00;Strada Urbana;VIA APPIA NUOVA;in prossimit�;;del civico n.;520;;Tamponamento Multiplo;Rettilineo;Due carreggiate;Asciutto;Asfaltata;Verticale ed orizzontale;Sereno;Scarso;Buona;;0;0;0;5;12.5245;41.8732;-1;1;Autovettura privata;In marcia / fermata / arresto;Passeggero;M;Illeso;0;;Non accertato;Inesploso
5566454;9;29/08/2021 11:55:00;Strada Urbana;VIA APPIA NUOVA;in prossimit�;;del civico n.;520;;Tamponamento Multiplo;Rettilineo;Due carreggiate;Asciutto;Asfaltata;Verticale ed orizzontale;Sereno;Scarso;Buona;;0;0;0;5;12.5245;41.8732;-1;2;Autovettura privata;In marcia / fermata / arresto;Conducente;F;Illeso;0;;Non accertato;Inesploso
5566454;9;29/08/2021 11:55:00;Strada Urbana;VIA APPIA NUOVA;in prossimit�;;del civico n.;520;;Tamponamento Multiplo;Rettilineo;Due carreggiate;Asciutto;Asfaltata;Verticale ed orizzontale;Sereno;Scarso;Buona;;0;0;0;5;12.5245;41.8732;-1;3;Autovettura privata;In marcia / fermata / arresto;Conducente;M;Illeso;0;;Non accertato;Inesploso
5566454;9;29/08/2021 11:55:00;Strada Urbana;VIA APPIA NUOVA;in prossimit�;;del civico n.;520;;Tamponamento Multiplo;Rettilineo;Due carreggiate;Asciutto;Asfaltata;Verticale ed orizzontale;Sereno;Scarso;Buona;;0;0;0;5;12.5245;41.8732;-1;4;Autovettura privata;In marcia / fermata / arresto;Conducente;M;Illeso;0;;Non accertato;Inesploso
5566458;10;30/08/2021 13:00:00;Strada Urbana;PIAZZA DI CINECITTA';da specificare;;;;altezza civ 11;Tamponamento;Rettilineo;Una carreggiata a doppio senso;Asciutto;Asfaltata;Verticale ed orizzontale;Sereno;Scarso;Buona;;2;0;0;1;12.5682;41.8537;-1;1;Autovettura privata;In marcia / fermata / arresto;Conducente;M;Illeso;0;;;
5566458;10;30/08/2021 13:00:00;Strada Urbana;PIAZZA DI CINECITTA';da specificare;;;;altezza civ 11;Tamponamento;Rettilineo;Una carreggiata a doppio senso;Asciutto;Asfaltata;Verticale ed orizzontale;Sereno;Scarso;Buona;;2;0;0;1;12.5682;41.8537;-1;2;Autovettura privata;In marcia / fermata / arresto;Conducente;M;Rifiuta cure immediate;0;NON DECEDUTO;;
5566458;10;30/08/2021 13:00:00;Strada Urbana;PIAZZA DI CINECITTA';da specificare;;;;altezza civ 11;Tamponamento;Rettilineo;Una carreggiata a doppio senso;Asciutto;Asfaltata;Verticale ed orizzontale;Sereno;Scarso;Buona;;2;0;0;1;12.5682;41.8537;-1;2;Autovettura privata;In marcia / fermata / arresto;Passeggero;F;Rifiuta cure immediate;0;NON DECEDUTO;;
5566459;12;30/08/2021 10:05:00;Provinciale entro l'abitato;VIA ARDEATINA;da specificare;;;;prossimit� KM 18,200 dir. Ardea;Veicolo in marcia che urta buche nella carreggiata;Rettilineo;Una carreggiata a doppio senso;Asciutto;Con buche;Verticale ed orizzontale;Sereno;Normale;Sufficiente;;0;0;0;1;12.5255;41.8131;-1;1;Autobus di linea;In marcia / fermata / arresto;Conducente;M;Illeso;0;;Utilizzato;Inesploso
5566463;2;30/08/2021 12:00:00;Strada Urbana;VIALE PARIOLI;da specificare;;;;altezza Via Respighi;Tamponamento;Rettilineo;Una carreggiata a doppio senso;Asciutto;Asfaltata;Orizzontale;Sereno;Normale;Buona;;1;0;0;1;12.4874;41.9258;-1;1;Autovettura privata;In marcia / fermata / arresto;Conducente;F;Illeso;0;;Non accertato;Inesploso
5566463;2;30/08/2021 12:00:00;Strada Urbana;VIALE PARIOLI;da specificare;;;;altezza Via Respighi;Tamponamento;Rettilineo;Una carreggiata a doppio senso;Asciutto;Asfaltata;Orizzontale;Sereno;Normale;Buona;;1;0;0;1;12.4874;41.9258;-1;2;Motociclo a solo;In marcia / fermata / arresto;Conducente;F;Rimandato;0;NON DECEDUTO;;
5566502;2;29/08/2021 12:30:00;Strada Urbana;VIA ACHERUSIO;all'intersezione con;VIA NEMORENSE;VIA NEMORENSE;;;Investimento di pedone;Incrocio;Una carreggiata a senso unico di marcia;Asciutto;Asfaltata;Orizzontale;Sereno;Normale;Buona;;0;0;0;2;12.511;41.9273;-1;;;;Pedone;M;Illeso;0;;;
5566502;2;29/08/2021 12:30:00;Strada Urbana;VIA ACHERUSIO;all'intersezione con;VIA NEMORENSE;VIA NEMORENSE;;;Investimento di pedone;Incrocio;Una carreggiata a senso unico di marcia;Asciutto;Asfaltata;Orizzontale;Sereno;Normale;Buona;;0;0;0;2;12.511;41.9273;-1;1;Autovettura privata;In marcia / fermata / arresto;Conducente;F;Illeso;0;;;
5566512;2;29/08/2021 18:30:00;Strada Urbana;VIA ALESSANDRIA;all'intersezione con;VIA REGGIO EMILIA;VIA REGGIO EMILIA;;;Scontro laterale fra veicoli in marcia;Incrocio;Una carreggiata a senso unico di marcia;Asciutto;Asfaltata;Verticale ed orizzontale;Sereno;Scarso;Buona;;0;0;0;2;12.5039;41.9127;-1;1;Autovettura privata;In marcia / fermata / arresto;Conducente;M;Illeso;0;;Non accertato;Inesploso
5566512;2;29/08/2021 18:30:00;Strada Urbana;VIA ALESSANDRIA;all'intersezione con;VIA REGGIO EMILIA;VIA REGGIO EMILIA;;;Scontro laterale fra veicoli in marcia;Incrocio;Una carreggiata a senso unico di marcia;Asciutto;Asfaltata;Verticale ed orizzontale;Sereno;Scarso;Buona;;0;0;0;2;12.5039;41.9127;-1;2;Motociclo a solo;In marcia / fermata / arresto;Conducente;M;Illeso;0;;Non accertato;
5566518;7;30/08/2021 13:00:00;Strada Urbana;VIA PRENESTINA;in corrispondenza;;del civico n.;709;;Scontro laterale fra veicoli in marcia;Rettilineo;Una carreggiata a senso unico di marcia;Asciutto;Asfaltata;Orizzontale;Sereno;Normale;Buona;;0;0;0;2;12.591;41.8947;-1;1;Autovettura privata;In marcia / fermata / arresto;Conducente;M;Illeso;0;;;
5566518;7;30/08/2021 13:00:00;Strada Urbana;VIA PRENESTINA;in corrispondenza;;del civico n.;709;;Scontro laterale fra veicoli in marcia;Rettilineo;Una carreggiata a senso unico di marcia;Asciutto;Asfaltata;Orizzontale;Sereno;Normale;Buona;;0;0;0;2;12.591;41.8947;-1;2;Autovettura privata;In marcia / fermata / arresto;Conducente;M;Illeso;0;;;
5566520;3;28/08/2021 19:50:00;Strada Urbana;VIA DI S. COSTANZA;all'intersezione semaforizzata con;VIA NOMENTANA;VIA NOMENTANA;;;Scontro laterale fra veicoli in marcia;Intersezione semaforizzata;Pi� di due carreggiate;Asciutto;Asfaltata;Verticale ed orizzontale;Sereno;Normale;Sufficiente;;1;0;0;2;12.5151;41.9223;-1;1;Autovettura privata;In marcia / fermata / arresto;Conducente;M;Illeso;0;;Non accertato;Inesploso
5566520;3;28/08/2021 19:50:00;Strada Urbana;VIA DI S. COSTANZA;all'intersezione semaforizzata con;VIA NOMENTANA;VIA NOMENTANA;;;Scontro laterale fra veicoli in marcia;Intersezione semaforizzata;Pi� di due carreggiate;Asciutto;Asfaltata;Verticale ed orizzontale;Sereno;Normale;Sufficiente;;1;0;0;2;12.5151;41.9223;-1;1;Autovettura privata;In marcia / fermata / arresto;Passeggero;F;Illeso;0;;Non accertato;Inesploso
5566520;3;28/08/2021 19:50:00;Strada Urbana;VIA DI S. COSTANZA;all'intersezione semaforizzata con;VIA NOMENTANA;VIA NOMENTANA;;;Scontro laterale fra veicoli in marcia;Intersezione semaforizzata;Pi� di due carreggiate;Asciutto;Asfaltata;Verticale ed orizzontale;Sereno;Normale;Sufficiente;;1;0;0;2;12.5151;41.9223;-1;2;Motociclo a solo;In marcia / fermata / arresto;Conducente;M;Rimandato;0;NON DECEDUTO;;
5566528;3;29/08/2021 02:45:00;Strada Urbana;VIA AREZZO;all'intersezione con;VIA PADOVA;VIA PADOVA;;;Scontro frontale/laterale DX fra veicoli in marcia;Incrocio;Una carreggiata a senso unico di marcia;Asciutto;Asfaltata;Verticale ed orizzontale;Sereno;Scarso;Sufficiente;;1;0;0;3;12.5185;41.9115;-1;1;Autocarro inferiore 35 q.;In marcia / fermata / arresto;Conducente;M;Ricoverato;0;NON DECEDUTO;;