Protocollo;Gruppo;DataOraIncidente;Localizzazione1;STRADA1;Localizzazione2;STRADA2;Strada02;Chilometrica;DaSpecificare;NaturaIncidente;particolaritastrade;TipoStrada;FondoStradale;Pavimentazione;Segnaletica;CondizioneAtmosferica;Traffico;Visibilita;Illuminazione;NUM_FERITI;NUM_RISERVATA;NUM_MORTI;NUM_ILLESI;Longitudine;Latitudine;Confermato;Progressivo;TipoVeicolo;StatoVeicolo;TipoPersona;Sesso;Tipolesione;Deceduto;DecedutoDopo;CinturaCascoUtilizzato;Airbag;
5567453;4;31/08/2021 01:00:00;Strada Urbana;VIA PIETRO MIGNOSI;in corrispondenza;;del civico n.;13 b;;Veicolo in marcia contro veicoli in sosta;Rettilineo;Una carreggiata a doppio senso;Asciutto;Asfaltata;Verticale ed orizzontale;Sereno;Scarso;Sufficiente;;0;0;0;1;12.549;41.9674;-1;2;Autovettura privata;Sosta;;;;;;;
5567453;4;31/08/2021 01:00:00;Strada Urbana;VIA PIETRO MIGNOSI;in corrispondenza;;del civico n.;13 b;;Veicolo in marcia contro veicoli in sosta;Rettilineo;Una carreggiata a doppio senso;Asciutto;Asfaltata;Verticale ed orizzontale;Sereno;Scarso;Sufficiente;;0;0;0;1;12.549;41.9674;-1;3;Autovettura privata;Sosta;;;;;;;
5567456;12;30/08/2021 23:40:00;Strada Urbana;VIALE EUROPA;all'intersezione semaforizzata con;VIALE CRISTOFORO COLOMBO;VIALE CRISTOFORO COLOMBO;;;Tamponamento;Incrocio;Una carreggiata a doppio senso;Asciutto;Asfaltata;Verticale ed orizzontale;Sereno;Normale;Buona;;0;0;0;2;12.4685;41.831;-1;1;Autovettura privata;In marcia / fermata / arresto;Conducente;M;Illeso;0;;Utilizzato;Inesploso
5567456;12;30/08/2021 23:40:00;Strada Urbana;VIALE EUROPA;all'intersezione semaforizzata con;VIALE CRISTOFORO COLOMBO;VIALE CRISTOFORO COLOMBO;;;Tamponamento;Incrocio;Una carreggiata a doppio senso;Asciutto;Asfaltata;Verticale ed orizzontale;Sereno;Normale;Buona;;0;0;0;2;12.4685;41.831;-1;2;Autovettura privata;In marcia / fermata / arresto;Conducente;M;Illeso;0;;Utilizzato;Inesploso
5567473;2;30/08/2021 13:00:00;Strada Urbana;VIA NIZZA;all'intersezione con;VIA BRESCIA;VIA BRESCIA;;;Scontro frontale/laterale SX fra veicoli in marcia;Incrocio;Una carreggiata a doppio senso;Asciutto;Asfaltata;Verticale ed orizzontale;Sereno;Scarso;Buona;;2;0;0;1;12.5;41.9123;-1;1;Motociclo a solo;In marcia / fermata / arresto;Conducente;M;Illeso;0;;;
5567473;2;30/08/2021 13:00:00;Strada Urbana;VIA NIZZA;all'intersezione con;VIA BRESCIA;VIA BRESCIA;;;Scontro frontale/laterale SX fra veicoli in marcia;Incrocio;Una carreggiata a doppio senso;Asciutto;Asfaltata;Verticale ed orizzontale;Sereno;Scarso;Buona;;2;0;0;1;12.5;41.9123;-1;1;Motociclo a solo;In marcia / fermata / arresto;Passeggero;F;Rimandato;0;NON DECEDUTO;;
5567473;2;30/08/2021 13:00:00;Strada Urbana;VIA NIZZA;all'intersezione con;VIA BRESCIA;VIA BRESCIA;;;Scontro frontale/laterale SX fra veicoli in marcia;Incrocio;Una carreggiata a doppio senso;Asciutto;Asfaltata;Verticale ed orizzontale;Sereno;Scarso;Buona;;2;0;0;1;12.5;41.9123;-1;2;Motociclo a solo;In marcia / fermata / arresto;Conducente;M;Rimandato;0;NON DECEDUTO;;
5567476;2;31/08/2021 01:30:00;Strada Urbana;VIA TAGLIAMENTO;in prossimit�;;del civico n.;33;;Veicolo in marcia contro veicolo in sosta;Rettilineo;Una carreggiata a doppio senso;Asciutto;Asfaltata;Verticale ed orizzontale;Sereno;Scarso;Buona;;0;0;0;1;12.5028;41.9201;-1;1;Autovettura privata;In marcia / fermata / arresto;Conducente;M;Illeso;0;;;
5567476;2;31/08/2021 01:30:00;Strada Urbana;VIA TAGLIAMENTO;in prossimit�;;del civico n.;33;;Veicolo in marcia contro veicolo in sosta;Rettilineo;Una carreggiata a doppio senso;Asciutto;Asfaltata;Verticale ed orizzontale;Sereno;Scarso;Buona;;0;0;0;1;12.5028;41.9201;-1;2;Autovettura privata;Sosta;;;;;;;
5567526;1;30/08/2021 17:50:00;Strada Urbana;LARGO ENZO FIORITTO;all'intersezione con;VIALE GIOTTO;VIALE GIOTTO;;;Veicolo in marcia contro ostacolo accidentale;Rotatoria;Una carreggiata a senso unico di marcia;Viscido da liquidi oleosi;Asfaltata;Verticale ed orizzontale;Sereno;Normale;Buona;;0;0;0;2;12.4894;41.879;-1;1;Ciclomotore con passeggero;In marcia / fermata / arresto;Conducente;M;Illeso;0;;;
5567526;1;30/08/2021 17:50:00;Strada Urbana;LARGO ENZO FIORITTO;all'intersezione con;VIALE GIOTTO;VIALE GIOTTO;;;Veicolo in marcia contro ostacolo accidentale;Rotatoria;Una carreggiata a senso unico di marcia;Viscido da liquidi oleosi;Asfaltata;Verticale ed orizzontale;Sereno;Normale;Buona;;0;0;0;2;12.4894;41.879;-1;1;Ciclomotore con passeggero;In marcia / fermata / arresto;Passeggero;M;Illeso;0;;;
5567566;1;30/08/2021 22:10:00;Strada Urbana;VIA CILICIA;in prossimit�;;del civico n.;54;;Veicolo in marcia contro ostacolo fisso;Curva a visuale libera;Due carreggiate;Asciutto;Asfaltata;Verticale ed orizzontale;Sereno;Normale;Buona;;0;0;0;1;;;0;1;Autovettura privata;In marcia / fermata / arresto;Conducente;M;Illeso;0;;;
5567584;18;30/08/2021 08:15:00;Strada Urbana;VIA DI BOCCEA;all'intersezione con;VIA ACHILLE LUIGI BONANOME;VIA ACHILLE LUIGI BONANOME;;;Scontro laterale fra veicoli in marcia;Intersezione non regolata/non segnalata;Una carreggiata a doppio senso;Asciutto;Asfaltata;Verticale ed orizzontale;Sereno;Normale;Buona;;1;0;0;1;12.3847;41.9149;-1;1;Autovettura privata;In marcia / fermata / arresto;Conducente;F;Illeso;0;;;
5567584;18;30/08/2021 08:15:00;Strada Urbana;VIA DI BOCCEA;all'intersezione con;VIA ACHILLE LUIGI BONANOME;VIA ACHILLE LUIGI BONANOME;;;Scontro laterale fra veicoli in marcia;Intersezione non regolata/non segnalata;Una carreggiata a doppio senso;Asciutto;Asfaltata;Verticale ed orizzontale;Sereno;Normale;Buona;;1;0;0;1;12.3847;41.9149;-1;2;Autovettura privata;In marcia / fermata / arresto;Conducente;F;Rifiuta cure immediate;0;NON DECEDUTO;;
5567615;17;30/08/2021 16:00:00;Strada Urbana;PIAZZA CAVOUR;in prossimit�;;del civico n.;32;;Scontro frontale/laterale SX fra veicoli in marcia;Curva a visuale libera;Una carreggiata a doppio senso;Asciutto;In cubetti di porfido;Verticale ed orizzontale;Sereno;Normale;Buona;;0;0;0;3;12.4707;41.9061;-1;1;Autovettura privata;In marcia / fermata / arresto;Conducente;M;Illeso;0;;;
5567615;17;30/08/2021 16:00:00;Strada Urbana;PIAZZA CAVOUR;in prossimit�;;del civico n.;32;;Scontro frontale/laterale SX fra veicoli in marcia;Curva a visuale libera;Una carreggiata a doppio senso;Asciutto;In cubetti di porfido;Verticale ed orizzontale;Sereno;Normale;Buona;;0;0;0;3;12.4707;41.9061;-1;1;Autovettura privata;In marcia / fermata / arresto;Passeggero;M;Illeso;0;;;
5567615;17;30/08/2021 16:00:00;Strada Urbana;PIAZZA CAVOUR;in prossimit�;;del civico n.;32;;Scontro frontale/laterale SX fra veicoli in marcia;Curva a visuale libera;Una carreggiata a doppio senso;Asciutto;In cubetti di porfido;Verticale ed orizzontale;Sereno;Normale;Buona;;0;0;0;3;12.4707;41.9061;-1;2;Autobus di linea;In marcia / fermata / arresto;Conducente;M;Illeso;0;;;
5567627;10;31/08/2021 09:30:00;Strada Urbana;VIA DEL CASALE FERRANTI;da specificare;;;;alt. sottopasso Gregna di S.Andrea (palo Acea n.2);Tamponamento;Rettilineo;Una carreggiata a senso unico di marcia;Asciutto;Asfaltata;Verticale ed orizzontale;Sereno;Normale;Buona;;1;0;0;1;12.5868;41.8341;-1;1;Autovettura privata;In marcia / fermata / arresto;Conducente;F;Ricoverato;0;NON DECEDUTO;Non accertato;Inesploso
5567627;10;31/08/2021 09:30:00;Strada Urbana;VIA DEL CASALE FERRANTI;da specificare;;;;alt. sottopasso Gregna di S.Andrea (palo Acea n.2);Tamponamento;Rettilineo;Una carreggiata a senso unico di marcia;Asciutto;Asfaltata;Verticale ed orizzontale;Sereno;Normale;Buona;;1;0;0;1;12.5868;41.8341;-1;2;Autovettura privata;In marcia / fermata / arresto;Conducente;F;Illeso;0;;Non accertato;Inesploso
5567634;18;31/08/2021 09:40:00;Strada Urbana;VIA LEONE XIII;all'intersezione con;PIAZZA PIO XI;PIAZZA PIO XI;;;Scontro laterale fra veicoli in marcia;Intersezione semaforizzata;Pi� di due carreggiate;Asciutto;Asfaltata;Verticale ed orizzontale;Sereno;Normale;Buona;;1;0;0;1;12.4404;41.8869;-1;1;Motociclo a solo;In marcia / fermata / arresto;Conducente;M;Rimandato;0;NON DECEDUTO;Non accertato;
5567634;18;31/08/2021 09:40:00;Strada Urbana;VIA LEONE XIII;all'intersezione con;PIAZZA PIO XI;PIAZZA PIO XI;;;Scontro laterale fra veicoli in marcia;Intersezione semaforizzata;Pi� di due carreggiate;Asciutto;Asfaltata;Verticale ed orizzontale;Sereno;Normale;Buona;;1;0;0;1;12.4404;41.8869;-1;2;Autovettura privata;In marcia / fermata / arresto;Conducente;M;Illeso;0;;Non accertato;Inesistente
5567644;18;30/08/2021 13:00:00;Strada Urbana;VIA DI BOCCEA;all'intersezione con;VIA PASQUALE II;VIA PASQUALE II;;;Tamponamento Multiplo;Incrocio;Due carreggiate;Asciutto;Asfaltata;Verticale ed orizzontale;Sereno;Normale;Buona;;1;0;0;3;12.4084;41.9066;-1;1;Autovettura privata;In marcia / fermata / arresto;Conducente;M;Illeso;0;;;
5567644;18;30/08/2021 13:00:00;Strada Urbana;VIA DI BOCCEA;all'intersezione con;VIA PASQUALE II;VIA PASQUALE II;;;Tamponamento Multiplo;Incrocio;Due carreggiate;Asciutto;Asfaltata;Verticale ed orizzontale;Sereno;Normale;Buona;;1;0;0;3;12.4084;41.9066;-1;2;Autovettura privata;In marcia / fermata / arresto;Conducente;F;Rifiuta cure immediate;0;NON DECEDUTO;;
5567644;18;30/08/2021 13:00:00;Strada Urbana;VIA DI BOCCEA;all'intersezione con;VIA PASQUALE II;VIA PASQUALE II;;;Tamponamento Multiplo;Incrocio;Due carreggiate;Asciutto;Asfaltata;Verticale ed orizzontale;Sereno;Normale;Buona;;1;0;0;3;12.4084;41.9066;-1;2;Autovettura privata;In marcia / fermata / arresto;Passeggero;F;Illeso;0;;;
5567644;18;30/08/2021 13:00:00;Strada Urbana;VIA DI BOCCEA;all'intersezione con;VIA PASQUALE II;VIA PASQUALE II;;;Tamponamento Multiplo;Incrocio;Due carreggiate;Asciutto;Asfaltata;Verticale ed orizzontale;Sereno;Normale;Buona;;1;0;0;3;12.4084;41.9066;-1;3;Autovettura privata;In marcia / fermata / arresto;Conducente;F;Illeso;0;;;Esploso
5567666;1;31/08/2021 03:10:00;Strada Urbana;PIAZZA DI MONTE CITORIO;in corrispondenza;;del civico n.;59;;Veicolo in marcia contro ostacolo fisso;Rettilineo;Una carreggiata a senso unico di marcia;Asciutto;In cubetti di porfido;Verticale;Sereno;Scarso;Buona;;0;0;0;1;12.4793;41.901;-1;1;Autocarro inferiore 35 q.;In marcia / fermata / arresto;Conducente;M;Illeso;0;;;
5567683;17;30/08/2021 17:45:00;Strada Urbana;PIAZZA GIUSEPPE MAZZINI;in prossimit�;;del civico n.;25;;Scontro laterale fra veicoli in marcia;Rotatoria;Una carreggiata a senso unico di marcia;Asciutto;Asfaltata;Verticale ed orizzontale;Sereno;Normale;Buona;;0;0;0;3;12.4628;41.916;-1;1;Autovettura privata;In marcia / fermata / arresto;Conducente;M;Illeso;0;;;
5567683;17;30/08/2021 17:45:00;Strada Urbana;PIAZZA GIUSEPPE MAZZINI;in prossimit�;;del civico n.;25;;Scontro laterale fra veicoli in marcia;Rotatoria;Una carreggiata a senso unico di marcia;Asciutto;Asfaltata;Verticale ed orizzontale;Sereno;Normale;Buona;;0;0;0;3;12.4628;41.916;-1;1;Autovettura privata;In marcia / fermata / arresto;Passeggero;F;Illeso;0;;;
5567683;17;30/08/2021 17:45:00;Strada Urbana;PIAZZA GIUSEPPE MAZZINI;in prossimit�;;del civico n.;25;;Scontro laterale fra veicoli in marcia;Rotatoria;Una carreggiata a senso unico di marcia;Asciutto;Asfaltata;Verticale ed orizzontale;Sereno;Normale;Buona;;0;0;0;3;12.4628;41.916;-1;2;Autovettura privata;In marcia / fermata / arresto;Conducente;M;Illeso;0;;;
5567686;7;30/08/2021 11:40:00;Strada Urbana;VIA SALVIATI;all'intersezione con;VIA GUGLIELMO SANSONI;VIA GUGLIELMO SANSONI;;;Scontro frontale fra veicoli in marcia;Incrocio;Una carreggiata a doppio senso;Asciutto;Asfaltata;Verticale ed orizzontale;Sereno;Normale;Buona;;2;0;0;4;12.5832;41.9068;-1;1;Autovettura privata;In marcia / fermata / arresto;Conducente;F;Rimandato;0;NON DECEDUTO;Non accertato;Inesploso
5567686;7;30/08/2021 11:40:00;Strada Urbana;VIA SALVIATI;all'intersezione con;VIA GUGLIELMO SANSONI;VIA GUGLIELMO SANSONI;;;Scontro frontale fra veicoli in marcia;Incrocio;Una carreggiata a doppio senso;Asciutto;Asfaltata;Verticale ed orizzontale;Sereno;Normale;Buona;;2;0;0;4;12.5832;41.9068;-1;2;Autovettura privata;In marcia / fermata / arresto;Conducente;M;Illeso;0;;Non accertato;Inesploso
5567686;7;30/08/2021 11:40:00;Strada Urbana;VIA SALVIATI;all'intersezione con;VIA GUGLIELMO SANSONI;VIA GUGLIELMO SANSONI;;;Scontro frontale fra veicoli in marcia;Incrocio;Una carreggiata a doppio senso;Asciutto;Asfaltata;Verticale ed orizzontale;Sereno;Normale;Buona;;2;0;0;4;12.5832;41.9068;-1;2;Autovettura privata;In marcia / fermata / arresto;Passeggero;F;Illeso;0;;Non accertato;Inesploso
5567686;7;30/08/2021 11:40:00;Strada Urbana;VIA SALVIATI;all'intersezione con;VIA GUGLIELMO SANSONI;VIA GUGLIELMO SANSONI;;;Scontro frontale fra veicoli in marcia;Incrocio;Una carreggiata a doppio senso;Asciutto;Asfaltata;Verticale ed orizzontale;Sereno;Normale;Buona;;2;0;0;4;12.5832;41.9068;-1;2;Autovettura privata;In marcia / fermata / arresto;Passeggero;F;Rimandato;0;NON DECEDUTO;Non accertato;Inesploso
5567686;7;30/08/2021 11:40:00;Strada Urbana;VIA SALVIATI;all'intersezione con;VIA GUGLIELMO SANSONI;VIA GUGLIELMO SANSONI;;;Scontro frontale fra veicoli in marcia;Incrocio;Una carreggiata a doppio senso;Asciutto;Asfaltata;Verticale ed orizzontale;Sereno;Normale;Buona;;2;0;0;4;12.5832;41.9068;-1;2;Autovettura privata;In marcia / fermata / arresto;Passeggero;F;Illeso;0;;Non accertato;Inesploso
5567686;7;30/08/2021 11:40:00;Strada Urbana;VIA SALVIATI;all'intersezione con;VIA GUGLIELMO SANSONI;VIA GUGLIELMO SANSONI;;;Scontro frontale fra veicoli in marcia;Incrocio;Una carreggiata a doppio senso;Asciutto;Asfaltata;Verticale ed orizzontale;Sereno;Normale;Buona;;2;0;0;4;12.5832;41.9068;-1;2;Autovettura privata;In marcia / fermata / arresto;Passeggero;M;Illeso;0;;Non accertato;Inesploso
5567718;18;30/08/2021 11:00:00;Strada Urbana;VIA DI TORREVECCHIA;in corrispondenza;;del civico n.;871;;Veicolo in marcia contro veicolo in sosta;Rettilineo;Due carreggiate;Asciutto;Asfaltata;Verticale ed orizzontale;Sereno;Normale;Buona;;0;0;0;1;12.4084;41.9167;-1;1;Autovettura privata;In marcia / fermata / arresto;Conducente;M;Illeso;0;;;
5567718;18;30/08/2021 11:00:00;Strada Urbana;VIA DI TORREVECCHIA;in corrispondenza;;del civico n.;871;;Veicolo in marcia contro veicolo in sosta;Rettilineo;Due carreggiate;Asciutto;Asfaltata;Verticale ed orizzontale;Sereno;Normale;Buona;;0;0;0;1;12.4084;41.9167;-1;2;Autovettura privata;Sosta;;;;;;;
5567740;7;30/08/2021 20:30:00;Strada Urbana;VIA PRENESTINA;in prossimit�;;del civico n.;580;;Tamponamento;Rettilineo;Una carreggiata a doppio senso;Asciutto;Asfaltata;Orizzontale;Sereno;Scarso;Sufficiente;;2;0;0;1;12.5789;41.8941;-1;1;Autovettura privata;In marcia / fermata / arresto;Conducente;M;Illeso;0;;Non accertato;Inesploso
5567740;7;30/08/2021 20:30:00;Strada Urbana;VIA PRENESTINA;in prossimit�;;del civico n.;580;;Tamponamento;Rettilineo;Una carreggiata a doppio senso;Asciutto;Asfaltata;Orizzontale;Sereno;Scarso;Sufficiente;;2;0;0;1;12.5789;41.8941;-1;2;Autovettura privata;In marcia / fermata / arresto;Conducente;M;Rimandato;0;NON DECEDUTO;Non accertato;Inesploso
5567740;7;30/08/2021 20:30:00;Strada Urbana;VIA PRENESTINA;in prossimit�;;del civico n.;580;;Tamponamento;Rettilineo;Una carreggiata a doppio senso;Asciutto;Asfaltata;Orizzontale;Sereno;Scarso;Sufficiente;;2;0;0;1;12.5789;41.8941;-1;2;Autovettura privata;In marcia / fermata / arresto;Passeggero;F;Rimandato;0;NON DECEDUTO;Non accertato;Inesploso
5567745;3;30/08/2021 11:20:00;Strada Urbana;VIA GIOVANNI MARIA LANCISI;in prossimit�;;del civico n.;31a;;Veicolo in marcia contro veicolo fermo;Rettilineo;Una carreggiata a senso unico di marcia;Asciutto;Asfaltata;Verticale ed orizzontale;Sereno;Scarso;Buona;;0;0;0;0;;;0;1;Autovettura privata;Sosta;;;;;;;
5567745;3;30/08/2021 11:20:00;Strada Urbana;VIA GIOVANNI MARIA LANCISI;in prossimit�;;del civico n.;31a;;Veicolo in marcia contro veicolo fermo;Rettilineo;Una carreggiata a senso unico di marcia;Asciutto;Asfaltata;Verticale ed orizzontale;Sereno;Scarso;Buona;;0;0;0;0;;;0;2;Autovettura privata;In marcia / fermata / arresto;;;;;;;
5567749;1;31/08/2021 09:01:00;;PIAZZA NICOSIA;da specificare;;;;fronte civico 13;Infortunio per caduta del veicolo;;;;;;;;;;0;0;0;1;;;0;1;Motociclo a solo;In marcia / fermata / arresto;Conducente;M;Illeso;0;;;
5567749;1;31/08/2021 09:01:00;;PIAZZA NICOSIA;da specificare;;;;fronte civico 13;Infortunio per caduta del veicolo;;;;;;;;;;0;0;0;1;;;0;2;Autovettura privata;Allontanatosi;;;;;;;
5567760;1;31/08/2021 09:40:00;Strada Urbana;LUNGOTEVERE AVENTINO;da specificare;;;;fronte Ponte Palatino;Scontro laterale fra veicoli in marcia;Rettilineo;Una carreggiata a senso unico di marcia;Asciutto;Asfaltata;Verticale ed orizzontale;Sereno;Intenso;Sufficiente;;0;0;0;3;12.4803;41.889;-1;1;Autovettura privata;In marcia / fermata / arresto;Conducente;M;Illeso;0;;Non accertato;Inesploso
5567760;1;31/08/2021 09:40:00;Strada Urbana;LUNGOTEVERE AVENTINO;da specificare;;;;fronte Ponte Palatino;Scontro laterale fra veicoli in marcia;Rettilineo;Una carreggiata a senso unico di marcia;Asciutto;Asfaltata;Verticale ed orizzontale;Sereno;Intenso;Sufficiente;;0;0;0;3;12.4803;41.889;-1;1;Autovettura privata;In marcia / fermata / arresto;Passeggero;F;Illeso;0;;Non accertato;Inesploso
5567760;1;31/08/2021 09:40:00;Strada Urbana;LUNGOTEVERE AVENTINO;da specificare;;;;fronte Ponte Palatino;Scontro laterale fra veicoli in marcia;Rettilineo;Una carreggiata a senso unico di marcia;Asciutto;Asfaltata;Verticale ed orizzontale;Sereno;Intenso;Sufficiente;;0;0;0;3;12.4803;41.889;-1;2;Motociclo a solo;In marcia / fermata / arresto;Conducente;M;Illeso;0;;Non accertato;
5567761;18;31/08/2021 05:45:00;Strada Urbana;VIA BONIFACIO VIII;in corrispondenza;;del civico n.;8;;Veicolo in marcia contro veicolo in sosta;Rettilineo;Una carreggiata a doppio senso;Asciutto;Asfaltata;Verticale;Sereno;Scarso;Buona;;0;0;0;1;12.453;41.899;-1;1;Autocarro inferiore 35 q.;In marcia / fermata / arresto;Conducente;M;Illeso;0;;Non accertato;Inesploso
5567761;18;31/08/2021 05:45:00;Strada Urbana;VIA BONIFACIO VIII;in corrispondenza;;del civico n.;8;;Veicolo in marcia contro veicolo in sosta;Rettilineo;Una carreggiata a doppio senso;Asciutto;Asfaltata;Verticale;Sereno;Scarso;Buona;;0;0;0;1;12.453;41.899;-1;2;Autovettura privata;Sosta;;;;;;;
5567802;18;31/08/2021 03:00:00;Strada Urbana;VIA ANASTASIO II;in corrispondenza;;del civico n.;143;;Veicolo in marcia contro veicolo in sosta;Rettilineo;Due carreggiate;Asciutto;Asfaltata;Verticale ed orizzontale;Sereno;Scarso;Buona;;0;0;0;1;12.442;41.8975;-1;1;Autovettura privata;In marcia / fermata / arresto;Conducente;F;Illeso;0;;;
5567802;18;31/08/2021 03:00:00;Strada Urbana;VIA ANASTASIO II;in corrispondenza;;del civico n.;143;;Veicolo in marcia contro veicolo in sosta;Rettilineo;Due carreggiate;Asciutto;Asfaltata;Verticale ed orizzontale;Sereno;Scarso;Buona;;0;0;0;1;12.442;41.8975;-1;2;Autovettura privata;Sosta;;;;;;;
5567829;7;30/08/2021 11:51:00;Strada Urbana;VIA VINCENZO CESATI;all'intersezione con;VIA GIACOMO BRESADOLA;VIA GIACOMO BRESADOLA;;;Veicolo in marcia contro veicolo fermo;Intersezione stradale segnalata;Una carreggiata a senso unico di marcia;Asciutto;Asfaltata;Verticale ed orizzontale;Sereno;Normale;Buona;;0;0;0;3;12.5613;41.8931;-1;1;Autovettura privata;In marcia / fermata / arresto;Conducente;M;Illeso;0;;Non accertato;Inesploso
5567829;7;30/08/2021 11:51:00;Strada Urbana;VIA VINCENZO CESATI;all'intersezione con;VIA GIACOMO BRESADOLA;VIA GIACOMO BRESADOLA;;;Veicolo in marcia contro veicolo fermo;Intersezione stradale segnalata;Una carreggiata a senso unico di marcia;Asciutto;Asfaltata;Verticale ed orizzontale;Sereno;Normale;Buona;;0;0;0;3;12.5613;41.8931;-1;1;Autovettura privata;In marcia / fermata / arresto;Passeggero;F;Illeso;0;;Non accertato;Inesploso
5567829;7;30/08/2021 11:51:00;Strada Urbana;VIA VINCENZO CESATI;all'intersezione con;VIA GIACOMO BRESADOLA;VIA GIACOMO BRESADOLA;;;Veicolo in marcia contro veicolo fermo;Intersezione stradale segnalata;Una carreggiata a senso unico di marcia;Asciutto;Asfaltata;Verticale ed orizzontale;Sereno;Normale;Buona;;0;0;0;3;12.5613;41.8931;-1;2;Motociclo a solo;In marcia / fermata / arresto;Conducente;M;Illeso;0;;Non accertato;
5567863;17;30/08/2021 20:15:00;Strada Urbana;CIRCONVALLAZIONE CLODIA;all'intersezione semaforizzata con;VIA TEULADA;VIA TEULADA;;;Tamponamento;Intersezione semaforizzata;Due carreggiate;Asciutto;Asfaltata;Verticale ed orizzontale;Sereno;Scarso;Sufficiente;;0;0;0;2;12.4561;41.9181;-1;1;Autovettura privata;In marcia / fermata / arresto;Conducente;M;Illeso;0;;;
5567863;17;30/08/2021 20:15:00;Strada Urbana;CIRCONVALLAZIONE CLODIA;all'intersezione semaforizzata con;VIA TEULADA;VIA TEULADA;;;Tamponamento;Intersezione semaforizzata;Due carreggiate;Asciutto;Asfaltata;Verticale ed orizzontale;Sereno;Scarso;Sufficiente;;0;0;0;2;12.4561;41.9181;-1;2;Autovettura privata;In marcia / fermata / arresto;Conducente;M;Illeso;0;;;
5567992;6;31/08/2021 11:35:00;Strada Urbana;VIALE FILARETE;in corrispondenza;;del civico n.;267;;Veicolo in marcia contro veicolo in sosta;Rettilineo;Una carreggiata a senso unico di marcia;Asciutto;Asfaltata;Verticale ed orizzontale;Sereno;Scarso;Buona;;0;0;0;1;12.5399;41.8756;-1;1;Autocarro inferiore 35 q.;In marcia / fermata / arresto;Conducente;M;Illeso;0;;Non accertato;Inesploso
5567992;6;31/08/2021 11:35:00;Strada Urbana;VIALE FILARETE;in corrispondenza;;del civico n.;267;;Veicolo in marcia contro veicolo in sosta;Rettilineo;Una carreggiata a senso unico di marcia;Asciutto;Asfaltata;Verticale ed orizzontale;Sereno;Scarso;Buona;;0;0;0;1;12.5399;41.8756;-1;2;Autovettura privata;Sosta;;;;;;;
5568021;2;31/08/2021 12:30:00;Strada Urbana;CORSO TRIESTE;da specificare;;;;prossimit� civico 216;Scontro laterale fra veicoli in marcia;Curva a visuale libera;Due carreggiate;Asciutto;Asfaltata;Verticale ed orizzontale;Sereno;Normale;Buona;;0;0;0;3;12.5094;41.9204;-1;1;Autovettura privata;In marcia / fermata / arresto;Conducente;F;Illeso;0;;;
5568021;2;31/08/2021 12:30:00;Strada Urbana;CORSO TRIESTE;da specificare;;;;prossimit� civico 216;Scontro laterale fra veicoli in marcia;Curva a visuale libera;Due carreggiate;Asciutto;Asfaltata;Verticale ed orizzontale;Sereno;Normale;Buona;;0;0;0;3;12.5094;41.9204;-1;2;Autovettura privata;In marcia / fermata / arresto;Conducente;M;Illeso;0;;;
5568021;2;31/08/2021 12:30:00;Strada Urbana;CORSO TRIESTE;da specificare;;;;prossimit� civico 216;Scontro laterale fra veicoli in marcia;Curva a visuale libera;Due carreggiate;Asciutto;Asfaltata;Verticale ed orizzontale;Sereno;Normale;Buona;;0;0;0;3;12.5094;41.9204;-1;2;Autovettura privata;In marcia / fermata / arresto;Passeggero;F;Illeso;0;;;
5568022;9;31/08/2021 13:00:00;;VIA AOSTA;all'intersezione semaforizzata con;VIA TARANTO;VIA TARANTO;;;Scontro laterale fra veicoli in marcia;;;;;;;;;;0;0;0;1;;;0;1;Autovettura privata;In marcia / fermata / arresto;Conducente;M;Illeso;0;;;
5568022;9;31/08/2021 13:00:00;;VIA AOSTA;all'intersezione semaforizzata con;VIA TARANTO;VIA TARANTO;;;Scontro laterale fra veicoli in marcia;;;;;;;;;;0;0;0;1;;;0;2;Autovettura privata;In marcia / fermata / arresto;Conducente;;Illeso;0;;;
5568026;6;31/08/2021 08:20:00;Strada Urbana;VIA ALBERTO DA GIUSSANO;all'intersezione con;VIA CONTE DI CARMAGNOLA;VIA CONTE DI CARMAGNOLA;;;Scontro frontale/laterale SX fra veicoli in marcia;Incrocio;Una carreggiata a doppio senso;Asciutto;Asfaltata;Verticale ed orizzontale;Sereno;Normale;Sufficiente;;0;0;0;3;12.5346;41.8903;-1;1;Autovettura privata;In marcia / fermata / arresto;Conducente;F;Illeso;0;;;
5568026;6;31/08/2021 08:20:00;Strada Urbana;VIA ALBERTO DA GIUSSANO;all'intersezione con;VIA CONTE DI CARMAGNOLA;VIA CONTE DI CARMAGNOLA;;;Scontro frontale/laterale SX fra veicoli in marcia;Incrocio;Una carreggiata a doppio senso;Asciutto;Asfaltata;Verticale ed orizzontale;Sereno;Normale;Sufficiente;;0;0;0;3;12.5346;41.8903;-1;2;Autovettura privata;In marcia / fermata / arresto;Conducente;M;Illeso;0;;;
5568026;6;31/08/2021 08:20:00;Strada Urbana;VIA ALBERTO DA GIUSSANO;all'intersezione con;VIA CONTE DI CARMAGNOLA;VIA CONTE DI CARMAGNOLA;;;Scontro frontale/laterale SX fra veicoli in marcia;Incrocio;Una carreggiata a doppio senso;Asciutto;Asfaltata;Verticale ed orizzontale;Sereno;Normale;Sufficiente;;0;0;0;3;12.5346;41.8903;-1;2;Autovettura privata;In marcia / fermata / arresto;Passeggero;M;Illeso;0;;;